-- --------------------------------------------------------
-- Host:                         localhost
-- Server version:               5.5.8 - MySQL Community Server (GPL)
-- Server OS:                    Win32
-- HeidiSQL version:             7.0.0.4053
-- Date/time:                    2012-06-26 10:24:19
-- --------------------------------------------------------

/*!40101 SET @OLD_CHARACTER_SET_CLIENT=@@CHARACTER_SET_CLIENT */;
/*!40101 SET NAMES utf8 */;
/*!40014 SET FOREIGN_KEY_CHECKS=0 */;

-- Dumping structure for table zenoir.tbl_activities
CREATE TABLE IF NOT EXISTS `tbl_activities` (
  `activity_id` int(10) NOT NULL AUTO_INCREMENT,
  `activity` varchar(50) NOT NULL,
  PRIMARY KEY (`activity_id`)
) ENGINE=InnoDB AUTO_INCREMENT=23 DEFAULT CHARSET=latin1 COMMENT='stores the general actions that can be performed in the system';

-- Dumping data for table zenoir.tbl_activities: ~22 rows (approximately)
/*!40000 ALTER TABLE `tbl_activities` DISABLE KEYS */;
INSERT INTO `tbl_activities` (`activity_id`, `activity`) VALUES
	(1, 'login'),
	(2, 'logout'),
	(3, 'enter classroom'),
	(4, 'view assignment'),
	(5, 'view quiz'),
	(6, 'view handout'),
	(7, 'download file'),
	(8, 'create session'),
	(9, 'create assignment'),
	(10, 'create handout'),
	(11, 'create quiz'),
	(12, 'responded to assignment'),
	(13, 'responded to quiz'),
	(14, 'view assignment response'),
	(15, 'view quiz scores'),
	(16, 'take quiz'),
	(17, 'create group'),
	(18, 'update group'),
	(19, 'update account'),
	(20, 'accept group invite'),
	(21, 'decline group invite'),
	(22, 'join session');
/*!40000 ALTER TABLE `tbl_activities` ENABLE KEYS */;


-- Dumping structure for table zenoir.tbl_activitylog
CREATE TABLE IF NOT EXISTS `tbl_activitylog` (
  `log_id` int(10) NOT NULL AUTO_INCREMENT,
  `user_id` varchar(50) NOT NULL,
  `class_id` varchar(50) NOT NULL,
  `activity_id` int(11) NOT NULL,
  `activity_details` varchar(50) NOT NULL,
  `act_datetime` timestamp NOT NULL DEFAULT CURRENT_TIMESTAMP,
  PRIMARY KEY (`log_id`),
  KEY `FK_tbl_activitylog_tbl_users` (`user_id`)
) ENGINE=InnoDB AUTO_INCREMENT=1132 DEFAULT CHARSET=latin1 COMMENT='Stores the activity performed by students and teachers';

-- Dumping data for table zenoir.tbl_activitylog: ~1,041 rows (approximately)
/*!40000 ALTER TABLE `tbl_activitylog` DISABLE KEYS */;
INSERT INTO `tbl_activitylog` (`log_id`, `user_id`, `class_id`, `activity_id`, `activity_details`, `act_datetime`) VALUES
	(1, '1', '1', 1, 'LI22', '2012-04-20 20:10:49'),
	(2, '1', '1', 1, 'LI22', '2012-04-20 21:00:05'),
	(3, '1', '1', 1, 'LI22', '2012-04-20 21:01:22'),
	(4, '1', '1', 19, 'UA1', '2012-04-20 21:01:33'),
	(5, '1', '1', 19, 'UA1', '2012-04-20 21:01:41'),
	(6, '72', '', 1, 'LI', '2012-04-27 22:47:13'),
	(7, '72', '', 2, 'LO', '2012-04-27 22:47:17'),
	(8, '1', '', 1, 'LI', '2012-04-27 22:47:20'),
	(9, '1', '', 1, 'LI', '2012-04-30 13:21:24'),
	(10, '72', '', 1, 'LI', '2012-04-30 13:25:30'),
	(11, '72', '1', 3, 'EC', '2012-04-30 13:25:33'),
	(12, '72', '1', 3, 'EC', '2012-04-30 13:25:50'),
	(13, '72', '1', 2, 'LO', '2012-04-30 13:32:26'),
	(14, '174', '', 1, 'LI', '2012-04-30 13:32:31'),
	(15, '174', '1', 3, 'EC', '2012-04-30 13:33:35'),
	(16, '174', '1', 3, 'EC', '2012-04-30 13:34:31'),
	(17, '174', '1', 2, 'LO', '2012-04-30 13:34:50'),
	(18, '72', '', 1, 'LI', '2012-04-30 13:34:54'),
	(19, '72', '1', 3, 'EC', '2012-04-30 13:34:55'),
	(20, '72', '1', 9, 'AS', '2012-04-30 13:35:11'),
	(21, '72', '1', 4, 'AS1', '2012-04-30 13:35:14'),
	(22, '72', '1', 10, 'CH1', '2012-04-30 13:36:05'),
	(23, '72', '1', 6, 'HO1', '2012-04-30 13:36:07'),
	(24, '72', '1', 6, 'HO1', '2012-04-30 13:36:11'),
	(25, '72', '1', 6, 'HO1', '2012-04-30 13:36:14'),
	(26, '72', '1', 11, 'QZ1', '2012-04-30 13:37:03'),
	(27, '72', '1', 5, 'QZ1', '2012-04-30 13:37:06'),
	(28, '72', '1', 3, 'EC174', '2012-04-30 13:37:34'),
	(29, '72', '1', 19, 'UA72', '2012-04-30 13:42:27'),
	(30, '72', '1', 2, 'LO174', '2012-04-30 13:42:35'),
	(31, '72', '', 1, 'LI', '2012-04-30 13:42:46'),
	(32, '72', '', 2, 'LO', '2012-04-30 13:43:08'),
	(33, '1', '', 1, 'LI', '2012-04-30 13:43:12'),
	(34, 'Squid', '', 1, 'LISquid', '2012-04-30 13:45:57'),
	(35, 'Amy', '', 1, 'LISquid', '2012-04-30 13:46:09'),
	(36, 'Amy', '', 2, 'LOSquid', '2012-04-30 13:46:12'),
	(37, '1', '', 1, 'LI', '2012-04-30 13:46:17'),
	(38, 'Naruto', '', 1, 'LI', '2012-04-30 13:47:17'),
	(39, '1', '', 1, 'LI', '2012-04-30 13:47:43'),
	(40, 'Naruto', '', 1, 'LI1', '2012-04-30 13:47:56'),
	(41, 'Naruto', '', 2, 'LO1', '2012-04-30 13:47:59'),
	(42, '1', '', 1, 'LI', '2012-04-30 13:48:19'),
	(43, 'Freo', '2', 1, 'LI1', '2012-04-30 13:54:25'),
	(44, 'Freo', '1', 2, 'LO1', '2012-04-30 13:54:37'),
	(45, 'funk', '', 1, 'LI', '2012-04-30 13:54:56'),
	(46, 'funk', '1', 3, 'EC', '2012-04-30 13:56:12'),
	(47, 'funk', '1', 2, 'LO', '2012-04-30 13:56:42'),
	(48, '72', '', 1, 'LI', '2012-04-30 13:57:06'),
	(49, 'Gai', '', 1, 'LI', '2012-04-30 13:57:32'),
	(50, '72', '1', 17, 'CG1', '2012-04-30 13:58:52'),
	(51, '72', '1', 18, 'UG1', '2012-04-30 13:59:12'),
	(52, '72', '1', 9, 'AS1', '2012-04-30 14:00:39'),
	(53, '72', '1', 4, 'AS2', '2012-04-30 14:00:58'),
	(54, '72', '1', 4, 'AS2', '2012-04-30 14:01:03'),
	(55, '72', '1', 4, 'AS1', '2012-04-30 14:01:08'),
	(56, 'Gai', '', 2, 'LO', '2012-04-30 14:04:29'),
	(57, '174', '', 1, 'LI', '2012-04-30 14:04:33'),
	(58, '174', '1', 3, 'EC', '2012-04-30 14:04:43'),
	(59, '72', '1', 11, 'QZ1', '2012-04-30 14:06:10'),
	(60, '72', '1', 11, 'QZ1', '2012-04-30 14:08:42'),
	(61, '72', '1', 5, 'QZ3', '2012-04-30 14:09:10'),
	(62, '72', '1', 10, 'CH3', '2012-04-30 14:10:19'),
	(63, '72', '1', 6, 'HO2', '2012-04-30 14:10:53'),
	(64, '72', '1', 6, 'HO2', '2012-04-30 14:10:57'),
	(65, '174', '1', 6, 'HO2', '2012-04-30 14:11:06'),
	(66, '72', '1', 6, 'HO2', '2012-04-30 14:11:10'),
	(67, '72', '1', 8, 'CS2', '2012-04-30 14:14:41'),
	(68, '174', '1', 22, 'JS1', '2012-04-30 14:15:43'),
	(69, '174', '1', 22, 'JS1', '2012-04-30 14:15:54'),
	(70, '72', '1', 22, 'JS1', '2012-04-30 14:16:09'),
	(71, '174', '1', 4, 'AS2', '2012-04-30 14:17:21'),
	(72, '174', '1', 12, 'AR2', '2012-04-30 14:17:36'),
	(73, '174', '1', 4, 'AS2', '2012-04-30 14:17:41'),
	(74, '174', '1', 14, 'AR1', '2012-04-30 14:17:43'),
	(75, '174', '1', 14, 'AR2', '2012-04-30 14:17:49'),
	(76, '174', '1', 4, 'AS', '2012-04-30 14:17:53'),
	(77, '174', '1', 4, 'AS', '2012-04-30 14:17:58'),
	(78, '174', '1', 4, 'AS2', '2012-04-30 14:18:01'),
	(79, '174', '1', 4, 'AS1', '2012-04-30 14:18:08'),
	(80, '174', '1', 4, 'AS2', '2012-04-30 14:18:12'),
	(81, '174', '1', 14, 'AR1', '2012-04-30 14:18:13'),
	(82, '174', '1', 4, 'AS2', '2012-04-30 14:18:15'),
	(83, '174', '1', 14, 'AR1', '2012-04-30 14:18:17'),
	(84, '174', '1', 4, 'AS2', '2012-04-30 14:18:19'),
	(85, '174', '1', 4, 'AS2', '2012-04-30 14:18:23'),
	(86, '174', '1', 14, 'AR1', '2012-04-30 14:18:23'),
	(87, '174', '1', 4, 'AS2', '2012-04-30 14:18:25'),
	(88, '174', '1', 16, 'QZ1', '2012-04-30 14:20:37'),
	(89, '174', '1', 4, 'AS1', '2012-04-30 14:21:25'),
	(90, '174', '1', 4, 'AS1', '2012-04-30 14:22:51'),
	(91, '174', '1', 13, 'QR1', '2012-04-30 14:24:37'),
	(92, '174', '1', 2, 'LO1', '2012-04-30 14:26:28'),
	(93, 'Gai', '', 1, 'LI', '2012-04-30 14:26:33'),
	(94, 'Gai', '', 2, 'LO', '2012-04-30 14:27:10'),
	(95, '174', '', 1, 'LI', '2012-04-30 14:27:15'),
	(96, '174', '1', 3, 'EC', '2012-04-30 14:31:13'),
	(97, '174', '1', 20, 'AG1', '2012-04-30 14:33:59'),
	(98, '72', '1', 2, 'LO1', '2012-04-30 14:35:49'),
	(99, '1', '', 1, 'LI', '2012-04-30 14:35:52'),
	(100, '72', '', 1, 'LI', '2012-04-30 14:38:22'),
	(101, '72', '1', 3, 'EC', '2012-04-30 14:38:26'),
	(102, '72', '3', 3, 'EC', '2012-04-30 14:39:00'),
	(103, '72', '3', 6, 'HO3', '2012-04-30 14:39:16'),
	(104, '72', '3', 6, 'HO3', '2012-04-30 14:39:19'),
	(105, '72', '3', 6, 'HO4', '2012-04-30 14:39:22'),
	(106, '72', '3', 6, 'HO4', '2012-04-30 14:39:24'),
	(107, '72', '3', 6, 'HO3', '2012-04-30 14:39:32'),
	(108, '72', '3', 17, 'CG2', '2012-04-30 14:41:41'),
	(109, '72', '3', 8, 'CS3', '2012-04-30 14:43:21'),
	(110, '174', '1', 2, 'LO1', '2012-04-30 14:44:11'),
	(111, '174', '', 1, 'LI', '2012-04-30 14:44:16'),
	(112, '174', '3', 3, 'EC', '2012-04-30 14:44:17'),
	(113, '174', '3', 22, 'JS2', '2012-04-30 14:44:21'),
	(114, '72', '3', 8, 'CS3', '2012-04-30 14:45:01'),
	(115, '174', '3', 22, 'JS3', '2012-04-30 14:45:21'),
	(116, '72', '3', 22, 'JS3', '2012-04-30 14:45:30'),
	(117, '72', '3', 3, 'EC174', '2012-04-30 14:46:37'),
	(118, '72', '1', 3, 'EC174', '2012-04-30 14:46:47'),
	(119, '72', '1', 3, 'EC174', '2012-04-30 14:46:52'),
	(120, '174', '3', 2, 'LO3', '2012-04-30 14:48:03'),
	(121, 'funk', '', 1, 'LI', '2012-04-30 14:48:07'),
	(122, '72', '1', 2, 'LO174', '2012-04-30 14:48:29'),
	(123, '1', '', 1, 'LI', '2012-04-30 14:48:36'),
	(124, '72', '', 1, 'LI', '2012-04-30 14:49:49'),
	(125, '72', '4', 3, 'EC', '2012-04-30 14:49:57'),
	(126, '72', '1', 3, 'EC', '2012-04-30 14:50:15'),
	(127, 'funk', '1', 3, 'EC72', '2012-04-30 14:51:47'),
	(128, 'funk', '1', 6, 'HO2', '2012-04-30 14:51:50'),
	(129, 'funk', '1', 6, 'HO1', '2012-04-30 14:52:19'),
	(130, 'funk', '1', 4, 'AS2', '2012-04-30 14:52:32'),
	(131, '72', '1', 4, 'AS2', '2012-04-30 14:56:05'),
	(132, 'funk', '1', 2, 'LO1', '2012-04-30 14:56:27'),
	(133, '174', '', 1, 'LI', '2012-04-30 14:56:32'),
	(134, '174', '1', 3, 'EC', '2012-04-30 14:56:34'),
	(135, '174', '1', 2, 'LO1', '2012-04-30 14:56:48'),
	(136, 'funk', '', 1, 'LI', '2012-04-30 14:56:52'),
	(137, 'funk', '1', 3, 'EC', '2012-04-30 14:56:54'),
	(138, 'funk', '1', 2, 'LO2', '2012-04-30 14:58:02'),
	(139, 'Freo', '', 1, 'LI', '2012-04-30 14:58:07'),
	(140, 'Freo', '1', 3, 'EC', '2012-04-30 14:58:13'),
	(141, 'Freo', '1', 16, 'QZ2', '2012-04-30 14:58:37'),
	(142, 'Freo', '1', 13, 'QR2', '2012-04-30 14:58:44'),
	(143, 'Freo', '1', 2, 'LO2', '2012-04-30 14:59:04'),
	(144, '174', '', 1, 'LI', '2012-04-30 14:59:11'),
	(145, '174', '1', 3, 'EC', '2012-04-30 14:59:13'),
	(146, '174', '1', 16, 'QZ3', '2012-04-30 15:00:11'),
	(147, '174', '1', 13, 'QR3', '2012-04-30 15:00:23'),
	(148, '174', '1', 2, 'LO3', '2012-04-30 15:00:49'),
	(149, 'Freo', '', 1, 'LI', '2012-04-30 15:00:55'),
	(150, 'Freo', '1', 3, 'EC', '2012-04-30 15:00:56'),
	(151, 'Freo', '1', 2, 'LO3', '2012-04-30 15:01:12'),
	(152, 'funk', '', 1, 'LI', '2012-04-30 15:01:17'),
	(153, 'funk', '1', 3, 'EC', '2012-04-30 15:01:19'),
	(154, 'funk', '1', 16, 'QZ3', '2012-04-30 15:01:31'),
	(155, 'funk', '1', 13, 'QR3', '2012-04-30 15:01:38'),
	(156, 'funk', '1', 2, 'LO3', '2012-04-30 15:01:54'),
	(157, '174', '', 1, 'LI', '2012-04-30 15:01:58'),
	(158, '174', '1', 3, 'EC', '2012-04-30 15:02:01'),
	(159, '72', '1', 4, 'AS1', '2012-04-30 15:03:45'),
	(160, '72', '1', 4, 'AS1', '2012-04-30 15:03:48'),
	(161, '174', '1', 4, 'AS1', '2012-04-30 15:03:52'),
	(162, '174', '1', 4, 'AS1', '2012-04-30 15:03:53'),
	(163, '174', '1', 4, 'AS1', '2012-04-30 15:03:54'),
	(164, '174', '1', 4, 'AS2', '2012-04-30 15:04:04'),
	(165, '174', '1', 14, 'AR1', '2012-04-30 15:04:05'),
	(166, '72', '1', 4, 'AS1', '2012-04-30 15:04:11'),
	(167, '72', '1', 4, 'AS2', '2012-04-30 15:04:14'),
	(168, '72', '1', 14, 'AR1', '2012-04-30 15:04:18'),
	(169, '72', '1', 4, 'AS2', '2012-04-30 15:04:32'),
	(170, '72', '1', 5, 'QZ1', '2012-04-30 15:04:53'),
	(171, '72', '1', 5, 'QZ1', '2012-04-30 15:05:15'),
	(172, '72', '1', 5, 'QZ1', '2012-04-30 15:05:19'),
	(173, '72', '1', 5, 'QZ2', '2012-04-30 15:05:26'),
	(174, '72', '1', 5, 'QZ2', '2012-04-30 15:05:30'),
	(175, '72', '1', 5, 'QZ2', '2012-04-30 15:05:34'),
	(176, '72', '1', 5, 'QZ3', '2012-04-30 15:05:38'),
	(177, '72', '1', 5, 'QZ3', '2012-04-30 15:05:40'),
	(178, '72', '1', 5, 'QZ', '2012-04-30 15:05:44'),
	(179, '72', '1', 5, 'QZ3', '2012-04-30 15:05:48'),
	(180, '72', '1', 5, 'QZ', '2012-04-30 15:05:52'),
	(181, '72', '1', 5, 'QZ3', '2012-04-30 15:06:00'),
	(182, '72', '1', 5, 'QZ3', '2012-04-30 15:06:19'),
	(183, '72', '1', 5, 'QZ3', '2012-04-30 15:06:32'),
	(184, '72', '1', 2, 'LO3', '2012-04-30 15:06:48'),
	(185, '1', '', 1, 'LI', '2012-04-30 15:06:51'),
	(186, '174', '3', 2, 'LO1', '2012-04-30 15:07:30'),
	(187, '72', '', 1, 'LI', '2012-04-30 15:07:39'),
	(188, '72', '1', 3, 'EC', '2012-04-30 15:08:32'),
	(189, '174', '1', 1, 'LI', '2012-04-30 15:11:04'),
	(190, '174', '4', 3, 'EC', '2012-04-30 15:11:07'),
	(191, '174', '3', 3, 'EC', '2012-04-30 15:11:16'),
	(192, '72', '1', 3, 'EC1', '2012-04-30 15:42:43'),
	(193, '174', '1', 3, 'EC', '2012-04-30 15:43:49'),
	(194, '72', '1', 5, 'QZ2', '2012-04-30 15:54:31'),
	(195, '72', '1', 5, 'QZ3', '2012-04-30 15:54:36'),
	(196, '72', '1', 5, 'QZ3', '2012-04-30 15:54:38'),
	(197, '72', '1', 5, 'QZ3', '2012-04-30 15:54:42'),
	(198, '72', '1', 5, 'QZ1', '2012-04-30 15:54:45'),
	(199, '72', '1', 5, 'QZ3', '2012-04-30 15:58:17'),
	(200, '72', '1', 5, 'QZ2', '2012-04-30 15:58:22'),
	(201, '72', '1', 5, 'QZ1', '2012-04-30 15:58:25'),
	(202, '72', '1', 5, 'QZ1', '2012-04-30 16:00:54'),
	(203, '72', '1', 5, 'QZ1', '2012-04-30 16:01:16'),
	(204, '72', '1', 11, 'QZ1', '2012-04-30 16:02:09'),
	(205, '174', '1', 16, 'QZ4', '2012-04-30 16:03:05'),
	(206, '174', '1', 13, 'QR4', '2012-04-30 16:03:46'),
	(207, '72', '1', 5, 'QZ4', '2012-04-30 16:03:55'),
	(208, '72', '1', 5, 'QZ4', '2012-04-30 16:04:34'),
	(209, '72', '', 1, 'LI', '2012-05-01 16:09:33'),
	(210, '72', '3', 3, 'EC', '2012-05-01 16:10:46'),
	(211, '72', '4', 3, 'EC', '2012-05-01 16:10:53'),
	(212, '72', '3', 3, 'EC', '2012-05-01 16:10:59'),
	(213, '72', '3', 3, 'EC', '2012-05-01 16:11:04'),
	(214, '72', '3', 3, 'EC', '2012-05-01 16:11:13'),
	(215, '72', '4', 3, 'EC', '2012-05-01 16:11:18'),
	(216, '72', '3', 3, 'EC', '2012-05-01 16:11:21'),
	(217, '72', '3', 3, 'EC174', '2012-05-01 16:12:16'),
	(218, '72', '1', 3, 'EC174', '2012-05-01 16:12:22'),
	(219, '72', '1', 4, 'AS2', '2012-05-01 16:12:28'),
	(220, '72', '1', 4, 'AS2', '2012-05-01 16:12:30'),
	(221, '72', '1', 4, 'AS1', '2012-05-01 16:12:33'),
	(222, '72', '1', 4, 'AS2', '2012-05-01 16:12:40'),
	(223, '72', '1', 4, 'AS2', '2012-05-01 16:13:07'),
	(224, '72', '1', 4, 'AS2', '2012-05-01 16:13:15'),
	(225, '72', '1', 14, 'AR1', '2012-05-01 16:13:23'),
	(226, '72', '1', 4, 'AS2', '2012-05-01 16:13:26'),
	(227, '72', '1', 4, 'AS1', '2012-05-01 16:13:35'),
	(228, '72', '1', 4, 'AS1', '2012-05-01 16:13:39'),
	(229, '72', '1', 3, 'ECFreo', '2012-05-01 16:14:25'),
	(230, '72', '1', 3, 'ECfunk', '2012-05-01 16:14:31'),
	(231, '72', '1', 4, 'AS1', '2012-05-01 16:15:12'),
	(232, '72', '1', 6, 'HO2', '2012-05-01 16:15:22'),
	(233, '72', '1', 6, 'HO2', '2012-05-01 16:15:48'),
	(234, '72', '1', 6, 'HO1', '2012-05-01 16:15:51'),
	(235, '72', '1', 6, 'HO1', '2012-05-01 16:15:54'),
	(236, '72', '1', 6, 'HO1', '2012-05-01 16:15:58'),
	(237, '72', '1', 6, 'HO1', '2012-05-01 16:16:03'),
	(238, '174', '', 1, 'LI', '2012-05-01 16:16:55'),
	(239, '174', '1', 3, 'EC', '2012-05-01 16:16:59'),
	(240, '174', '1', 6, 'HO1', '2012-05-01 16:17:10'),
	(241, '174', '1', 6, 'HO1', '2012-05-01 16:17:19'),
	(242, '174', '1', 2, 'LO1', '2012-05-01 16:24:48'),
	(243, '72', '1', 2, 'LO1', '2012-05-01 16:44:33'),
	(244, '72', '', 1, 'LI', '2012-05-01 16:46:46'),
	(245, '72', '3', 3, 'EC', '2012-05-01 16:54:47'),
	(246, '72', '3', 2, 'LO', '2012-05-01 17:02:48'),
	(247, '72', '', 1, 'LI', '2012-05-01 17:04:11'),
	(248, '72', '3', 3, 'EC', '2012-05-01 17:07:10'),
	(249, '72', '1', 3, 'EC', '2012-05-01 17:14:44'),
	(250, '72', '1', 5, 'QZ1', '2012-05-01 17:14:49'),
	(251, '72', '1', 5, 'QZ1', '2012-05-01 17:14:56'),
	(252, '72', '3', 3, 'EC1', '2012-05-01 17:54:05'),
	(253, '72', '4', 3, 'EC1', '2012-05-01 17:54:07'),
	(254, '72', '3', 3, 'EC1', '2012-05-01 17:54:12'),
	(255, '72', '1', 3, 'EC1', '2012-05-01 17:54:16'),
	(256, '72', '1', 22, 'JS1', '2012-05-01 17:57:12'),
	(257, '72', '1', 22, 'JS1', '2012-05-01 17:57:24'),
	(258, '72', '1', 22, 'JS1', '2012-05-01 17:58:32'),
	(259, '72', '1', 6, 'HO1', '2012-05-01 18:00:45'),
	(260, '72', '1', 6, 'HO2', '2012-05-01 18:00:48'),
	(261, '72', '1', 6, 'HO2', '2012-05-01 18:00:51'),
	(262, '72', '1', 6, 'HO1', '2012-05-01 18:00:54'),
	(263, '72', '1', 6, 'HO1', '2012-05-01 18:00:57'),
	(264, '72', '1', 6, 'HO1', '2012-05-01 18:01:01'),
	(265, '72', '1', 6, 'HO1', '2012-05-01 18:01:06'),
	(266, '174', '', 1, 'LI', '2012-05-01 18:01:17'),
	(267, '174', '1', 3, 'EC', '2012-05-01 18:01:20'),
	(268, '72', '1', 6, 'HO2', '2012-05-01 18:10:30'),
	(269, '174', '1', 6, 'HO2', '2012-05-01 18:11:11'),
	(270, '174', '1', 6, 'HO2', '2012-05-01 18:13:35'),
	(271, '174', '1', 6, 'HO1', '2012-05-01 18:13:38'),
	(272, '174', '1', 6, 'HO2', '2012-05-01 18:13:39'),
	(273, '174', '1', 6, 'HO1', '2012-05-01 18:13:41'),
	(274, '174', '1', 6, 'HO1', '2012-05-01 18:13:55'),
	(275, '174', '1', 6, 'HO2', '2012-05-01 18:13:57'),
	(276, '174', '1', 6, 'HO2', '2012-05-01 18:14:08'),
	(277, '174', '1', 6, 'HO1', '2012-05-01 18:14:13'),
	(278, '72', '1', 4, 'AS1', '2012-05-01 18:16:50'),
	(279, '72', '1', 4, 'AS2', '2012-05-01 18:16:52'),
	(280, '72', '1', 4, 'AS1', '2012-05-01 18:16:54'),
	(281, '72', '1', 4, 'AS2', '2012-05-01 18:16:56'),
	(282, '72', '1', 4, 'AS1', '2012-05-01 18:16:58'),
	(283, '72', '1', 5, 'QZ1', '2012-05-01 18:19:00'),
	(284, '72', '1', 5, 'QZ2', '2012-05-01 18:19:04'),
	(285, '72', '1', 5, 'QZ3', '2012-05-01 18:19:08'),
	(286, '72', '1', 5, 'QZ3', '2012-05-01 18:19:12'),
	(287, '72', '1', 5, 'QZ1', '2012-05-01 18:20:02'),
	(288, '72', '1', 5, 'QZ1', '2012-05-01 18:21:30'),
	(289, '72', '1', 5, 'QZ1', '2012-05-01 18:21:39'),
	(290, '72', '1', 5, 'QZ1', '2012-05-01 18:22:34'),
	(291, '72', '1', 5, 'QZ1', '2012-05-01 18:22:59'),
	(292, '1', '', 1, 'LI', '2012-05-01 20:28:09'),
	(293, '1', '', 19, 'UA1', '2012-05-01 20:28:32'),
	(294, '1', '', 1, 'LI', '2012-05-01 20:34:08'),
	(295, '1', '', 1, 'LI', '2012-05-01 20:35:49'),
	(296, '72', '', 1, 'LI', '2012-05-01 20:39:44'),
	(297, '72', '3', 3, 'EC', '2012-05-01 20:39:51'),
	(298, '72', '4', 3, 'EC', '2012-05-01 20:39:55'),
	(299, '72', '1', 3, 'EC', '2012-05-01 20:40:00'),
	(300, '72', '1', 9, 'AS', '2012-05-01 20:40:15'),
	(301, '72', '1', 4, 'AS3', '2012-05-01 20:41:03'),
	(302, '72', '1', 4, 'AS3', '2012-05-01 20:41:12'),
	(303, '72', '1', 4, 'AS3', '2012-05-01 20:41:16'),
	(304, '72', '1', 4, 'AS', '2012-05-01 20:41:20'),
	(305, '72', '1', 4, 'AS', '2012-05-01 20:41:23'),
	(306, '72', '1', 4, 'AS3', '2012-05-01 20:45:50'),
	(307, '72', '1', 4, 'AS', '2012-05-01 20:45:57'),
	(308, '72', '1', 4, 'AS3', '2012-05-01 20:46:09'),
	(309, '72', '1', 4, 'AS3', '2012-05-01 20:47:01'),
	(310, '72', '1', 4, 'AS1', '2012-05-01 20:47:03'),
	(311, '72', '1', 4, 'AS1', '2012-05-01 20:47:05'),
	(312, '72', '1', 4, 'AS1', '2012-05-01 20:47:12'),
	(313, '72', '1', 4, 'AS1', '2012-05-01 20:47:16'),
	(314, '72', '1', 4, 'AS1', '2012-05-01 20:47:19'),
	(315, '72', '1', 4, 'AS2', '2012-05-01 20:47:24'),
	(316, '72', '1', 4, 'AS2', '2012-05-01 20:47:27'),
	(317, '72', '1', 14, 'AR1', '2012-05-01 20:47:33'),
	(318, '72', '1', 14, 'AR1', '2012-05-01 20:47:40'),
	(319, '72', '1', 4, 'AS1', '2012-05-01 20:47:49'),
	(320, '72', '1', 4, 'AS1', '2012-05-01 20:47:53'),
	(321, '72', '1', 4, 'AS1', '2012-05-01 20:47:55'),
	(322, '72', '1', 4, 'AS2', '2012-05-01 20:47:58'),
	(323, '72', '1', 14, 'AR1', '2012-05-01 20:48:02'),
	(324, '72', '1', 17, 'CG3', '2012-05-01 20:49:31'),
	(325, '72', '1', 18, 'UG', '2012-05-01 20:49:46'),
	(326, '72', '1', 19, 'UA72', '2012-05-01 20:51:08'),
	(327, '174', '2', 1, 'LI', '2012-05-01 20:53:01'),
	(328, '174', '1', 3, 'EC', '2012-05-01 20:53:05'),
	(329, '174', '1', 4, 'AS3', '2012-05-01 20:53:08'),
	(330, '174', '1', 12, 'AR', '2012-05-01 20:53:26'),
	(331, '174', '1', 4, 'AS3', '2012-05-01 20:53:41'),
	(332, '72', '1', 4, 'AS3', '2012-05-01 20:53:55'),
	(333, '72', '1', 4, 'AS3', '2012-05-01 20:53:58'),
	(334, '72', '1', 4, 'AS3', '2012-05-01 20:54:02'),
	(335, '72', '1', 4, 'AS3', '2012-05-01 20:54:06'),
	(336, '174', '1', 4, 'AS3', '2012-05-01 20:55:27'),
	(337, '174', '1', 4, 'AS3', '2012-05-01 20:56:23'),
	(338, '174', '1', 4, 'AS3', '2012-05-01 20:56:27'),
	(339, '174', '1', 12, 'AR', '2012-05-01 20:56:51'),
	(340, '174', '1', 4, 'AS3', '2012-05-01 20:57:17'),
	(341, '174', '1', 12, 'AR', '2012-05-01 20:58:31'),
	(342, '174', '1', 4, 'AS3', '2012-05-01 20:58:33'),
	(343, '174', '1', 14, 'AR4', '2012-05-01 20:58:36'),
	(344, '174', '1', 14, 'AR4', '2012-05-01 20:58:43'),
	(345, '174', '1', 4, 'AS3', '2012-05-01 20:58:46'),
	(346, '174', '1', 14, 'AR4', '2012-05-01 20:58:48'),
	(347, '72', '1', 4, 'AS3', '2012-05-01 20:59:10'),
	(348, '72', '1', 4, 'AS3', '2012-05-01 20:59:14'),
	(349, '72', '1', 4, 'AS3', '2012-05-01 20:59:17'),
	(350, '72', '1', 14, 'AR4', '2012-05-01 20:59:24'),
	(351, '72', '1', 14, 'AR4', '2012-05-01 20:59:30'),
	(352, '72', '1', 4, 'AS3', '2012-05-01 20:59:36'),
	(353, '174', '1', 20, 'AG3', '2012-05-01 21:04:09'),
	(354, '174', '1', 3, 'EC', '2012-05-01 21:04:22'),
	(355, '72', '1', 10, 'CH', '2012-05-01 21:04:45'),
	(356, '174', '1', 6, 'HO7', '2012-05-01 21:04:57'),
	(357, '174', '1', 6, 'HO7', '2012-05-01 21:05:03'),
	(358, '72', '1', 6, 'HO7', '2012-05-01 21:05:13'),
	(359, '72', '1', 6, 'HO', '2012-05-01 21:05:17'),
	(360, '72', '1', 6, 'HO7', '2012-05-01 21:05:21'),
	(361, '72', '1', 6, 'HO7', '2012-05-01 21:06:05'),
	(362, '72', '1', 6, 'HO7', '2012-05-01 21:06:13'),
	(363, '72', '1', 6, 'HO7', '2012-05-01 21:06:16'),
	(364, '72', '1', 6, 'HO1', '2012-05-01 21:06:19'),
	(365, '72', '1', 6, 'HO1', '2012-05-01 21:06:23'),
	(366, '72', '1', 11, 'QZ', '2012-05-01 21:08:18'),
	(367, '72', '1', 5, 'QZ5', '2012-05-01 21:08:23'),
	(368, '72', '1', 5, 'QZ5', '2012-05-01 21:09:02'),
	(369, '72', '1', 5, 'QZ5', '2012-05-01 21:09:32'),
	(370, '72', '1', 5, 'QZ5', '2012-05-01 21:09:52'),
	(371, '72', '1', 5, 'QZ5', '2012-05-01 21:09:57'),
	(372, '72', '1', 5, 'QZ4', '2012-05-01 21:10:25'),
	(373, '72', '1', 5, 'QZ', '2012-05-01 21:10:46'),
	(374, '72', '1', 5, 'QZ', '2012-05-01 21:10:52'),
	(375, '72', '1', 5, 'QZ4', '2012-05-01 21:10:56'),
	(376, '72', '1', 5, 'QZ4', '2012-05-01 21:11:19'),
	(377, '72', '1', 5, 'QZ4', '2012-05-01 21:11:24'),
	(378, '72', '1', 5, 'QZ4', '2012-05-01 21:12:05'),
	(379, '72', '1', 5, 'QZ4', '2012-05-01 21:12:15'),
	(380, '72', '1', 5, 'QZ4', '2012-05-01 21:12:21'),
	(381, '72', '1', 5, 'QZ1', '2012-05-01 21:12:25'),
	(382, '72', '1', 5, 'QZ1', '2012-05-01 21:13:05'),
	(383, '174', '1', 16, 'QZ5', '2012-05-01 21:13:31'),
	(384, '174', '1', 13, 'QR', '2012-05-01 21:13:40'),
	(385, '174', '1', 2, 'LO', '2012-05-01 21:20:56'),
	(386, 'Freo', '', 1, 'LI', '2012-05-01 21:21:24'),
	(387, 'Freo', '', 19, 'UAFreo', '2012-05-01 21:21:39'),
	(388, 'Freo', '1', 3, 'EC', '2012-05-01 21:21:44'),
	(389, 'Freo', '1', 16, 'QZ5', '2012-05-01 21:21:50'),
	(390, 'Freo', '1', 13, 'QR', '2012-05-01 21:22:16'),
	(391, '72', '1', 5, 'QZ5', '2012-05-01 21:22:54'),
	(392, '72', '1', 5, 'QZ5', '2012-05-01 21:22:58'),
	(393, '72', '1', 5, 'QZ5', '2012-05-01 21:23:01'),
	(394, '72', '1', 11, 'QZ', '2012-05-01 21:23:36'),
	(395, '72', '1', 5, 'QZ6', '2012-05-01 21:23:40'),
	(396, '72', '1', 5, 'QZ', '2012-05-01 21:23:44'),
	(397, '72', '1', 5, 'QZ6', '2012-05-01 21:23:49'),
	(398, '72', '1', 5, 'QZ6', '2012-05-01 21:23:56'),
	(399, '72', '1', 5, 'QZ6', '2012-05-01 21:24:56'),
	(400, '72', '1', 5, 'QZ6', '2012-05-01 21:25:10'),
	(401, '72', '1', 5, 'QZ6', '2012-05-01 21:25:16'),
	(402, '72', '1', 5, 'QZ5', '2012-05-01 21:25:25'),
	(403, '72', '1', 5, 'QZ5', '2012-05-01 21:25:28'),
	(404, '72', '1', 5, 'QZ5', '2012-05-01 21:25:31'),
	(405, '72', '1', 5, 'QZ6', '2012-05-01 21:25:35'),
	(406, 'Freo', '1', 16, 'QZ6', '2012-05-01 21:27:15'),
	(407, 'Freo', '1', 13, 'QR', '2012-05-01 21:27:30'),
	(408, '72', '1', 5, 'QZ6', '2012-05-01 21:28:48'),
	(409, '72', '1', 5, 'QZ6', '2012-05-01 21:29:30'),
	(410, 'Freo', '1', 2, 'LO', '2012-05-01 21:30:11'),
	(411, 'Er', '', 1, 'LI', '2012-05-01 21:30:16'),
	(412, 'Er', '1', 3, 'EC', '2012-05-01 21:30:27'),
	(413, 'Er', '1', 2, 'LO', '2012-05-01 21:31:11'),
	(414, '174', '', 1, 'LI', '2012-05-01 21:31:15'),
	(415, '174', '3', 2, 'LO', '2012-05-01 21:31:19'),
	(416, 'Er', '', 1, 'LI', '2012-05-01 21:31:25'),
	(417, 'Er', '1', 3, 'EC', '2012-05-01 21:32:00'),
	(418, '72', '1', 8, 'CS', '2012-05-01 21:32:15'),
	(419, '72', '1', 8, 'CS', '2012-05-01 21:32:41'),
	(420, '72', '1', 8, 'CS', '2012-05-01 21:32:54'),
	(421, 'Er', '1', 2, 'LO', '2012-05-01 21:36:35'),
	(422, 'Freo', '', 1, 'LI', '2012-05-01 21:36:40'),
	(423, 'Freo', '1', 3, 'EC', '2012-05-01 21:36:43'),
	(424, 'Freo', '3', 20, 'AG3', '2012-05-01 21:42:05'),
	(425, 'Freo', '3', 20, 'AG1', '2012-05-01 21:42:17'),
	(426, 'Freo', '4', 2, 'LO', '2012-05-01 21:42:55'),
	(427, 'Er', '', 1, 'LI', '2012-05-01 21:42:58'),
	(428, 'Er', '1', 3, 'EC', '2012-05-01 21:43:00'),
	(429, '72', '1', 18, 'UG', '2012-05-01 21:43:19'),
	(430, '72', '1', 18, 'UG', '2012-05-01 21:44:53'),
	(431, '72', '1', 18, 'UG3', '2012-05-01 21:45:35'),
	(432, 'Er', '1', 21, 'DG3', '2012-05-01 21:45:44'),
	(433, '72', '1', 18, 'UG3', '2012-05-01 21:45:56'),
	(434, 'Er', '1', 20, 'AG3', '2012-05-01 21:46:01'),
	(435, '72', '1', 8, 'CS', '2012-05-01 21:46:18'),
	(436, 'Er', '1', 22, 'JS', '2012-05-01 21:46:39'),
	(437, 'Er', '1', 8, 'CS', '2012-05-01 21:48:21'),
	(438, '72', '1', 2, 'LO', '2012-05-01 21:48:38'),
	(439, '174', '', 1, 'LI', '2012-05-01 21:48:41'),
	(440, '174', '', 2, 'LO', '2012-05-01 21:48:44'),
	(441, '72', '', 1, 'LI', '2012-05-01 21:48:57'),
	(442, '72', '1', 3, 'EC', '2012-05-01 21:49:03'),
	(443, '72', '1', 2, 'LO', '2012-05-01 21:49:30'),
	(444, 'funk', '', 1, 'LI', '2012-05-01 21:49:34'),
	(445, 'funk', '1', 3, 'EC', '2012-05-01 21:49:37'),
	(446, 'funk', '1', 2, 'LO', '2012-05-01 21:51:25'),
	(447, '72', '', 1, 'LI', '2012-05-01 21:51:30'),
	(448, '72', '1', 3, 'EC', '2012-05-01 21:51:33'),
	(449, '72', '1', 8, 'CS', '2012-05-01 21:51:45'),
	(450, '72', '1', 8, 'CS', '2012-05-01 21:53:54'),
	(451, '72', '1', 8, 'CS', '2012-05-01 21:55:32'),
	(452, '72', '1', 8, 'CS', '2012-05-01 21:57:15'),
	(453, '72', '1', 8, 'CS', '2012-05-01 22:05:45'),
	(454, '72', '1', 8, 'CS', '2012-05-01 22:06:24'),
	(455, 'Er', '1', 2, 'LO', '2012-05-01 22:06:29'),
	(456, '174', '', 1, 'LI', '2012-05-01 22:06:33'),
	(457, '174', '3', 2, 'LO', '2012-05-01 22:06:51'),
	(458, 'Freo', '', 1, 'LI', '2012-05-01 22:06:55'),
	(459, 'Freo', '1', 3, 'EC', '2012-05-01 22:06:57'),
	(460, 'Freo', '1', 22, 'JS', '2012-05-01 22:07:44'),
	(461, 'Freo', '1', 22, 'JS', '2012-05-01 22:07:51'),
	(462, 'Freo', '1', 22, 'JS', '2012-05-01 22:08:04'),
	(463, '72', '1', 8, 'CS', '2012-05-01 22:08:45'),
	(464, 'Freo', '1', 22, 'JS', '2012-05-01 22:08:55'),
	(465, 'Freo', '1', 2, 'LO', '2012-05-01 22:23:23'),
	(466, '1', '', 1, 'LI', '2012-05-01 22:23:25'),
	(467, '1', '5', 19, 'UA1', '2012-05-01 22:30:04'),
	(468, '1', '5', 19, 'UA1', '2012-05-01 22:30:28'),
	(469, '1', '5', 19, 'UA1', '2012-05-01 22:36:58'),
	(470, '1', '5', 19, 'UA1', '2012-05-01 22:37:09'),
	(471, '72', '5', 1, 'LI', '2012-05-01 23:27:35'),
	(472, '72', '1', 3, 'EC', '2012-05-01 23:27:57'),
	(473, '72', '1', 2, 'LO', '2012-05-02 00:12:08'),
	(474, 'Er', '', 1, 'LI', '2012-05-02 00:12:15'),
	(475, 'Er', '1', 3, 'EC', '2012-05-02 00:12:47'),
	(476, 'Er', '1', 4, 'AS3', '2012-05-02 00:12:51'),
	(477, 'Er', '1', 4, 'AS1', '2012-05-02 00:12:54'),
	(478, 'Er', '1', 4, 'AS2', '2012-05-02 00:12:56'),
	(479, 'Er', '1', 4, 'AS3', '2012-05-02 00:12:58'),
	(480, 'Er', '1', 4, 'AS3', '2012-05-02 00:13:49'),
	(481, 'Er', '1', 4, 'AS2', '2012-05-02 00:13:52'),
	(482, 'Er', '1', 4, 'AS1', '2012-05-02 00:13:55'),
	(483, 'Er', '1', 4, 'AS', '2012-05-02 00:13:57'),
	(484, 'Er', '1', 4, 'AS3', '2012-05-02 00:14:00'),
	(485, 'Er', '1', 4, 'AS3', '2012-05-02 00:14:15'),
	(486, 'Er', '1', 4, 'AS3', '2012-05-02 00:14:38'),
	(487, 'Er', '1', 4, 'AS1', '2012-05-02 00:14:41'),
	(488, 'Er', '1', 4, 'AS', '2012-05-02 00:14:42'),
	(489, 'Er', '1', 4, 'AS', '2012-05-02 00:14:44'),
	(490, 'Er', '1', 4, 'AS2', '2012-05-02 00:14:47'),
	(491, 'Er', '1', 4, 'AS', '2012-05-02 00:14:48'),
	(492, 'Er', '1', 4, 'AS3', '2012-05-02 00:14:52'),
	(493, 'Er', '1', 12, 'AR', '2012-05-02 00:15:00'),
	(494, '72', '1', 4, 'AS3', '2012-05-02 00:15:26'),
	(495, '72', '1', 14, 'AR5', '2012-05-02 00:15:30'),
	(496, '72', '1', 14, 'AR5', '2012-05-02 00:15:36'),
	(497, '72', '1', 14, 'AR5', '2012-05-02 00:15:50'),
	(498, 'Er', '1', 4, 'AS3', '2012-05-02 00:15:53'),
	(499, 'Er', '1', 14, 'AR5', '2012-05-02 00:15:54'),
	(500, 'Er', '1', 2, 'LO', '2012-05-02 00:16:02'),
	(501, 'Freo', '', 1, 'LI', '2012-05-02 00:16:08'),
	(502, 'Freo', '1', 3, 'EC', '2012-05-02 00:16:10'),
	(503, 'Freo', '1', 14, 'AR5', '2012-05-02 00:16:15'),
	(504, '72', '1', 4, 'AS3', '2012-05-02 00:17:36'),
	(505, '72', '1', 4, 'AS3', '2012-05-02 00:17:45'),
	(506, 'Freo', '1', 14, 'AR5', '2012-05-02 00:17:55'),
	(507, 'Freo', '1', 14, 'AR5', '2012-05-02 00:28:51'),
	(508, 'Freo', '1', 14, 'AR5', '2012-05-02 00:28:55'),
	(509, 'Freo', '1', 14, 'AR5', '2012-05-02 00:29:29'),
	(510, 'Freo', '1', 14, 'AR5', '2012-05-02 00:29:47'),
	(511, 'Freo', '1', 14, 'AR5', '2012-05-02 00:29:56'),
	(512, 'Freo', '1', 14, 'AR5', '2012-05-02 00:29:57'),
	(513, '72', '1', 4, 'AS3', '2012-05-02 00:31:19'),
	(514, '72', '1', 4, 'AS3', '2012-05-02 00:31:35'),
	(515, '72', '1', 4, 'AS1', '2012-05-02 00:31:38'),
	(516, '72', '1', 4, 'AS3', '2012-05-02 00:31:57'),
	(517, '72', '1', 4, 'AS3', '2012-05-02 00:32:18'),
	(518, '72', '1', 4, 'AS3', '2012-05-02 00:32:29'),
	(519, '72', '1', 4, 'AS3', '2012-05-02 00:32:36'),
	(520, '72', '1', 4, 'AS3', '2012-05-02 00:32:51'),
	(521, '72', '1', 4, 'AS3', '2012-05-02 00:33:44'),
	(522, '72', '1', 4, 'AS3', '2012-05-02 00:34:40'),
	(523, '72', '1', 4, 'AS3', '2012-05-02 00:35:27'),
	(524, '72', '1', 14, 'AR4', '2012-05-02 00:35:30'),
	(525, '72', '1', 4, 'AS2', '2012-05-02 00:36:13'),
	(526, '72', '1', 4, 'AS3', '2012-05-02 00:42:31'),
	(527, '72', '1', 14, 'AR4', '2012-05-02 00:43:51'),
	(528, '72', '1', 14, 'AR5', '2012-05-02 00:43:56'),
	(529, 'Freo', '1', 14, 'AR5', '2012-05-02 00:44:05'),
	(530, 'Freo', '1', 14, 'AR5', '2012-05-02 00:44:30'),
	(531, 'Freo', '1', 14, 'AR5', '2012-05-02 00:44:32'),
	(532, '72', '1', 14, 'AR4', '2012-05-02 00:47:04'),
	(533, '72', '1', 14, 'AR4', '2012-05-02 00:53:10'),
	(534, '72', '1', 14, 'AR4', '2012-05-02 00:53:38'),
	(535, '72', '1', 14, 'AR5', '2012-05-02 00:53:41'),
	(536, 'Freo', '1', 4, 'AS3', '2012-05-02 00:54:08'),
	(537, 'Freo', '1', 12, 'AR', '2012-05-02 00:54:13'),
	(538, 'Freo', '1', 4, 'AS3', '2012-05-02 00:54:16'),
	(539, 'Freo', '1', 14, 'AR6', '2012-05-02 00:54:18'),
	(540, 'Freo', '1', 4, 'AS3', '2012-05-02 00:54:22'),
	(541, 'Freo', '1', 14, 'AR6', '2012-05-02 00:54:24'),
	(542, '72', '1', 4, 'AS3', '2012-05-02 00:54:31'),
	(543, '72', '1', 14, 'AR6', '2012-05-02 00:54:35'),
	(544, '72', '1', 14, 'AR6', '2012-05-02 00:54:38'),
	(545, 'Freo', '1', 14, 'AR6', '2012-05-02 00:54:45'),
	(546, 'Freo', '1', 14, 'AR6', '2012-05-02 00:55:06'),
	(547, '72', '1', 11, 'QZ', '2012-05-02 01:40:23'),
	(548, 'Freo', '1', 16, 'QZ7', '2012-05-02 01:43:07'),
	(549, '72', '1', 11, 'QZ', '2012-05-02 01:44:20'),
	(550, 'Freo', '1', 16, 'QZ8', '2012-05-02 01:44:32'),
	(551, 'Freo', '1', 13, 'QR', '2012-05-02 01:44:39'),
	(552, '72', '1', 11, 'QZ', '2012-05-02 01:55:24'),
	(553, 'Freo', '1', 16, 'QZ9', '2012-05-02 01:55:40'),
	(554, 'Freo', '1', 2, 'LO', '2012-05-02 01:55:42'),
	(555, '174', '', 1, 'LI', '2012-05-02 01:55:51'),
	(556, '174', '3', 3, 'EC', '2012-05-02 01:55:59'),
	(557, '174', '3', 3, 'EC', '2012-05-02 02:02:51'),
	(558, '72', '', 1, 'LI', '2012-05-02 12:10:47'),
	(559, '72', '4', 3, 'EC', '2012-05-02 12:10:52'),
	(560, '72', '4', 3, 'EC', '2012-05-02 12:13:05'),
	(561, '72', '4', 3, 'EC', '2012-05-02 12:13:17'),
	(562, '', '4', 3, 'EC', '2012-05-02 12:14:48'),
	(563, '72', '4', 3, 'EC', '2012-05-02 12:30:37'),
	(564, '72', '4', 3, 'EC', '2012-05-02 12:32:50'),
	(565, '72', '4', 3, 'EC', '2012-05-02 12:33:40'),
	(566, '72', '3', 3, 'EC', '2012-05-02 12:33:54'),
	(567, '72', '3', 9, 'AS', '2012-05-02 12:34:27'),
	(568, '72', '3', 4, 'AS4', '2012-05-02 12:34:30'),
	(569, '72', '3', 4, 'AS4', '2012-05-02 12:34:33'),
	(570, '72', '3', 3, 'EC', '2012-05-02 12:35:16'),
	(571, '72', '3', 3, 'EC', '2012-05-02 12:35:25'),
	(572, '72', '3', 3, 'EC', '2012-05-02 12:35:32'),
	(573, '72', '3', 3, 'EC', '2012-05-02 12:35:38'),
	(574, '72', '3', 3, 'EC', '2012-05-02 12:36:05'),
	(575, '72', '3', 3, 'EC', '2012-05-02 12:36:24'),
	(576, '72', '3', 3, 'EC', '2012-05-02 12:36:30'),
	(577, '72', '3', 3, 'EC', '2012-05-02 12:36:35'),
	(578, '72', '3', 3, 'EC', '2012-05-02 12:36:40'),
	(579, '72', '3', 3, 'EC', '2012-05-02 12:36:52'),
	(580, '72', '3', 3, 'EC', '2012-05-02 12:38:38'),
	(581, '72', '3', 3, 'EC', '2012-05-02 12:39:01'),
	(582, '72', '3', 3, 'EC', '2012-05-02 12:39:08'),
	(583, '72', '3', 3, 'EC', '2012-05-02 12:39:15'),
	(584, '72', '3', 2, 'LO', '2012-05-02 12:39:19'),
	(585, 'funk', '', 1, 'LI', '2012-05-02 12:39:22'),
	(586, 'funk', '3', 3, 'EC', '2012-05-02 12:39:24'),
	(587, 'funk', '3', 4, 'AS4', '2012-05-02 12:39:28'),
	(588, 'funk', '3', 12, 'AR', '2012-05-02 12:39:31'),
	(589, 'funk', '3', 6, 'HO3', '2012-05-02 12:39:37'),
	(590, 'funk', '3', 6, 'HO4', '2012-05-02 12:39:39'),
	(591, 'funk', '3', 2, 'LO', '2012-05-02 12:39:40'),
	(592, '72', '', 1, 'LI', '2012-05-02 12:39:46'),
	(593, '72', '3', 3, 'EC', '2012-05-02 12:39:48'),
	(594, '72', '3', 3, 'EC', '2012-05-02 12:39:54'),
	(595, '72', '3', 2, 'LO', '2012-05-02 12:40:12'),
	(596, 'funk', '', 1, 'LI', '2012-05-02 12:40:22'),
	(597, 'funk', '4', 3, 'EC', '2012-05-02 12:40:24'),
	(598, 'funk', '4', 20, 'AG1', '2012-05-02 12:40:38'),
	(599, 'funk', '4', 21, 'DG2', '2012-05-02 12:40:42'),
	(600, 'funk', '4', 2, 'LO', '2012-05-02 12:40:46'),
	(601, '72', '', 1, 'LI', '2012-05-02 12:40:50'),
	(602, '72', '3', 3, 'EC', '2012-05-02 12:40:57'),
	(603, '72', '3', 3, 'EC', '2012-05-02 12:41:03'),
	(604, '72', '4', 3, 'EC', '2012-05-02 12:41:16'),
	(605, '72', '4', 3, 'EC', '2012-05-02 12:41:20'),
	(606, '72', '4', 3, 'EC', '2012-05-02 12:42:01'),
	(607, '72', '3', 3, 'EC', '2012-05-02 12:42:08'),
	(608, '72', '3', 4, 'AS4', '2012-05-02 12:42:12'),
	(609, '72', '3', 14, 'AR7', '2012-05-02 12:42:16'),
	(610, '72', '3', 4, 'AS4', '2012-05-02 12:42:21'),
	(611, '72', '3', 4, 'AS4', '2012-05-02 12:42:26'),
	(612, '72', '3', 10, 'CH', '2012-05-02 12:42:36'),
	(613, '72', '3', 8, 'CS', '2012-05-02 12:43:58'),
	(614, '72', '3', 8, 'CS', '2012-05-02 12:44:33'),
	(615, '72', '3', 2, 'LO', '2012-05-02 12:44:36'),
	(616, 'funk', '', 1, 'LI', '2012-05-02 12:44:40'),
	(617, 'funk', '3', 3, 'EC', '2012-05-02 12:44:41'),
	(618, 'funk', '3', 22, 'JS', '2012-05-02 12:45:00'),
	(619, 'funk', '3', 2, 'LO', '2012-05-02 12:45:46'),
	(620, '72', '', 1, 'LI', '2012-05-02 12:45:52'),
	(621, '72', '3', 3, 'EC', '2012-05-02 12:45:54'),
	(622, '72', '3', 9, 'AS', '2012-05-02 12:46:12'),
	(623, '72', '3', 9, 'AS', '2012-05-02 12:46:32'),
	(624, '72', '3', 10, 'CH', '2012-05-02 12:46:47'),
	(625, '72', '3', 8, 'CS', '2012-05-02 12:47:12'),
	(626, '72', '3', 11, 'QZ', '2012-05-02 12:48:30'),
	(627, '72', '3', 11, 'QZ', '2012-05-02 12:49:05'),
	(628, '72', '3', 11, 'QZ', '2012-05-02 12:49:35'),
	(629, '72', '3', 11, 'QZ', '2012-05-02 12:49:57'),
	(630, '72', '3', 2, 'LO', '2012-05-02 12:50:02'),
	(631, 'funk', '', 1, 'LI', '2012-05-02 12:50:05'),
	(632, 'funk', '3', 3, 'EC', '2012-05-02 12:50:07'),
	(633, 'funk', '3', 16, 'QZ11', '2012-05-02 12:50:43'),
	(634, 'funk', '3', 13, 'QR', '2012-05-02 12:50:52'),
	(635, 'funk', '3', 16, 'QZ13', '2012-05-02 12:50:58'),
	(636, 'funk', '3', 13, 'QR', '2012-05-02 12:51:04'),
	(637, 'funk', '3', 2, 'LO', '2012-05-02 12:51:30'),
	(638, '1', '', 1, 'LI', '2012-05-02 12:51:44'),
	(639, '174', '', 1, 'LI', '2012-05-02 12:51:56'),
	(640, '174', '3', 3, 'EC', '2012-05-02 12:51:58'),
	(641, '174', '3', 16, 'QZ13', '2012-05-02 12:52:05'),
	(642, '174', '3', 13, 'QR', '2012-05-02 12:52:15'),
	(643, '174', '3', 16, 'QZ11', '2012-05-02 12:52:26'),
	(644, '174', '3', 13, 'QR', '2012-05-02 12:52:31'),
	(645, '174', '3', 6, 'HO8', '2012-05-02 12:52:51'),
	(646, '174', '3', 6, 'HO9', '2012-05-02 12:52:53'),
	(647, '174', '3', 4, 'AS5', '2012-05-02 12:53:55'),
	(648, '174', '3', 4, 'AS', '2012-05-02 12:53:56'),
	(649, '174', '3', 14, 'AR2', '2012-05-02 12:54:01'),
	(650, '174', '3', 4, 'AS0', '2012-05-02 12:54:10'),
	(651, '174', '3', 4, 'AS4', '2012-05-02 12:54:17'),
	(652, '174', '3', 12, 'AR', '2012-05-02 12:54:28'),
	(653, '174', '3', 4, 'AS6', '2012-05-02 12:54:38'),
	(654, '174', '3', 12, 'AR', '2012-05-02 12:54:58'),
	(655, '174', '3', 4, 'AS6', '2012-05-02 12:55:01'),
	(656, '174', '3', 14, 'AR9', '2012-05-02 12:55:03'),
	(657, '174', '3', 14, 'AR9', '2012-05-02 12:55:06'),
	(658, '174', '3', 4, 'AS6', '2012-05-02 12:55:08'),
	(659, '174', '3', 14, 'AR9', '2012-05-02 12:55:09'),
	(660, '174', '3', 6, 'HO8', '2012-05-02 12:56:05'),
	(661, '174', '3', 6, 'HO9', '2012-05-02 12:56:07'),
	(662, '174', '3', 6, 'HO3', '2012-05-02 12:56:09'),
	(663, '174', '3', 4, 'AS5', '2012-05-02 12:56:15'),
	(664, '174', '3', 4, 'AS6', '2012-05-02 12:56:17'),
	(665, '174', '3', 14, 'AR9', '2012-05-02 12:56:18'),
	(666, '174', '3', 4, 'AS6', '2012-05-02 12:56:20'),
	(667, '174', '3', 4, 'AS5', '2012-05-02 12:56:22'),
	(668, '174', '3', 4, 'AS', '2012-05-02 12:56:32'),
	(669, '174', '3', 4, 'AS5', '2012-05-02 12:56:37'),
	(670, '174', '3', 4, 'AS5', '2012-05-02 12:58:10'),
	(671, '174', '3', 4, 'AS', '2012-05-02 12:58:11'),
	(672, '174', '3', 4, 'AS5', '2012-05-02 13:01:14'),
	(673, '174', '3', 4, 'AS6', '2012-05-02 13:01:22'),
	(674, '174', '3', 14, 'AR9', '2012-05-02 13:01:23'),
	(675, '174', '3', 4, 'AS6', '2012-05-02 13:01:25'),
	(676, '174', '3', 4, 'AS5', '2012-05-02 13:01:27'),
	(677, '174', '3', 4, 'AS5', '2012-05-02 13:01:49'),
	(678, '174', '3', 4, 'AS', '2012-05-02 13:01:50'),
	(679, '174', '3', 4, 'AS5', '2012-05-02 13:03:10'),
	(680, '174', '3', 4, 'AS5', '2012-05-02 13:03:11'),
	(681, '174', '3', 4, 'AS5', '2012-05-02 13:03:12'),
	(682, '174', '3', 4, 'AS5', '2012-05-02 13:03:13'),
	(683, '174', '3', 4, 'AS5', '2012-05-02 13:03:14'),
	(684, '174', '3', 4, 'AS6', '2012-05-02 13:03:19'),
	(685, '174', '3', 14, 'AR9', '2012-05-02 13:03:20'),
	(686, '174', '3', 4, 'AS6', '2012-05-02 13:03:21'),
	(687, '174', '3', 4, 'AS4', '2012-05-02 13:03:23'),
	(688, '174', '3', 14, 'AR8', '2012-05-02 13:03:25'),
	(689, '174', '3', 2, 'LO', '2012-05-02 13:03:34'),
	(690, 'funk', '', 1, 'LI', '2012-05-02 13:03:37'),
	(691, 'funk', '3', 3, 'EC', '2012-05-02 13:03:38'),
	(692, 'funk', '3', 2, 'LO', '2012-05-02 13:04:07'),
	(693, 'Freo', '', 1, 'LI', '2012-05-02 13:04:29'),
	(694, 'Freo', '3', 3, 'EC', '2012-05-02 13:04:31'),
	(695, 'Freo', '3', 4, 'AS5', '2012-05-02 13:04:45'),
	(696, 'Freo', '3', 4, 'AS5', '2012-05-02 13:04:46'),
	(697, 'Freo', '3', 4, 'AS4', '2012-05-02 13:04:48'),
	(698, 'Freo', '3', 12, 'AR', '2012-05-02 13:04:54'),
	(699, 'Freo', '3', 4, 'AS6', '2012-05-02 13:04:57'),
	(700, 'Freo', '3', 4, 'AS6', '2012-05-02 13:04:59'),
	(701, 'Freo', '3', 4, 'AS6', '2012-05-02 13:05:00'),
	(702, 'Freo', '3', 4, 'AS5', '2012-05-02 13:05:02'),
	(703, 'Freo', '3', 4, 'AS5', '2012-05-02 13:05:03'),
	(704, 'Freo', '3', 4, 'AS4', '2012-05-02 13:05:04'),
	(705, 'Freo', '3', 4, 'AS5', '2012-05-02 13:05:08'),
	(706, 'Freo', '3', 20, 'AG2', '2012-05-02 13:05:35'),
	(707, 'Freo', '3', 6, 'HO9', '2012-05-02 13:05:49'),
	(708, 'Freo', '3', 6, 'HO8', '2012-05-02 13:05:52'),
	(709, 'Freo', '3', 8, 'CS', '2012-05-02 13:06:48'),
	(710, 'Freo', '3', 22, 'JS', '2012-05-02 13:06:54'),
	(711, 'Freo', '3', 2, 'LO', '2012-05-02 13:07:23'),
	(712, '72', '', 1, 'LI', '2012-05-02 13:07:28'),
	(713, '72', '3', 3, 'EC', '2012-05-02 13:07:30'),
	(714, '72', '3', 5, 'QZ11', '2012-05-02 13:07:37'),
	(715, '72', '3', 5, 'QZ11', '2012-05-02 13:08:40'),
	(716, '72', '3', 5, 'QZ11', '2012-05-02 13:08:44'),
	(717, '72', '3', 5, 'QZ11', '2012-05-02 13:08:49'),
	(718, '72', '3', 5, 'QZ11', '2012-05-02 13:08:55'),
	(719, '72', '3', 5, 'QZ11', '2012-05-02 13:08:59'),
	(720, '72', '3', 5, 'QZ11', '2012-05-02 13:09:03'),
	(721, '72', '3', 5, 'QZ10', '2012-05-02 13:09:06'),
	(722, '72', '3', 5, 'QZ10', '2012-05-02 13:09:09'),
	(723, '72', '3', 5, 'QZ10', '2012-05-02 13:09:17'),
	(724, '72', '3', 5, 'QZ13', '2012-05-02 13:09:27'),
	(725, '72', '3', 5, 'QZ13', '2012-05-02 13:10:16'),
	(726, '72', '3', 5, 'QZ13', '2012-05-02 13:10:20'),
	(727, '72', '3', 5, 'QZ13', '2012-05-02 13:10:23'),
	(728, '72', '3', 3, 'EC', '2012-05-02 13:10:51'),
	(729, '72', '3', 22, 'JS', '2012-05-02 13:11:45'),
	(730, '72', '3', 22, 'JS', '2012-05-02 13:11:54'),
	(731, '72', '3', 22, 'JS', '2012-05-02 13:12:02'),
	(732, '72', '3', 2, 'LO', '2012-05-02 13:12:37'),
	(733, '174', '', 1, 'LI', '2012-05-02 13:12:41'),
	(734, '174', '3', 3, 'EC', '2012-05-02 13:12:43'),
	(735, '174', '3', 2, 'LO', '2012-05-02 13:12:50'),
	(736, 'funk', '', 1, 'LI', '2012-05-02 13:12:54'),
	(737, 'funk', '3', 3, 'EC', '2012-05-02 13:12:56'),
	(738, 'funk', '3', 2, 'LO', '2012-05-02 13:13:15'),
	(739, 'Freo', '', 1, 'LI', '2012-05-02 13:13:22'),
	(740, 'Freo', '3', 3, 'EC', '2012-05-02 13:13:24'),
	(741, 'Freo', '3', 2, 'LO', '2012-05-02 13:13:33'),
	(742, 'Freo', '', 1, 'LI', '2012-05-02 13:13:40'),
	(743, 'Freo', '3', 22, 'JS', '2012-05-02 13:13:48'),
	(744, 'Freo', '3', 2, 'LO', '2012-05-02 13:14:46'),
	(745, '174', '', 1, 'LI', '2012-05-02 13:14:50'),
	(746, '174', '3', 3, 'EC', '2012-05-02 13:14:53'),
	(747, '174', '3', 2, 'LO', '2012-05-02 13:15:44'),
	(748, '72', '', 1, 'LI', '2012-05-02 13:15:48'),
	(749, '72', '3', 3, 'EC', '2012-05-02 13:15:50'),
	(750, '72', '3', 18, 'UG2', '2012-05-02 13:17:02'),
	(751, '72', '3', 18, 'UG2', '2012-05-02 13:39:12'),
	(752, '72', '3', 8, 'CS', '2012-05-02 13:50:04'),
	(753, '72', '3', 22, 'JS', '2012-05-02 13:54:10'),
	(754, '174', '', 1, 'LI', '2012-05-02 13:55:42'),
	(755, '174', '3', 3, 'EC', '2012-05-02 13:55:44'),
	(756, '174', '3', 22, 'JS', '2012-05-02 13:55:59'),
	(757, '174', '3', 22, 'JS', '2012-05-02 13:56:09'),
	(758, '174', '3', 22, 'JS', '2012-05-02 13:56:22'),
	(759, '174', '3', 22, 'JS', '2012-05-02 13:56:40'),
	(760, '72', '3', 22, 'JS', '2012-05-02 13:59:53'),
	(761, '174', '3', 22, 'JS', '2012-05-02 14:00:10'),
	(762, '72', '3', 22, 'JS', '2012-05-02 14:04:15'),
	(763, '174', '3', 22, 'JS', '2012-05-02 14:04:51'),
	(764, '174', '3', 22, 'JS', '2012-05-02 14:05:06'),
	(765, '174', '3', 2, 'LO', '2012-05-02 14:05:11'),
	(766, '174', '', 1, 'LI', '2012-05-02 14:05:16'),
	(767, '174', '3', 3, 'EC', '2012-05-02 14:05:18'),
	(768, '174', '3', 22, 'JS', '2012-05-02 14:05:28'),
	(769, '174', '3', 22, 'JS', '2012-05-02 14:05:39'),
	(770, '174', '3', 22, 'JS', '2012-05-02 14:05:48'),
	(771, '72', '3', 22, 'JS', '2012-05-02 14:10:00'),
	(772, '72', '3', 22, 'JS', '2012-05-02 14:10:14'),
	(773, '174', '3', 22, 'JS', '2012-05-02 14:10:37'),
	(774, '174', '3', 2, 'LO', '2012-05-02 14:11:26'),
	(775, '174', '', 1, 'LI', '2012-05-02 14:11:30'),
	(776, '174', '3', 3, 'EC', '2012-05-02 14:11:32'),
	(777, '174', '3', 22, 'JS', '2012-05-02 14:11:40'),
	(778, '72', '3', 3, 'EC', '2012-05-02 14:12:11'),
	(779, '72', '3', 3, 'EC', '2012-05-02 14:12:22'),
	(780, '72', '3', 3, 'EC', '2012-05-02 14:12:30'),
	(781, '72', '3', 4, 'AS4', '2012-05-02 14:15:18'),
	(782, '72', '3', 14, 'AR8', '2012-05-02 14:15:22'),
	(783, '72', '3', 14, 'AR10', '2012-05-02 14:15:27'),
	(784, '72', '3', 4, 'AS6', '2012-05-02 14:15:33'),
	(785, '72', '3', 14, 'AR9', '2012-05-02 14:15:37'),
	(786, '72', '3', 3, 'EC', '2012-05-02 14:15:55'),
	(787, '72', '3', 3, 'EC', '2012-05-02 14:16:03'),
	(788, '72', '3', 5, 'QZ13', '2012-05-02 14:16:09'),
	(789, '72', '3', 5, 'QZ13', '2012-05-02 14:16:18'),
	(790, '72', '3', 4, 'AS4', '2012-05-02 14:39:22'),
	(791, '72', '3', 14, 'AR7', '2012-05-02 14:39:43'),
	(792, '72', '3', 14, 'AR7', '2012-05-02 14:39:49'),
	(793, '72', '3', 14, 'AR7', '2012-05-02 14:39:56'),
	(794, '72', '3', 22, 'JS', '2012-05-02 14:43:50'),
	(795, '72', '3', 2, 'LO', '2012-05-02 14:43:59'),
	(796, 'Freo', '', 1, 'LI', '2012-05-02 14:44:04'),
	(797, 'Freo', '3', 3, 'EC', '2012-05-02 14:44:06'),
	(798, '2800570', '', 1, 'LI', '2012-05-02 17:28:29'),
	(799, '1', '', 1, 'LI', '2012-05-02 17:28:52'),
	(800, '2800570', '', 1, 'LI', '2012-05-02 17:35:04'),
	(801, '2800570', '', 19, 'UA2800570', '2012-05-02 17:36:12'),
	(802, '2800570', '', 2, 'LO', '2012-05-02 17:36:25'),
	(803, '2900478', '', 1, 'LI', '2012-05-02 17:36:55'),
	(804, '2900478', '', 2, 'LO', '2012-05-02 17:37:12'),
	(805, '72', '', 1, 'LI', '2012-05-02 18:37:53'),
	(806, '72', '3', 3, 'EC', '2012-05-02 18:37:54'),
	(807, '72', '3', 2, 'LO', '2012-05-02 18:38:25'),
	(808, '72', '', 1, 'LI', '2012-05-02 18:38:29'),
	(809, '72', '3', 3, 'EC', '2012-05-02 18:38:33'),
	(810, '72', '3', 2, 'LO', '2012-05-02 18:39:07'),
	(811, '2900478', '', 1, 'LI', '2012-05-02 18:39:09'),
	(812, '2900478', '', 2, 'LO', '2012-05-02 18:39:14'),
	(813, '72', '', 1, 'LI', '2012-05-02 18:39:19'),
	(814, '72', '3', 3, 'EC', '2012-05-02 18:39:20'),
	(815, '72', '3', 22, 'JS', '2012-05-02 18:39:58'),
	(816, '2900478', '', 1, 'LI', '2012-05-02 22:40:09'),
	(817, '2900478', '3', 3, 'EC', '2012-05-02 22:40:13'),
	(818, '2900478', '3', 2, 'LO', '2012-05-02 22:41:02'),
	(819, '2900342', '', 1, 'LI', '2012-05-02 22:41:04'),
	(820, '2900342', '', 2, 'LO', '2012-05-02 22:41:33'),
	(821, '72', '', 1, 'LI', '2012-05-02 22:42:02'),
	(822, '72', '3', 3, 'EC', '2012-05-02 22:42:04'),
	(823, '2800296', '', 1, 'LI', '2012-05-02 22:44:04'),
	(824, '2800296', '', 2, 'LO', '2012-05-02 22:44:33'),
	(825, '2800886', '', 1, 'LI', '2012-05-02 22:44:36'),
	(826, '2800886', '3', 2, 'LO', '2012-05-02 22:45:09'),
	(827, '2801042', '3', 1, 'LI', '2012-05-02 22:45:16'),
	(828, '2801042', '3', 2, 'LO', '2012-05-02 22:45:45'),
	(829, '2801017', '', 1, 'LI', '2012-05-02 22:45:47'),
	(830, '2801017', '', 2, 'LO', '2012-05-02 22:47:14'),
	(831, '2800100', '', 1, 'LI', '2012-05-02 22:47:22'),
	(832, '2800100', '3', 2, 'LO', '2012-05-02 22:48:04'),
	(833, '2800746', '', 1, 'LI', '2012-05-02 22:48:16'),
	(834, '2800746', '', 2, 'LO', '2012-05-02 22:48:26'),
	(835, '2800601', '', 1, 'LI', '2012-05-02 22:48:28'),
	(836, '2800601', '3', 3, 'EC', '2012-05-02 22:48:44'),
	(837, '2800601', '3', 4, 'AS4', '2012-05-02 22:49:03'),
	(838, '2800601', '3', 4, 'AS5', '2012-05-02 22:49:08'),
	(839, '2800601', '3', 4, 'AS5', '2012-05-02 22:50:40'),
	(840, '2800601', '3', 4, 'AS5', '2012-05-02 22:50:45'),
	(841, '2800601', '3', 4, 'AS5', '2012-05-02 22:50:46'),
	(842, '2800601', '3', 4, 'AS4', '2012-05-02 22:50:49'),
	(843, '2800601', '3', 12, 'AR', '2012-05-02 22:50:53'),
	(844, '2800601', '3', 4, 'AS4', '2012-05-02 22:50:58'),
	(845, '2800601', '3', 14, 'AR11', '2012-05-02 22:50:59'),
	(846, '2800601', '3', 6, 'HO8', '2012-05-02 22:52:18'),
	(847, '2800601', '3', 6, 'HO9', '2012-05-02 22:52:21'),
	(848, '2800601', '3', 6, 'HO8', '2012-05-02 22:52:24'),
	(849, '72', '3', 4, 'AS4', '2012-05-02 22:53:05'),
	(850, '72', '3', 14, 'AR11', '2012-05-02 22:53:17'),
	(851, '72', '3', 14, 'AR7', '2012-05-02 22:53:22'),
	(852, '72', '3', 11, 'QZ', '2012-05-02 23:10:26'),
	(853, '2800601', '3', 16, 'QZ14', '2012-05-02 23:10:40'),
	(854, '2800601', '3', 13, 'QR', '2012-05-02 23:10:55'),
	(855, '2800601', '3', 2, 'LO', '2012-05-02 23:11:16'),
	(856, '2900478', '', 1, 'LI', '2012-05-02 23:11:32'),
	(857, '2900478', '3', 3, 'EC', '2012-05-02 23:11:34'),
	(858, '2900478', '3', 6, 'HO4', '2012-05-02 23:11:48'),
	(859, '72', '3', 5, 'QZ14', '2012-05-02 23:12:20'),
	(860, '72', '3', 5, 'QZ14', '2012-05-02 23:12:29'),
	(861, '72', '3', 22, 'JS', '2012-05-02 23:21:41'),
	(862, '72', '3', 18, 'UG2', '2012-05-02 23:35:19'),
	(863, '2900478', '3', 20, 'AG2', '2012-05-02 23:35:27'),
	(864, '72', '3', 2, 'LO', '2012-05-02 23:35:54'),
	(865, '2900478', '3', 2, 'LO', '2012-05-02 23:35:57'),
	(866, '72', '', 1, 'LI', '2012-05-03 08:41:08'),
	(867, '72', '3', 3, 'EC', '2012-05-03 08:41:10'),
	(868, '72', '3', 22, 'JS', '2012-05-03 08:41:58'),
	(869, '72', '3', 8, 'CS', '2012-05-03 08:42:20'),
	(870, '72', '3', 22, 'JS', '2012-05-03 08:42:29'),
	(871, '72', '3', 2, 'LO', '2012-05-03 08:44:32'),
	(872, '1', '', 1, 'LI', '2012-05-03 08:44:35'),
	(873, '2800570', '', 1, 'LI', '2012-05-05 00:35:14'),
	(874, '72', '', 1, 'LI', '2012-05-05 00:35:23'),
	(875, '1', '', 1, 'LI', '2012-05-05 00:36:25'),
	(876, '1', '', 1, 'LI', '2012-05-05 09:03:24'),
	(877, '2800570', '', 1, 'LI', '2012-05-05 09:04:18'),
	(878, '2800570', '3', 3, 'EC', '2012-05-05 09:04:44'),
	(879, '2800570', '3', 3, 'EC', '2012-05-05 09:04:48'),
	(880, '2800570', '3', 4, 'AS4', '2012-05-05 09:04:54'),
	(881, '2800570', '3', 4, 'AS4', '2012-05-05 09:05:05'),
	(882, '2800570', '3', 4, 'AS4', '2012-05-05 09:05:12'),
	(883, '2800570', '3', 2, 'LO', '2012-05-05 09:05:41'),
	(884, '1', '', 1, 'LI', '2012-05-05 09:05:45'),
	(885, '1', '', 1, 'LI', '2012-05-05 09:06:09'),
	(886, '1', '', 1, 'LI', '2012-05-05 09:06:56'),
	(887, '174', '', 1, 'LI', '2012-05-05 09:44:14'),
	(888, '174', '3', 3, 'EC', '2012-05-05 09:44:18'),
	(889, '174', '3', 2, 'LO', '2012-05-05 09:46:42'),
	(890, '72', '', 1, 'LI', '2012-05-05 09:46:45'),
	(891, '72', '3', 3, 'EC', '2012-05-05 09:46:47'),
	(892, '72', '3', 5, 'QZ10', '2012-05-05 09:46:52'),
	(893, '72', '3', 5, 'QZ11', '2012-05-05 09:47:04'),
	(894, '72', '3', 5, 'QZ11', '2012-05-05 09:47:11'),
	(895, '72', '3', 5, 'QZ11', '2012-05-05 09:47:18'),
	(896, '72', '3', 5, 'QZ11', '2012-05-05 09:47:22'),
	(897, '72', '3', 5, 'QZ11', '2012-05-05 09:47:29'),
	(898, '72', '3', 5, 'QZ11', '2012-05-05 09:47:34'),
	(899, '72', '3', 5, 'QZ11', '2012-05-05 09:47:38'),
	(900, '72', '3', 5, 'QZ12', '2012-05-05 09:47:41'),
	(901, '72', '3', 5, 'QZ12', '2012-05-05 09:47:46'),
	(902, '72', '3', 5, 'QZ12', '2012-05-05 09:47:52'),
	(903, '72', '3', 5, 'QZ14', '2012-05-05 09:47:57'),
	(904, '72', '3', 5, 'QZ14', '2012-05-05 09:48:12'),
	(905, '72', '3', 2, 'LO', '2012-05-05 10:03:59'),
	(906, '2800570', '', 1, 'LI', '2012-05-07 12:42:33'),
	(907, '1', '', 1, 'LI', '2012-05-11 17:20:17'),
	(908, '2800570', '', 1, 'LI', '2012-05-11 17:42:14'),
	(909, '2800570', '3', 3, 'EC', '2012-05-11 17:42:17'),
	(910, '2800570', '3', 2, 'LO', '2012-05-11 17:42:42'),
	(911, '72', '', 1, 'LI', '2012-05-11 17:42:50'),
	(912, '72', '3', 3, 'EC', '2012-05-11 17:42:52'),
	(913, '72', '3', 8, 'CS', '2012-05-11 17:46:27'),
	(914, '72', '3', 22, 'JS', '2012-05-11 18:04:48'),
	(915, '72', '3', 22, 'JS', '2012-05-11 18:05:27'),
	(916, '72', '3', 22, 'JS', '2012-05-11 18:05:51'),
	(917, '72', '3', 22, 'JS', '2012-05-11 18:06:13'),
	(918, '2800570', '', 1, 'LI', '2012-05-11 18:11:12'),
	(919, '2800570', '3', 3, 'EC', '2012-05-11 18:11:14'),
	(920, '72', '3', 2, 'LO', '2012-05-11 18:19:53'),
	(921, '1', '', 1, 'LI', '2012-05-11 18:19:55'),
	(922, '98', '', 1, 'LI', '2012-05-12 22:14:44'),
	(923, '98', '', 1, 'LI', '2012-05-12 22:15:22'),
	(924, '98', '', 1, 'LI', '2012-05-12 22:16:14'),
	(925, '98', '', 19, 'UA98', '2012-05-12 22:16:47'),
	(926, '98', '', 1, 'LI', '2012-05-12 22:17:34'),
	(927, '98', '', 19, 'UA98', '2012-05-12 22:18:57'),
	(928, '98', '', 19, 'UA98', '2012-05-12 22:23:36'),
	(929, '98', '', 1, 'LI', '2012-05-12 22:24:56'),
	(930, '98', '', 19, 'UA98', '2012-05-12 22:25:27'),
	(931, '98', '', 19, 'UA98', '2012-05-12 22:25:46'),
	(932, '2800570', '', 1, 'LI', '2012-05-12 22:28:20'),
	(933, '2800570', '', 19, 'UA2800570', '2012-05-12 22:28:29'),
	(934, '2800570', '3', 3, 'EC', '2012-05-12 22:28:45'),
	(935, '2800570', '3', 19, 'UA2800570', '2012-05-12 22:28:53'),
	(936, '2800570', '3', 2, 'LO', '2012-05-12 22:29:14'),
	(937, '98', '', 1, 'LI', '2012-05-12 22:29:20'),
	(938, '98', '', 19, 'UA98', '2012-05-12 22:29:32'),
	(939, '98', '', 1, 'LI', '2012-05-12 22:36:45'),
	(940, '98', '', 19, 'UA98', '2012-05-12 22:36:57'),
	(941, 'remy', '7', 1, 'LI', '2012-05-12 22:41:28'),
	(942, 'remy', '7', 19, 'UAremy', '2012-05-12 22:41:57'),
	(943, 'remy', '7', 3, 'EC', '2012-05-12 22:42:03'),
	(944, '2800570', '', 1, 'LI', '2012-05-12 22:46:41'),
	(945, '2900478', '', 1, 'LI', '2012-05-12 22:47:20'),
	(946, '2900478', '', 2, 'LO', '2012-05-12 22:47:35'),
	(947, '2900342', '', 1, 'LI', '2012-05-12 22:49:06'),
	(948, '2900342', '3', 2, 'LO', '2012-05-12 22:49:17'),
	(949, '2800483', '7', 1, 'LI', '2012-05-12 22:49:31'),
	(950, '2800368', '', 1, 'LI', '2012-05-12 22:49:49'),
	(951, '2800483', '7', 2, 'LO', '2012-05-12 22:50:14'),
	(952, '2800296', '', 1, 'LI', '2012-05-12 22:50:20'),
	(953, '2800296', '3', 2, 'LO', '2012-05-12 22:50:28'),
	(954, '2900865', '3', 1, 'LI', '2012-05-12 22:50:40'),
	(955, 'remy', '7', 3, 'EC', '2012-05-12 22:51:01'),
	(956, '2900865', '7', 3, 'EC', '2012-05-12 22:51:07'),
	(957, '2800570', '7', 3, 'EC', '2012-05-12 22:51:48'),
	(958, '2800368', '7', 3, 'EC', '2012-05-12 22:52:22'),
	(959, '2800570', '7', 2, 'LO', '2012-05-12 22:52:29'),
	(960, 'remy', '7', 9, 'AS', '2012-05-12 22:54:31'),
	(961, 'remy', '7', 11, 'QZ', '2012-05-12 22:55:45'),
	(962, 'remy', '7', 5, 'QZ15', '2012-05-12 22:55:49'),
	(963, 'remy', '7', 5, 'QZ15', '2012-05-12 22:55:56'),
	(964, 'remy', '7', 5, 'QZ15', '2012-05-12 22:56:00'),
	(965, 'remy', '7', 10, 'CH', '2012-05-12 22:56:49'),
	(966, 'remy', '7', 6, 'HO10', '2012-05-12 22:56:51'),
	(967, 'remy', '7', 6, 'HO10', '2012-05-12 22:56:56'),
	(968, 'remy', '7', 8, 'CS', '2012-05-12 22:57:22'),
	(969, 'remy', '7', 17, 'CG4', '2012-05-12 22:58:22'),
	(970, 'remy', '7', 17, 'CG5', '2012-05-12 22:58:34'),
	(971, 'remy', '7', 17, 'CG6', '2012-05-12 22:58:48'),
	(972, 'remy', '7', 8, 'CS', '2012-05-12 22:59:29'),
	(973, 'remy', '7', 8, 'CS', '2012-05-12 22:59:52'),
	(974, 'remy', '7', 8, 'CS', '2012-05-12 23:00:21'),
	(975, '2800368', '7', 20, 'AG6', '2012-05-12 23:01:02'),
	(976, '2800368', '7', 3, 'EC', '2012-05-12 23:01:06'),
	(977, '2900865', '7', 20, 'AG6', '2012-05-12 23:02:10'),
	(978, '2800368', '7', 2, 'LO', '2012-05-12 23:02:30'),
	(979, '2800570', '', 1, 'LI', '2012-05-12 23:02:35'),
	(980, '2800570', '3', 20, 'AG4', '2012-05-12 23:02:41'),
	(981, '2800570', '3', 2, 'LO', '2012-05-12 23:02:46'),
	(982, '2900478', '', 1, 'LI', '2012-05-12 23:02:52'),
	(983, '2900478', '3', 20, 'AG4', '2012-05-12 23:02:55'),
	(984, 'remy', '7', 8, 'CS', '2012-05-12 23:03:30'),
	(985, 'remy', '7', 8, 'CS', '2012-05-12 23:03:47'),
	(986, '2900865', '7', 3, 'EC', '2012-05-12 23:03:52'),
	(987, '2900478', '7', 3, 'EC', '2012-05-12 23:04:06'),
	(988, '2900478', '7', 2, 'LO', '2012-05-12 23:04:57'),
	(989, '2800368', '', 1, 'LI', '2012-05-12 23:05:12'),
	(990, '2800368', '7', 3, 'EC', '2012-05-12 23:05:14'),
	(991, 'remy', '7', 11, 'QZ', '2012-05-12 23:08:46'),
	(992, 'remy', '7', 5, 'QZ16', '2012-05-12 23:08:50'),
	(993, 'remy', '7', 5, 'QZ16', '2012-05-12 23:08:54'),
	(994, 'remy', '7', 5, 'QZ16', '2012-05-12 23:09:00'),
	(995, 'remy', '7', 5, 'QZ16', '2012-05-12 23:09:07'),
	(996, 'remy', '7', 5, 'QZ15', '2012-05-12 23:09:14'),
	(997, 'remy', '7', 5, 'QZ15', '2012-05-12 23:09:17'),
	(998, 'remy', '7', 5, 'QZ15', '2012-05-12 23:09:20'),
	(999, 'remy', '7', 5, 'QZ16', '2012-05-12 23:09:23'),
	(1000, 'remy', '7', 5, 'QZ16', '2012-05-12 23:09:26'),
	(1001, 'remy', '7', 5, 'QZ16', '2012-05-12 23:09:32'),
	(1002, 'remy', '7', 5, 'QZ16', '2012-05-12 23:09:35'),
	(1003, '2800368', '7', 4, 'AS7', '2012-05-12 23:10:05'),
	(1004, '2800368', '7', 12, 'AR', '2012-05-12 23:10:21'),
	(1005, '2800368', '7', 4, 'AS7', '2012-05-12 23:10:28'),
	(1006, '2800368', '7', 14, 'AR12', '2012-05-12 23:10:29'),
	(1007, '2800368', '7', 4, 'AS7', '2012-05-12 23:10:31'),
	(1008, '2800368', '7', 16, 'QZ15', '2012-05-12 23:11:37'),
	(1009, '2800368', '7', 13, 'QR', '2012-05-12 23:11:53'),
	(1010, 'remy', '7', 5, 'QZ15', '2012-05-12 23:12:10'),
	(1011, 'remy', '7', 5, 'QZ15', '2012-05-12 23:12:14'),
	(1012, 'remy', '7', 5, 'QZ16', '2012-05-12 23:12:20'),
	(1013, 'remy', '7', 5, 'QZ16', '2012-05-12 23:15:58'),
	(1014, 'remy', '7', 5, 'QZ16', '2012-05-12 23:18:53'),
	(1015, 'remy', '7', 5, 'QZ16', '2012-05-12 23:20:47'),
	(1016, 'remy', '7', 5, 'QZ16', '2012-05-12 23:20:53'),
	(1017, 'remy', '7', 5, 'QZ15', '2012-05-12 23:20:58'),
	(1018, 'remy', '7', 5, 'QZ15', '2012-05-12 23:21:01'),
	(1019, 'remy', '7', 5, 'QZ15', '2012-05-12 23:21:04'),
	(1020, 'remy', '7', 5, 'QZ16', '2012-05-12 23:21:08'),
	(1021, 'remy', '7', 5, 'QZ16', '2012-05-12 23:21:11'),
	(1022, 'remy', '7', 6, 'HO10', '2012-05-12 23:21:27'),
	(1023, '2800368', '7', 6, 'HO10', '2012-05-12 23:21:40'),
	(1024, 'remy', '7', 6, 'HO10', '2012-05-12 23:21:43'),
	(1025, '2900865', '7', 6, 'HO10', '2012-05-12 23:21:53'),
	(1026, '2800368', '7', 6, 'HO10', '2012-05-12 23:22:05'),
	(1027, '2900865', '7', 6, 'HO10', '2012-05-12 23:22:14'),
	(1028, 'remy', '7', 6, 'HO10', '2012-05-12 23:22:20'),
	(1029, 'remy', '7', 6, 'HO10', '2012-05-12 23:22:24'),
	(1030, 'remy', '7', 3, 'EC', '2012-05-12 23:22:42'),
	(1031, 'remy', '7', 3, 'EC', '2012-05-12 23:22:47'),
	(1032, 'remy', '7', 4, 'AS7', '2012-05-12 23:23:50'),
	(1033, 'remy', '7', 4, 'AS7', '2012-05-12 23:23:55'),
	(1034, 'remy', '7', 14, 'AR12', '2012-05-12 23:23:59'),
	(1035, 'remy', '7', 4, 'AS7', '2012-05-12 23:24:03'),
	(1036, 'remy', '7', 3, 'EC', '2012-05-12 23:24:18'),
	(1037, 'remy', '7', 3, 'EC', '2012-05-12 23:24:23'),
	(1038, 'remy', '7', 3, 'EC', '2012-05-12 23:24:34'),
	(1039, 'remy', '7', 3, 'EC', '2012-05-12 23:24:46'),
	(1040, 'remy', '7', 3, 'EC', '2012-05-12 23:24:57'),
	(1041, 'remy', '7', 18, 'UG4', '2012-05-12 23:25:25'),
	(1042, '2900865', '7', 2, 'LO', '2012-05-12 23:25:46'),
	(1043, 'remy', '7', 2, 'LO', '2012-05-12 23:25:48'),
	(1044, '2800570', '', 1, 'LI', '2012-05-13 20:53:16'),
	(1045, '2800570', '3', 3, 'EC', '2012-05-13 20:53:20'),
	(1046, '98', '', 1, 'LI', '2012-05-13 20:53:41'),
	(1047, 'remy', '', 1, 'LI', '2012-05-13 20:53:54'),
	(1048, 'remy', '7', 3, 'EC', '2012-05-13 20:53:57'),
	(1049, '98', '', 1, 'LI', '2012-05-15 12:11:20'),
	(1050, '98', '', 19, 'UA98', '2012-05-15 12:11:34'),
	(1051, '98', '', 1, 'LI', '2012-05-15 20:26:22'),
	(1052, 'remy', '', 1, 'LI', '2012-05-15 20:30:49'),
	(1053, 'remy', '7', 3, 'EC', '2012-05-15 20:30:50'),
	(1054, 'remy', '7', 3, 'EC', '2012-05-15 20:30:56'),
	(1055, 'remy', '7', 2, 'LO', '2012-05-15 20:48:56'),
	(1056, '98', '', 1, 'LI', '2012-05-15 20:49:01'),
	(1057, '2800570', '', 1, 'LI', '2012-05-16 01:00:45'),
	(1058, '2800570', '7', 2, 'LO', '2012-05-16 01:06:31'),
	(1059, '2800570', '', 1, 'LI', '2012-05-16 01:06:37'),
	(1060, '2800570', '', 19, 'UA2800570', '2012-05-16 01:07:41'),
	(1061, '2800570', '', 19, 'UA2800570', '2012-05-16 01:09:03'),
	(1062, '2800570', '', 2, 'LO', '2012-05-16 01:09:15'),
	(1063, '2800570', '', 1, 'LI', '2012-05-16 01:09:22'),
	(1064, '2800570', '7', 3, 'EC', '2012-05-16 01:09:27'),
	(1065, '2800570', '7', 4, 'AS7', '2012-05-16 01:09:35'),
	(1066, '2800570', '7', 19, 'UA2800570', '2012-05-16 01:15:53'),
	(1067, '98', '7', 1, 'LI', '2012-05-16 01:17:07'),
	(1068, '98', '7', 19, 'UA98', '2012-05-16 01:17:48'),
	(1069, '98', '7', 2, 'LO', '2012-05-16 01:17:59'),
	(1070, '2800570', '', 1, 'LI', '2012-05-16 01:18:09'),
	(1071, '2800570', '', 2, 'LO', '2012-05-16 01:18:26'),
	(1072, '98', '', 1, 'LI', '2012-05-16 01:18:31'),
	(1073, '98', '', 2, 'LO', '2012-05-16 01:19:07'),
	(1074, '2800570', '', 1, 'LI', '2012-05-16 01:19:24'),
	(1075, '2800570', '7', 3, 'EC', '2012-05-16 01:19:31'),
	(1076, '2800570', '7', 2, 'LO', '2012-05-16 01:19:39'),
	(1077, 'remy', '', 1, 'LI', '2012-05-16 01:19:43'),
	(1078, 'remy', '7', 3, 'EC', '2012-05-16 01:19:44'),
	(1079, 'remy', '7', 9, 'AS', '2012-05-16 01:20:15'),
	(1080, 'remy', '7', 4, 'AS8', '2012-05-16 01:20:19'),
	(1081, 'remy', '7', 4, 'AS8', '2012-05-16 01:20:40'),
	(1082, 'remy', '7', 9, 'AS', '2012-05-16 01:21:51'),
	(1083, 'remy', '7', 4, 'AS8', '2012-05-16 01:21:56'),
	(1084, 'remy', '7', 4, 'AS9', '2012-05-16 01:21:59'),
	(1085, 'remy', '7', 4, 'AS9', '2012-05-16 01:22:06'),
	(1086, 'remy', '7', 4, 'AS8', '2012-05-16 01:23:29'),
	(1087, 'remy', '7', 4, 'AS8', '2012-05-16 01:23:40'),
	(1088, 'remy', '7', 4, 'AS8', '2012-05-16 01:23:52'),
	(1089, 'remy', '7', 4, 'AS8', '2012-05-16 01:24:09'),
	(1090, 'remy', '7', 5, 'QZ16', '2012-05-16 01:25:46'),
	(1091, 'remy', '7', 5, 'QZ15', '2012-05-16 01:26:08'),
	(1092, 'remy', '7', 5, 'QZ15', '2012-05-16 01:27:42'),
	(1093, 'remy', '7', 5, 'QZ15', '2012-05-16 01:27:46'),
	(1094, 'remy', '7', 5, 'QZ16', '2012-05-16 01:27:49'),
	(1095, 'remy', '7', 5, 'QZ16', '2012-05-16 01:28:08'),
	(1096, 'remy', '7', 5, 'QZ16', '2012-05-16 01:28:41'),
	(1097, 'remy', '7', 5, 'QZ16', '2012-05-16 01:28:49'),
	(1098, 'remy', '7', 5, 'QZ16', '2012-05-16 01:29:03'),
	(1099, 'remy', '7', 5, 'QZ16', '2012-05-16 01:29:11'),
	(1100, 'remy', '7', 2, 'LO', '2012-05-16 01:35:48'),
	(1101, '2800570', '', 1, 'LI', '2012-05-28 18:33:55'),
	(1102, '2800570', '', 2, 'LO', '2012-05-28 18:33:58'),
	(1103, '72', '', 1, 'LI', '2012-05-28 18:34:03'),
	(1104, '72', '', 2, 'LO', '2012-05-28 18:34:06'),
	(1105, '2800570', '', 1, 'LI', '2012-05-28 18:51:38'),
	(1106, '2800570', '', 2, 'LO', '2012-05-28 18:55:19'),
	(1107, '2800570', '', 1, 'LI', '2012-05-28 18:55:25'),
	(1108, '2800570', '3', 3, 'EC', '2012-05-28 18:55:28'),
	(1109, '2800570', '', 1, 'LI', '2012-05-29 00:07:05'),
	(1110, '2800570', '', 19, 'UA2800570', '2012-05-29 00:07:39'),
	(1111, '2800570', '3', 4, 'AS6', '2012-05-29 00:07:56'),
	(1112, '2800570', '3', 4, 'AS6', '2012-05-29 00:07:58'),
	(1113, '2800570', '3', 6, 'HO8', '2012-05-29 00:08:07'),
	(1114, '2800570', '3', 2, 'LO', '2012-05-29 00:11:02'),
	(1115, '2800570', '', 1, 'LI', '2012-05-29 00:11:25'),
	(1116, '2800570', '7', 3, 'EC', '2012-05-29 00:12:14'),
	(1117, '2800570', '3', 3, 'EC', '2012-05-29 00:12:36'),
	(1118, '2800570', '3', 3, 'EC', '2012-05-29 00:12:50'),
	(1119, '2800570', '', 1, 'LI', '2012-06-11 21:50:10'),
	(1120, '2800570', '3', 3, 'EC', '2012-06-11 21:50:16'),
	(1121, '2800570', '', 1, 'LI', '2012-06-18 12:04:01'),
	(1122, '2800570', '3', 3, 'EC', '2012-06-18 12:04:06'),
	(1123, '2800570', '3', 4, 'AS4', '2012-06-18 12:06:30'),
	(1124, '2800570', '3', 4, 'AS5', '2012-06-18 12:06:32'),
	(1125, '2800570', '7', 3, 'EC', '2012-06-18 12:06:37'),
	(1126, '2800570', '7', 4, 'AS7', '2012-06-18 12:06:41'),
	(1127, '2800570', '7', 4, 'AS7', '2012-06-18 12:07:21'),
	(1128, '2800570', '7', 4, 'AS7', '2012-06-18 12:07:28'),
	(1129, '2800570', '7', 4, 'AS7', '2012-06-18 12:07:30'),
	(1130, '2800570', '3', 3, 'EC', '2012-06-18 12:13:30'),
	(1131, '2800570', '3', 2, 'LO', '2012-06-18 12:14:07');
/*!40000 ALTER TABLE `tbl_activitylog` ENABLE KEYS */;


-- Dumping structure for table zenoir.tbl_assignment
CREATE TABLE IF NOT EXISTS `tbl_assignment` (
  `assignment_id` int(10) NOT NULL AUTO_INCREMENT,
  `as_title` varchar(50) NOT NULL,
  `as_body` text NOT NULL,
  `class_id` varchar(50) NOT NULL,
  `date` date NOT NULL,
  `deadline` datetime NOT NULL,
  `status` tinyint(1) NOT NULL DEFAULT '1',
  PRIMARY KEY (`assignment_id`)
) ENGINE=InnoDB AUTO_INCREMENT=10 DEFAULT CHARSET=latin1 COMMENT='Stores general info about assignments';

-- Dumping data for table zenoir.tbl_assignment: ~9 rows (approximately)
/*!40000 ALTER TABLE `tbl_assignment` DISABLE KEYS */;
INSERT INTO `tbl_assignment` (`assignment_id`, `as_title`, `as_body`, `class_id`, `date`, `deadline`, `status`) VALUES
	(1, 'A', 'b', '1', '2012-04-30', '2012-04-30 15:00:00', 1),
	(2, 'B', 'B', '1', '2012-04-30', '2012-05-01 10:00:00', 1),
	(3, 'New', 'New', '1', '2012-05-01', '2012-05-31 00:00:00', 1),
	(4, 'fsd', 'fsfsfsd', '3', '2012-05-02', '2012-05-02 22:59:00', 1),
	(5, 'dead assignment', 'bbbk', '3', '2012-05-02', '2012-05-02 00:00:00', 1),
	(6, 'live assignment', 'ekje', '3', '2012-05-02', '2012-05-02 13:00:00', 1),
	(7, 'RA 6143', 'This is your first assignment. Research about Republic Act 6143 and place your research on a 1 whole sheet of pad paper.', '7', '2012-05-12', '2012-05-14 12:00:00', 1),
	(8, 'fdsf', 'sdfsdfs', '7', '2012-05-16', '2012-05-31 15:43:00', 1),
	(9, 'dsf', 'sdfds', '7', '2012-05-16', '2012-05-31 00:00:00', 1);
/*!40000 ALTER TABLE `tbl_assignment` ENABLE KEYS */;


-- Dumping structure for table zenoir.tbl_assignmentresponse
CREATE TABLE IF NOT EXISTS `tbl_assignmentresponse` (
  `asresponse_id` int(10) NOT NULL AUTO_INCREMENT,
  `assignment_id` int(10) NOT NULL DEFAULT '0',
  `user_id` varchar(50) NOT NULL,
  `res_title` varchar(50) NOT NULL,
  `res_body` text NOT NULL,
  `response_datetime` timestamp NULL DEFAULT CURRENT_TIMESTAMP,
  PRIMARY KEY (`asresponse_id`)
) ENGINE=InnoDB AUTO_INCREMENT=13 DEFAULT CHARSET=latin1 COMMENT='Stores the response of students for an assignment';

-- Dumping data for table zenoir.tbl_assignmentresponse: ~12 rows (approximately)
/*!40000 ALTER TABLE `tbl_assignmentresponse` DISABLE KEYS */;
INSERT INTO `tbl_assignmentresponse` (`asresponse_id`, `assignment_id`, `user_id`, `res_title`, `res_body`, `response_datetime`) VALUES
	(1, 2, '174', 'reply b', 'B', '2012-04-30 14:17:36'),
	(2, 0, '174', 'Banana', 'New', '2012-05-01 20:53:26'),
	(3, 0, '174', 'gg', 'New', '2012-05-01 20:56:51'),
	(4, 3, '174', 'tt', 'New', '2012-05-01 20:58:31'),
	(5, 3, 'Er', 'er', 'New', '2012-05-02 00:15:01'),
	(6, 3, 'Freo', 'fry', 'New', '2012-05-02 00:54:13'),
	(7, 4, 'funk', 'fsdff', 'fsfsfsd', '2012-05-02 12:39:31'),
	(8, 4, '174', 'shino reply to fsd', 'fsfsfsd', '2012-05-02 12:54:28'),
	(9, 6, '174', 'shino reply to live assignment', 'ekje', '2012-05-02 12:54:59'),
	(10, 4, 'Freo', 'freo to fsd', 'fsfsfsd', '2012-05-02 13:04:54'),
	(11, 4, '2800601', 'eee', 'fsfsfsd', '2012-05-02 22:50:53'),
	(12, 7, '2800368', 'Cool', 'Nothing!', '2012-05-12 23:10:21');
/*!40000 ALTER TABLE `tbl_assignmentresponse` ENABLE KEYS */;


-- Dumping structure for table zenoir.tbl_classes
CREATE TABLE IF NOT EXISTS `tbl_classes` (
  `class_id` int(10) NOT NULL AUTO_INCREMENT,
  `subject_id` int(10) NOT NULL DEFAULT '0',
  `course_id` int(10) NOT NULL DEFAULT '0',
  `year` int(10) NOT NULL DEFAULT '0',
  `section` varchar(50) NOT NULL DEFAULT '0',
  `class_code` varchar(50) NOT NULL,
  `class_description` varchar(50) NOT NULL,
  `date_created` date NOT NULL,
  `date_lock` date NOT NULL,
  `addl_notes` varchar(160) NOT NULL,
  `status` tinyint(1) NOT NULL DEFAULT '1',
  PRIMARY KEY (`class_id`)
) ENGINE=InnoDB AUTO_INCREMENT=8 DEFAULT CHARSET=latin1 COMMENT='Stores the general info for a class';

-- Dumping data for table zenoir.tbl_classes: ~7 rows (approximately)
/*!40000 ALTER TABLE `tbl_classes` DISABLE KEYS */;
INSERT INTO `tbl_classes` (`class_id`, `subject_id`, `course_id`, `year`, `section`, `class_code`, `class_description`, `date_created`, `date_lock`, `addl_notes`, `status`) VALUES
	(1, 1, 1, 2, '4', '2012/MATH1/BSCS/2-4', 'Math', '2012-04-30', '2012-04-30', '1st Sem SY 2012-2013', 0),
	(2, 2, 1, 2, '3', '2012/COMPRO1/BSCS/2-3', 'Computer Programming', '2012-04-30', '2012-05-31', 'SY 2012-2013 1st Semester', 1),
	(3, 3, 3, 4, '3', '2012/ALGEBRA/BSIS/4-3', 'Algebra', '2012-04-30', '2012-05-31', 'SY 2012-2013 1st Semester', 1),
	(4, 3, 1, 3, '2', '2012/ALGEBRA/BSCS/3-2', 'rock', '2012-04-30', '2012-05-31', 'SGFSD', 1),
	(5, 2, 2, 2, '2', '2012/COMPRO1/BSIT/2-2', 'NEW CLASS', '2012-05-01', '2012-05-02', 'hohlo', 1),
	(6, 2, 4, 4, '5', '2012/COMPRO1/NEW COURSEse/4-5', 'ROCKER', '2012-05-03', '2012-05-04', 'DSFD', 1),
	(7, 6, 2, 4, '1', '2012/Polgov/BSIT/4-1', 'Politics and Governance', '2012-05-12', '2012-05-31', 'SY 2012-2013 1st Semester', 1);
/*!40000 ALTER TABLE `tbl_classes` ENABLE KEYS */;


-- Dumping structure for table zenoir.tbl_classmodules
CREATE TABLE IF NOT EXISTS `tbl_classmodules` (
  `classmodule_id` int(10) NOT NULL AUTO_INCREMENT,
  `module_id` int(10) NOT NULL,
  `class_id` int(10) NOT NULL,
  `status` tinyint(1) NOT NULL DEFAULT '1',
  PRIMARY KEY (`classmodule_id`)
) ENGINE=InnoDB AUTO_INCREMENT=36 DEFAULT CHARSET=latin1 COMMENT='Stores the status of each module for each class';

-- Dumping data for table zenoir.tbl_classmodules: ~35 rows (approximately)
/*!40000 ALTER TABLE `tbl_classmodules` DISABLE KEYS */;
INSERT INTO `tbl_classmodules` (`classmodule_id`, `module_id`, `class_id`, `status`) VALUES
	(1, 1, 1, 1),
	(2, 2, 1, 1),
	(3, 3, 1, 1),
	(4, 4, 1, 1),
	(5, 5, 1, 1),
	(6, 1, 2, 1),
	(7, 2, 2, 1),
	(8, 3, 2, 1),
	(9, 4, 2, 1),
	(10, 5, 2, 1),
	(11, 1, 3, 1),
	(12, 2, 3, 1),
	(13, 3, 3, 1),
	(14, 4, 3, 1),
	(15, 5, 3, 1),
	(16, 1, 4, 1),
	(17, 2, 4, 1),
	(18, 3, 4, 1),
	(19, 4, 4, 1),
	(20, 5, 4, 1),
	(21, 1, 5, 1),
	(22, 2, 5, 1),
	(23, 3, 5, 1),
	(24, 4, 5, 1),
	(25, 5, 5, 1),
	(26, 1, 6, 1),
	(27, 2, 6, 1),
	(28, 3, 6, 1),
	(29, 4, 6, 1),
	(30, 5, 6, 1),
	(31, 1, 7, 1),
	(32, 2, 7, 1),
	(33, 3, 7, 1),
	(34, 4, 7, 1),
	(35, 5, 7, 1);
/*!40000 ALTER TABLE `tbl_classmodules` ENABLE KEYS */;


-- Dumping structure for table zenoir.tbl_classpeople
CREATE TABLE IF NOT EXISTS `tbl_classpeople` (
  `people_id` int(10) NOT NULL AUTO_INCREMENT,
  `class_id` int(10) NOT NULL,
  `user_id` varchar(50) NOT NULL,
  `status` tinyint(1) NOT NULL DEFAULT '1',
  PRIMARY KEY (`people_id`)
) ENGINE=InnoDB AUTO_INCREMENT=37 DEFAULT CHARSET=latin1 COMMENT='Stores the people associated with a particular class';

-- Dumping data for table zenoir.tbl_classpeople: ~33 rows (approximately)
/*!40000 ALTER TABLE `tbl_classpeople` DISABLE KEYS */;
INSERT INTO `tbl_classpeople` (`people_id`, `class_id`, `user_id`, `status`) VALUES
	(1, 1, '72', 1),
	(3, 1, 'Freo', 1),
	(4, 1, 'funk', 1),
	(5, 2, 'Amy', 1),
	(8, 3, '72', 1),
	(9, 3, '174', 1),
	(10, 3, 'Freo', 1),
	(11, 3, 'funk', 1),
	(12, 4, '72', 1),
	(13, 4, '174', 1),
	(14, 4, 'Freo', 1),
	(15, 4, 'funk', 1),
	(16, 1, 'Er', 1),
	(17, 5, 'Amy', 1),
	(18, 3, '2900478', 1),
	(19, 3, '2900342', 1),
	(20, 3, '2800296', 1),
	(21, 3, '2800886', 1),
	(22, 3, '2801042', 1),
	(23, 3, '2801017', 1),
	(24, 3, '2800100', 1),
	(25, 3, '2800746', 1),
	(26, 3, '2800601', 1),
	(27, 3, '2800570', 1),
	(28, 6, '72', 1),
	(29, 7, 'remy', 1),
	(30, 7, '2800570', 1),
	(31, 7, '2900478', 1),
	(32, 7, '2900342', 1),
	(33, 7, '2800483', 1),
	(34, 7, '2800368', 1),
	(35, 7, '2800296', 1),
	(36, 7, '2900865', 1);
/*!40000 ALTER TABLE `tbl_classpeople` ENABLE KEYS */;


-- Dumping structure for table zenoir.tbl_classteachers
CREATE TABLE IF NOT EXISTS `tbl_classteachers` (
  `classteacher_id` int(10) NOT NULL AUTO_INCREMENT,
  `class_id` varchar(50) NOT NULL,
  `teacher_id` varchar(50) NOT NULL,
  PRIMARY KEY (`classteacher_id`)
) ENGINE=InnoDB AUTO_INCREMENT=8 DEFAULT CHARSET=latin1 COMMENT='Stores the user id of the teacher and its particular class';

-- Dumping data for table zenoir.tbl_classteachers: ~7 rows (approximately)
/*!40000 ALTER TABLE `tbl_classteachers` DISABLE KEYS */;
INSERT INTO `tbl_classteachers` (`classteacher_id`, `class_id`, `teacher_id`) VALUES
	(1, '1', '72'),
	(2, '2', 'Amy'),
	(3, '3', '72'),
	(4, '4', '72'),
	(5, '5', 'Amy'),
	(6, '6', '72'),
	(7, '7', 'remy');
/*!40000 ALTER TABLE `tbl_classteachers` ENABLE KEYS */;


-- Dumping structure for table zenoir.tbl_courses
CREATE TABLE IF NOT EXISTS `tbl_courses` (
  `course_id` int(10) NOT NULL AUTO_INCREMENT,
  `course_code` varchar(50) NOT NULL,
  `course_description` varchar(160) NOT NULL,
  PRIMARY KEY (`course_id`)
) ENGINE=InnoDB AUTO_INCREMENT=7 DEFAULT CHARSET=latin1;

-- Dumping data for table zenoir.tbl_courses: ~6 rows (approximately)
/*!40000 ALTER TABLE `tbl_courses` DISABLE KEYS */;
INSERT INTO `tbl_courses` (`course_id`, `course_code`, `course_description`) VALUES
	(1, 'BSCS', 'Computer Science'),
	(2, 'BSIT', 'Information Technology'),
	(3, 'BSIS', 'Information Systems'),
	(4, 'NEW COURSEse', 'me'),
	(5, 'XXYY', 'EEFF'),
	(6, 'BSRT', 'Radiologic Technology');
/*!40000 ALTER TABLE `tbl_courses` ENABLE KEYS */;


-- Dumping structure for table zenoir.tbl_events
CREATE TABLE IF NOT EXISTS `tbl_events` (
  `event_id` int(10) NOT NULL AUTO_INCREMENT,
  `event_description` varchar(160) NOT NULL,
  PRIMARY KEY (`event_id`)
) ENGINE=InnoDB AUTO_INCREMENT=14 DEFAULT CHARSET=latin1 COMMENT='stores general information on events that happens in the system (Eg. send message, create handout, create assignment, etc.)';

-- Dumping data for table zenoir.tbl_events: ~12 rows (approximately)
/*!40000 ALTER TABLE `tbl_events` DISABLE KEYS */;
INSERT INTO `tbl_events` (`event_id`, `event_description`) VALUES
	(1, 'Create Assignment'),
	(2, 'Send Message'),
	(3, 'Create Quiz'),
	(4, 'Create Handout'),
	(5, 'Create Session'),
	(6, 'Respond to Assignment'),
	(7, 'Respond to Quiz'),
	(8, 'Invite to Classroom'),
	(9, 'Remove from Classroom'),
	(10, 'Reply to Message'),
	(11, 'Group Invite'),
	(13, 'Group Removal');
/*!40000 ALTER TABLE `tbl_events` ENABLE KEYS */;


-- Dumping structure for table zenoir.tbl_exports
CREATE TABLE IF NOT EXISTS `tbl_exports` (
  `export_id` int(10) NOT NULL AUTO_INCREMENT,
  `source_class` int(10) NOT NULL,
  `receiving_class` int(10) NOT NULL,
  `export_type` int(10) NOT NULL,
  PRIMARY KEY (`export_id`)
) ENGINE=InnoDB AUTO_INCREMENT=5 DEFAULT CHARSET=latin1 COMMENT='stores the class export from and class exported to';

-- Dumping data for table zenoir.tbl_exports: ~4 rows (approximately)
/*!40000 ALTER TABLE `tbl_exports` DISABLE KEYS */;
INSERT INTO `tbl_exports` (`export_id`, `source_class`, `receiving_class`, `export_type`) VALUES
	(1, 1, 3, 0),
	(2, 1, 3, 1),
	(3, 1, 4, 0),
	(4, 1, 4, 1);
/*!40000 ALTER TABLE `tbl_exports` ENABLE KEYS */;


-- Dumping structure for table zenoir.tbl_filepost
CREATE TABLE IF NOT EXISTS `tbl_filepost` (
  `filepost_id` int(10) NOT NULL AUTO_INCREMENT,
  `post_id` varchar(50) NOT NULL,
  `file_id` int(10) NOT NULL,
  PRIMARY KEY (`filepost_id`)
) ENGINE=InnoDB AUTO_INCREMENT=2 DEFAULT CHARSET=latin1 COMMENT='Stores the file_id for each post with attachments';

-- Dumping data for table zenoir.tbl_filepost: ~1 rows (approximately)
/*!40000 ALTER TABLE `tbl_filepost` DISABLE KEYS */;
INSERT INTO `tbl_filepost` (`filepost_id`, `post_id`, `file_id`) VALUES
	(1, 'UI2800570', 1);
/*!40000 ALTER TABLE `tbl_filepost` ENABLE KEYS */;


-- Dumping structure for table zenoir.tbl_files
CREATE TABLE IF NOT EXISTS `tbl_files` (
  `file_id` int(10) NOT NULL AUTO_INCREMENT,
  `filename` varchar(500) NOT NULL,
  `file_data` longblob NOT NULL,
  PRIMARY KEY (`file_id`)
) ENGINE=InnoDB AUTO_INCREMENT=2 DEFAULT CHARSET=latin1 COMMENT='Stores the files uploaded by users';

-- Dumping data for table zenoir.tbl_files: ~1 rows (approximately)
/*!40000 ALTER TABLE `tbl_files` DISABLE KEYS */;
INSERT INTO `tbl_files` (`file_id`, `filename`, `file_data`) VALUES
	(1, 'edward1.PNG', _binary 0x89504E470D0A1A0A0000000D49484452000001E6000001E60806000000A6932DCF000000017352474200AECE1CE90000000467414D410000B18F0BFC6105000000097048597300000EC300000EC301C76FA8640000BB2949444154785EEDBD09B8265759A8BB9F8703F7844368251C3421A6C16008E7007D04152368935CE1CA9406AEA292407B98C3D41CAE8C0708042253B49915059A03CA204233080491B44CA24C2D328810D24898A70604040DA95B6FEDFDED5E7BED55B5BEB56AD5F0FFFFD7CF53CFDEBDFF9AFE55B5BE777DF35A65FF6C046C046C046C046C046C046633026BB3B913BB111B011B011B011B011B011B81CAC06C2F818D808D808D808D808DC08C46C0C03CA38761B7622360236023602360236060B677C046C046C046C046C04660462360609ED1C3B05BB111B011B011B011B0113030DB3B6023602360236023602330A3113030CFE861D8ADD808D808D808D808D8081898ED1DB011B011B011B011B01198D108189867F430EC566C046C046C046C046C040CCCF60ED808D808D808D808D808CC68040CCC337A18762B3602360236023602360206667B076C046C046C046C046C0466340206E6193D0CBB151B011B011B011B011B0103B3BD0336023602360236023602331A0103F38C1E86DD8A8D808D808D808D808D8081D9DE011B011B011B011B011B81198D808179460FC36E657946E0C89123D5A14387AAF3CF3FBFDAB3674FB57BF7EE6A6D6D2DBAEDDAB5ABD99FE30E1E3C58719E39FCE3BBC4B639DCA7DD838DC0328C808179199EA27D874947E0E8D1A30DB4F6EFDFDF0078C78E1D5B00BCF3A4AB57BB7FEEDAD5F9E79D1EDDD88FFD5D88EFDCB9B3DABB776F738D31FEC98282EFC2B5350B0AD987EFCE71DC2F0B8BC3870F8F71CB760D1B81A51A0103F3523D4EFB32638D800B2F175CBB6EB8A3DABBE794EAC0936F561D7AC9ADAAEAA377C9DE381E98036BB98640BAA426CDC28245059ABABBA86081B0E7CC139B7B38F8EC5B34DFA76B63BF7DE79EDADCAFBFB8E0DC070E1C6816175CCFFED908D808B48F8081D9DE0E1B01C5080042C08226E883181801ACA3EFBD43368463003F72F16D1BD8BB90C6ECDD478BE63BB926F61DC75F757351C1F562F714FB9C31E19E191F1FD45C97C580FDB311B011D83E0206667B2B6C045A460033AC98A7374DB535BC000D1AE49020EE821ED0E41E0029F7C562214583C6C42C266ACE210B8B1868FB7E7EF8356736E3B6EF3EFFA3BEFE09CDBDA3A18BD9DB34699B8A3602EB236060B637C146C01901600C28D04605C698A731D30296BE702A793C0B03A02A802360ACEB1FE0C3A4CCFE68B07CA7129A71EB77FAE4DDABEAB3F7AFAAAF3CA2AABEFBD4AAFAE1B3EADB7BE1E676F0E079F5FD1C1B67EE4B4CDE06699B96AB3C0206E6557EFAF6DD1B7F27E66060ECFA57311963869D1B8C431004AE62E26641110AB8424B96EF870FBCE40261CBB93E7DCFAAFADA63AAEAFBCFDC026117C8FEEF478FEEAF03C5CEAB9FC119F53D1EB7B92002D2582C52AC01F64ADB082CC308189897E129DA77481E0181B1EB2F0658FB1F7993C94CD47D61899958CCDBF8C3F9E7FB91D192FB5E67DBF11FFF8DAAFAE2C3B669C45D30EEFA2C0469161C06E9E4D7DC0E58D01130302FE883B3DB4E1F01608516E6A60001E329FDC5A52189799B486A161C6EEA161A7571ED5FB463C73C9D0BE3B6E30E1F7E5CB56FDF599B3E69BE1790C66C6FA958E973C08E588C1130302FC673B2BBCC1C01DF4C8D4609A4165933D6C01CCDB8F13DD7DF97EFAA3946BD0F1A32E6EA01811C3A7708D22CB2F6EDDB6790CE9C1F76D83C47C0C03CCFE76277D57304D08EDD002EB4487CC66AF8F4C83F9ECB3548572A1EDC85C97A642087AE77E4C885B569FB6EF5333E795B8E37FE74FB6723B0C82360605EE4A767F7BE650442DAF1B26BC6A32D0288B026B27A0650F6EF4120BD7BF7699B9096342C33779B9058C41130302FE253B37BDE1C01829B3065BA7EE355D48E070334666BD29D6608E4D03D11E17DE0C0DE2D6958BC1B16386642639146C0C0BC484FCBEEB519012921E9E71A9B769C5FFE330876CCD6573C6F61A0DCA6494B3113CB933601B2282360605E942765F7D994C4940219522483021BC5FDA84BE05FEEA541136D9D9087BC08DA3481636E9EB498BAFB9434B529692330D4081898871A593B6F911108F98D4971EADB20A217B89619DC0B64B6CE5D10F815C73075937E65854C8A4C593B49811130301718443B45D91130BF716193B4662181963CD3E0AE5C00C78EC31FED477693FB8D65C64A82969DD376B6B4113030A78D97ED3DD008CCC56F2CAD16092023DFD9DF96D28F7DF98317DA971C03B0E673C9919692A066EA1E68A2DB6955236060560D93ED34D4084CED3796768A522D6BB3EF71DDE42104660A762C553EF4C479C968ADE79F7FC7BA4AD969DB361A5CF019A6670D5C4BED63A6EEA166BB9D573B020666ED48D97EC546606ABF31652BFDDEC6D28B38569E13FF36F02E5E4D4B636E2EBDCFB72F1815783E380F1D7A78D3B482A86900EC6F046BB90544F81DD333DA6D2908C79A6BF8A66E3201CCD45D4C14D8895A46C0C06CAFC6282380A99A0E4E53E61B532B1AB04AA30717C629C160D26A71D02E4DA521EC9E8FDCE489A3AEC93516EB04F08B0152B45831350369CE81C63D06A443E540A58FF42813C82EB2522360605EA9C73DCD97A5B883B41CA40FF0D87E5AFCC6AEA99AFECA7DCDD11C0F58160ECE40D9EB8B3C06D8DC6B0894812C5A73EAF5FD022298BCC734774BF7AB4DB7471DD50DA42D606C1AF9B28C5735302FE3539DC977425049DEF120CD14225A25F0642120021438F74EB3026C044BD57013C0A041A768DC93ED4B59CD89A10C889BE61A3594FB9AA4D196DDCE5398C4D1BEC7D2A2A5CA98143061F1C922D4FED908F41D010373DF11B4E38323402301D19201E2584540C47FEC0219ADB6F7F5811A39BE5E252CFCA08006DFF464C0D598BD670065400C904B40D9D7B2592449AD6CCE8FBF9A1ADAA9DA78EEFE2C08C4CCCE62D472A24D30F6190103739FD1B363832340EDEAC15A0EB64008206322F7FDC7BD81AC687188BF93EBF6BE9606B039FBCC00CA6897A259F6D594BBE08946EE36B360E134A6068D597DDD22B0A336D31F3209612390350206E6AC61B383422380E95AEA57936A3406A84240A617317FEFA5C14AF30645AD68043FDA12BEEB5ED7CC816EEC9819F89401A95816D06C73B5D294E3A60434DF51B46716A9F6CF462075040CCCA92366FB074780F67A12713D96CF150DD93559170132DAE5379F900C0F0282D094C6FAEEAA05C00CA2AF81E9A62F7EDF59C9E39A02E3D0BE68E7A2C536CFA7BE87314CDC2CD624D58B6A6266DA36C199320206E694D1B27D8323405EA798AEC7F0B5720D0132266460584C43EED1DE10A1CF38F40E308B69C1DACF27CE53069440B0B126D4E6FEBE90ED733C809EC2C48DAF5B4CDBD61BDA04A876040CCCDA91B2FD822340142A8207332E79C22A4D4E0B166F3F80C77524CABA485017D728549252FCA82C1A7A2F1432C76873FC33B4FE3EE06B3B16180E11EC957BAF00DA2D5AC2626A681FB41452C1EFCC22D6FED908C446C0C01C1B21FBBC7504C8DD14280F092280EFE621F37B9145C067EF5FBC46B4A4034D6AD29E0994C5BC8FD6980BD2A18EE3DE04D063A459B90B02F33B9B508D8D8081393642F679700404CA4316D800F652654B1600454CE50377529240A7228B8754CD79E2DAD702D2CD80B8894DD831B0BB815A007AC8E034C644DE0DE68FFDB311681B0103B3BD1BC923300694FDD4A7BE95BA1A13AF445AF7F023C7043D9F4F16A57DD9BD67A3994AC0D590A9519A67A1D9471A69888B044D7AC8FB3638278B9C953BC0C0BC728FBCDF171E1ACA68C4AE1F9948EB227EEB427E648DA07723918BDD7F4C7366D1A148EDD2DE7F9FFDC49C9F6CC29EB82A19807623B8F97D28FFB3C1B99F1C5AF6A30DCCCBFE840B7E3F81F210B0C16CEDFB918BF8AD497FFAEE5327D124472D3C3271530A17E49884D992A086097E268B0B1616E27F26706DA8329F92466666ED82426A494E65605E920739F4D710281731293BDA5FC88F5CCC374B09CD81CDD6B12A54A334BAF8DA6326FD9EEE1800B1A644694A0F65AC19F24E4CFCCCFCEF22D5CAF899F49D94EF9DC17968C9B598E737302FE6731BF5AECF3FFFFC413A2991FEE4E62317EB718CAF7562B3A808F8C103C166E45716DF3A2952EA05118B0ADF4C3F936727DF41F2D39B00C401FCCF06E751C5D9425CCCC0BC108F69BA9B94E22125A3AFA52FB2DBF5A988D91A53E84C5285B645270F51AE7326E536FD4588BA9523CF2AE43B4783566A9C63EDE757104BF69F47BE8F2CE02C956A3A5937A72B1B98E7F43466762F542AA22802C15825C0C939F04F6FF6B1AD0B7114AB9285E63893E0271F16A2119576035433326153E1AB31DBD74D2354B0C427CEC2A22DA86D463E73F7FB60CE963AD8E27F567D5FC542E3583DF103339304763B638F808179EC115F90EBD19082DAD7A5A0EC9BAD8BE4234B0AD4CCB4E490A06E02A2EA8548910873BEF78C4CD87C5FA9F0A5AA43CD028AA0BCAE48F3997D3FF7994A3EB2009AEF5E2ABDEA589AD9E1059114769B438C80817988515D8273D2258A3AD42502B1DC222145EA5A8B409FB1963CB8D63C238D32393D8AE7164BFFE2F389A2E9B51A308B10B7FE36E6EDA448F480162DCD2FB05459E38B2510A4995FC1C09C3970CB7C984460F735330375C949465BEC7BBE4D613E435FB2469817D39A6714B9EC6ACB2A288582BDDA208D56AD30014FBD8F6BDE2EA13D1FAB9A461EF5D1651635F6DD5A46C0C06CAFC696119060AFBE11D2AE2F99FCE4123EEA06CC338AB84E0542115FF34C727DE5BB8BB64C9A54743C627EE510A017C04DC1F7F68B93F46D8E81697CDD67BFD724D40A8E808179051F7ADB579660AFDD3F776D9DA93120485D2D195378315F32D79A40534440968CC0EDAD35CF0C544D1195BA084714CAF895A951AE3161BBFBA035CF34A82FF49D59A8B8B9CFEA08F580654016727470B37FAB350206E6D57ADE9DDF56FCCAB9DAED605A325AE244FE46827154E0519A5C7B69CD3333ED4AF72895B6CCA24A01655C1FDB1673132CC8A20B8D8EE78DF6ECE63EF7D19E37F3E0EB0C09FBB73A2360605E9D67DDF94DA588488E86EBF6492EAE250FD09A512B7411B04929404A388BD69CBC005A546D99459502CAEC432C0270DEB2FFCCCCF7DAF7C76DF598DBB96AB3C7779D2161FEE6D511D606E6D579D6ADDF1413764EE948BF9C66515F32C2F8DB17C44DA44A186A85A9BB9F68B7A54B316E4631A734E898A9B6AC6A939860C29608FE2317DF762B9C67587444FB4E61517053AB542965CE7B2DFE662B3EB23AC2DAC0BC3ACFBAF59BE698B0DDBCE4A211D7685608F21994652C6DC676057993F75BFBE0D55AF3CCB4656954118593D2842D1A32310A2C1283C187337827A2DFB765A1E8A65601E9D4B805F6675C0E1D3A64126B0546C0C0BC020FB9EB2BA69AB07D2DB9685E32509E8966349419DB8F665675EA9A99B67C2C282912894D14B6D284EDEE173467CFB0A84A0EA4193BD19E53EB6EB33F457FCCA4BDFC42DBC0BCFCCFB8F51B52C080420698A0350274502D79A2A8EB36E13A94193B4B6B9E51E94DEE7F1D108AB68E09266CF7FD6B35672F40D1110DACFDD42AADF62C2E1033692FBFD036302FFF336EFD86BB77EF6ECCA9DBFC799E9633B8963C61D4759B201DD28C9DA435CF2CF0499DB79C5248C47BDF3ACDD9332ED5A981B2BB8F9B5AA5D59E25DA9BB810FBB7BC2360605EDE67DBF9CD0E1E3CD8F8AC62A654A2B48137FB16F725CFC89FECD7426EBEAF462BEC197C16F5357FF1619306C0F9B0E17EA3E342DE7157830A8579BBD59CCDB133F3B7A702D97FD7DCD4AA98F6EC56055B51D1B5125F7BEDCA2BAFAC52B695189515F892F8AABA9A2AA02563E2964E50005C1DA8A410BC8DE97226FE645FB08A195BFAEFAA4A4D66023A1AA13DA39AD8121D1CCD5BE6B96ADF81962235B2180C5A7366E673EF0366D77A22854962DAF3B1FCF1FD2B20A956F32B26833905E2B66FDAA267C8F1725F6F223B5B235F6B41E96AC9E494966864B14D50CF58EB69CCD8C7AD5507F6AE35E384A01C12CEAD5A333EDA4CE00F719C14BBE84CF749C8590EC19B770D28EF3C617DEC5B4BC32E58D111EDF390E8EBC69A554762B71DB7DECDAB6EC76AB5B49792DC06E6448BC190F01CEBDCE25BF635E09096DC47F3091E3B83FCE42E21B9198D7D46EDE579E13870DEF4DB3EF2265B35CD192D5ED4FD963303BE785704CABB4E5EAB8EEEAF5D09359CB7151B110D7B66BE772D7835FBB98549DAB4E7631DBDCE5F4A30ADFA973230AF18982FB9E492A06F79142D19A13D23D36C48486E46639FB70EE6B1E01CACA13DA3BC5D95B6CC4222D384ED439971DF77D6BAD6DC1A9CB8A45AB3BC9731EDD9B4E6E5C5B78179C5C0EC6BCB083D9A56B8BEE45CE1DA791C505E80660462C6162887E0ACD17A52F7D956437B46D1C72A6DB947C017EF6013ECB5A129CB981F7E5CC49CCD2260468B97D467AED91FED597A3EFBDAB3AB358F656D5BC6EBCC11EF06E61502B3AF2DE3BF93201BE03C882F5982BC1600CABE19DB87B36870C05B235453F7D9A235CFC88C2D9A1B9068FD4E448F6768CBB84F803266EB23171EB352C8D8779AB3671C4098FAEC63FBBB653D5DDFB368CDDFFCE6379382789711B0CBF49D0CCC2B0466D19601B068C980B96FEFE54E813CD3C86BAD19DB87F3DEDAF73C44630BEE07E1DB945D7CC9AD66A3094A7A0E0068854766852FA08C0F9940BB109455E6EC25293A1203339FBB653D591CF26C4C6B9E4F806DC98581817945C02CDA32DA89AB25C78A8BE468419BC7E46A7D1369D76D666C1FCE985C9B88E11AA41A81AADD671382BFF45345CFABBD7E68BF63359A1FDE7E4F98DD33B465D2F18032266B7F8C93CCD93332FBF7196BEDB1A23D53DA93D429D39A970FCE06E6150133DAB2F89107D792FB148100CA13F45E8E99B15D7048C430E3A9EAAE9490F2A4321B279C4F2BECDBF6C3BC8E6FB3F53C99E9515276F3A01364D706E7A8399BF76DE24E647DC739F578577B96FC67EADE97D4DAEC5CD301DFC0BC0260166D199060C21E544BEE6B5A44CB9E20723B148DDD060AFE8E9687B687D6D2E97B4D84A82AD02AF19CA9425FF6DF0C48AB1B2FB49E83621F89DAF28127DF6CDDE270B7764DD91DFB687436D75FC2A2239AE7E6FA9EC96B365FF374302DB99031302F3998A57B1426EC417DC90847724BFB42752201AB3563BBC040DB0330C0B9640112494D2A794E8D90F7F75937911ED70EE58CF428FCE78D8F7E234FBC6BF19364CEEE63A51969A193F30C34C7B8DA330D2E4A02C2CE350DE80DCC4B0AE60F7FF8C3B5097297AA1E76AAC6D35A38A42F9431474EE02F4C3163FB2039FF8EEB702E19A9AD6E143120508E0515B5549FCA488F925CE5DDA7E9346577AC55E6EC252E3AA201B4D4DCC66D75D9659719A01758B61B9817F8E1B5AD66FFE00FFEA029D73758394DDF7459425306329FBD7F554D503422D58CEDC319D0C44A286A04ABBB4F933A556FA9C795DA3FAAB5F39C124DD8BC8F7EAEB24663564767CFAC7568A96791721EE958C5FC7FC94B5E62705E50F96E605ED007178232FE2509F222B8A678D389902006CA258A3C708E89827872CCD87E3018FEE626D5E95047F47282863B463FE836811FF573CBB34A00F3DE3DA734E3D315811DF3E977D6CE764B7596781F139E550A38C7D8170B902CACF6ECD9637EE70594F106E6057C682128BFEE75AF6BB46422AE9B3CD804A1D96BDFBEE66B1180D2BF77E454A93E666C1724871E5ED6DFACCA1F1E081ED1C8F0C4EE51C4363411EC755310AD861CDA4F65CE5EA1A22331C8934A458C0072810050F3174FE32FCE197703F38283192D995571E3E7ACF34247D19205FA25FDC1047D4D10F8D5D78CED02842863E94615139A9ACFC567D8D9CD69003823CC5B0B8A241613C1AFCC981059DD07CA49E6EC1528D5A9797FD887059E94F42430CCA2B61703CE06E60507F3DEBD7B1BC147138A5E9A6F8E869D5B40C48709415F5C1F1FF300A0E93A675F33F690FE66312903E8B1C6259A2295504C442A7BE157EE0B6549515399B379974A2E1A477E278778D69256451F76024373B4383B663CA81B981718CC445E36A927B5FF6E7428E35B2E25B0C4348A39BBD43995E7494DDD890186E223E26F2E91DF2C294B63A54E514CA435E82CB19808EF65ACB2576C3CFDCFD5E6ECBEF9F4CAF767ECF7B5CFF558E8AD5B43761B98672EF7D77EF4A31F55B6C5C7608EAB45D196072F1812D2A64B454FE35396F38F5CF10B1F5C09DFA70F0FF13703B8BE40DDBCC7AE221F8520C242A233BA3C415B9622227DFDCAFED84AB11195CB26476B2670AC9425A8D073E90363FF58891F309FF378DA6F0E3B0CCC0BBA30F9CC673E339DB65CD287E716A91859906DA604D55A6EAAE616DB5FF29B3B9B3F28BF6FB42CA6F23C3101DFD97359DC0D0A97070B458210538A88C4C6533E97A22E805F6525CA59EC11EBB0A4703E7AF48F4D6B9EB9B60CC80DCC0B0AE67BDEF39EDD4DE415025425D842E729E90BA64F33D7E06721C068CF83596FCFAEF25006226E3D6DB45EED3D85F6533592E839769BD1E97BCF08DF6B42E94DCABE6272660CB4C04DD90FF338818EAAF737476B9616964B05E717D5CFF55DF5F689EAFCF3CF69648769CDF3D59A0DCC0B08E6C9B5E51C2D24040E371F76E4F6904399B15DC090B32B253BFB445647A1D913CA2C06365B4E86F2B0134A6F9E7FDEE9EBF9DC75FA580A6C53F695D69B2A73368BBED4943E37F27C29E0FCA61AC8FFD84099EDE8D1776C6ACD7DDD9839665A3B26BE2030302F209827D5964BA634B9D5A34AF9AC95901AD28CED42A654C9CE4E33B3F23B7769ED9D95C694DAB2A446F19D53409BBA6FB2393B67D1E77EE78585F39FD620FEDB4D200B985DADF91DEF7887C518CD900106E6193E94AE55ECE4DA72C9C86957F895D2C295901AD28CED8346FA376392CE35694703B394DF3B747D3977B0BFB4525B2E9D1A15837592393B2726C22FA292AA75F7781EB9EFC8B1E3305BBF3D08E4635AF33B8B69CD7DB56E3B7E7BF0B18179C1C03CA9B65CB249805FA8624441368619DB05CB910BCB98B43B53997A8C5FA736AED4963161974E8DEA8273B2393BD522E3A78695AA07DFE339E980BDD56CED6AC9FEEFE79F7FEFC6ED605A733C2B67ECC583817981C03CB9B64C504C29C1E26A2425CDE38AFB1BCB8C1DAA0AD6A70B55B4F887E2BBFBCF4F4A7F06EF4BA92D4B2BC7A14DD8EE78269BB373F2EE39C60D7E2CB930CD7856DD73EF2FEAB9F9E14E2DD907F3D1A3EF31AD79A6F2DFC03CD307135AA14DAA2DE704D174091F5713CB899CED21D8C63463BB301193769F286DCCE1250A978890EF6C96A1D496E91A95D3CA3166AE8E7D9E6CCE4EF515876A8297CC48E8F10E1F83F4AB5AFDC85DDAB27C665AF3FCB46564BF817941C03CB9B65C329DC9CF894D3533F61068639BB14351DA250A8F94B25CD00D2BE8FB566ACB7431EBD3352A06DFA2E6ECD40560DB1894B41C65BFCBFD807CCCD76C5AF3D8666ACDF50CCC0B02E6C9B5E592415F92272A6642409D2DA0EA3ECE09C74E61C676E12295ABC6AC7F9D323E9BFB2AB4653161D3BCA30F60738F4D3667A70681B955E9FC7CFE9183154B69C8212D5AB4E60F7DE84316A13D131E189867F220661D898D502AD98ED1F7DD8D18F13A95195BE0E3161E296992CE826FDB8246A92D63C22ED5A02217CEC9E6ECD4D4292980E38399854BC939115D5C96D19043603E72E46063F560F1AFD1E66C9FE1CDDF06E60500F3E4DA7249BF5AA811425428A569C56D909AD28C1D0A5C22CABA28504B8DA3425B96286C22CE73A15AE2B8E4E8ECD4002E37D7DE8773C979D1FAEC8603B20BE9BD7BD7DB73E23233F00E0FDED8181B98670EE64DDFF25DFF7B555DFE9CAAFAE707E94A11962CC959D2D4EC07D494F45D47C034B519DB0511A5409B1686FBEF362F382BB4E529A2B0DB209E65CE4E09028B75D42AE9E2D9F2FE1EACDF8BF72745596B82BDDAF63972E48F4C6B9E110B0CCC337A189D91D87FF7D4AAFAC6DBD6B7CFFF5155FDD37DC601744E9A4917207D33F6285AC7BAC63DB519DBCF6DC60CCB3DF529D7595CE35668CB3B4FBAFAE4266C772C93CDD9A98BC1AE456EAA06DEB978A4300879C869694F7D805C5587EAEBBDB4991FB27035ADD93466339B742C0CB668CB0265F72780FEC4461388921AB27BAE549F5C97E0F18B8A709D9122B2E762C62E9DDB5C14CC0A6D79FF236F325914769BD69C6CCE4E4DFD8BB5BBEC3D47002395BA8ED5B3EE07DBF59AD8DDDB3120CB3BC402D17CCDD343D9D2A516515B0E01FA8B0786D3A04B0666F9D1D808C89266F28E45C19CCCD8A5739B8BC139A22D4B3B4722CB4BF8874B9D23CB9C9D92F2D4E567EED54B1CFFF17AC7A77136C0CF02605D430E6DA6351B984D5BD668CB77BE41557DED8DC7CCD82130CBDFBEFC67657DD0A52B7285047F49F07780794E66EC59E6362BB4E5A1DB39F60175B2393BC54513F3330367758E34E66AFCC7639AABB9D65BEB8D6B7707529AD66C6036307780793312FBBD8FD541D905F657EAF27C973DA1BF0F3A45AB88450487CCD808B4D871053E9FA3197B76B9CD116DF9C0936F36783BC73E60CE3267A70481695C459DD61F3A3D613E1ED35C4DF0188B80B4AC06D39AA787B3057FCDD09CBDE95B4ED196439A3480FEEC85F97EE892DA6CC81C585A236F114014F3C077460E711FE13FD4B16E6E3395B8520569EFFD23DA329DA3761C7FD58A48F2A1C6A0EF79B3CCD92981876DF9CC2EB0B7BDCFA21D8F175DBD6E12670180993C0DC8E66B9E1EC81200BC76C5155754B6F51B83584E5AEAE7BDB4E53653776AA058696886049BDAFC97276044D0500273EA421831F01C7AF87AFAD424B9CD116D79EF9E539ACE51735DD8C8D8327EDCEB96C613314D575B2424141F113A77A3854FA11DEBCDD51A609BD63C2DA40DCC335B985C7AE9A58D806E040C1A6F974F39E73302C52E7D745C78953463FFF059E1EB8D10912D3EB3313B1FC520DCF6B9E436F7E9DBEC0A5D5565B188B63C75D9CD94B164FCD0EC93C0ACCD438EF9E03FF69BEBEEA3AFBE76A4402E091823788CCE52FD16AFFEF1E66B36309BC6EE2C0E1EFAD08736603EF2AE879487B20B7202CAFEE599ED66EE9266EC36A136029829E03155938514A8B02F1A6989DC66CCE1BB779FB6A981779AC723DAF21CCA6E6AC7919ADDCDB37ECD997A386B739ADB62243EFDBFD60BFFB8019ADF7FDFC070463B26DFB93DBABA04A84D6B9E0ECEA631CF4C63DEB1A36EA1F773D71E465B6ED3B0458B66D58F79AEB4191B5F5EC8EC37422300FA0C033BAD709F7A3F810B604D15AE2E90771C7F5CFD1EDDA001151B7E767A2F6F3967440B949C65CCEC538F8BE6FA9407E5BB522E34496BC6A2A3D138E51DA67600DA315910A13975F4AFABEA471F2B0C6782C6FAF98E55DFD11907D19A511672DD9DA96E3CDB7F7D3160609E11985FFCE2173782E5C0EFFFF6B0DA721BA059F5B3FAFFCA9374824A23CCD8A7CDCF57522B0FDC0B206ADC02678C0F1620B1F384B526600AD8A6D494A6B731F7ADEDDBEC03F9FC07DCAE3AFAEEA757D5479E5B1D7AD143AB9D275DAB391F2963F45FDE14D01DDAB2E42CE7067CA57C5F0D74B5FB30E6CDC236E65B763FD75A6EBE5857DF6311AB7121FDDBDF170233A66A22ABE3A94EA9E0D5ECCF0211652117CC765C5EFC92817946603EFBECB38FF9C828B989A9599BC3AC1116DA7DFEE31F6A4120E63202597AF8AFFCDECBAE40EC735EC5B1922645C4AE56B097DA4FB437D158F9093458241CD8DB0DEAC38F5B073320DDA6E53ADFBB0BC8405936200DACE55E10B6473EFCC04E7849C09716B0ECC7F7E2FB61A168DC311334B8C84A9BEAB410E1BF4553AD35D6EFBE570765E6195A7376E110A2B88737556BE6350B399EE56B5FFB5A83F388AC30308F38D85DABC72D415FFE6A1F3F9676A5AE856FDB7E418122F99019ABF6B668D6D2E6F200A873AA7D01172D4063105FD7DE6E501D7EF5A31A30BAA6E52602FBE4DAC45C57D162E1E0473C13AC2626685F806A81ECC299DF8FBCE5895BEE01932FA950BE76A96952C1FD72DFDC3FDF73CB026443432F01E6D47348DAD4C167DF224D6BDE62BD61311A289189169C32BF7EF0810438B310EEAECAA50169E97D5818B240446930ED374FFBCD193703F34CC0BC19F475F16DDB058A447EB6F9B6528446DBBE68059D2BFDBF4D33ADB5994B474895224D0AB3700CA0EEE780D9854C8AA6EB5F47B4371F909897F79D73EB6AD70DAFBBE55ADC2B40C6A71BCA6DCE05B27FFD03179C535B668E5BD7CAEB28668A87B8706EABF0C57D717F2C28DC31E27BB0F0E07B712D1620C03A65DC655FAC0598FE9B08EB0CCD9B71CB4A9BFA5A6DA66EB4D48E9CE37FAFE19932C7A25AB3C0B8A7554A613DEA036C59E0A23CE440C68E4907BA81792660DEB973672DA877E857F91280523AA50AE1A336C14520DD96268545A077E1FF6EF33AA9424D5BC55AC8A7024234C0FD8FB86B50D3D56AD4027901960F48FE8F99F9E0FEFB567BCFBEC5A62F58A027F7416EB344590354D7871C3AA7E66FBE799B770F4D592A7C71EF2E247D8D988505F72DBE6CF79A297EFD1088D7170CEB0B871CC0B3C0A10356D4CFEC465447215AA72711D0950266F6DD369F1603C67EDA1DCFE2F77FFFF70DCC23F1C2C03CD24077AD1AF1DF34415F9EE612152C62F2C61F4D85AFBE9AF437FF2A01CA7EE17D208DC6E1ACFEC911DDB8C76DDF4D1B7093A90D489A9468A19838B566513187A2F9B9C001B02193741BA837A3846B6D52034B3137A3D1026A819380AA049043E6ED3D67AE778C7237D156E5DADC0FF78539BCEBBB3046CDBB5C833DB4200AF9A2E51ADC078B214CFF5CABEB3C5D8BADD6B4292C4EF4336F8BDD68622B220D2598232970FEF6DF6CC46B60A69EB766DCA555637D427930ED375DFBCD193303F30CC02C95BE42FE3E359CDD540E044F0EA4FFF5DD71C114135CCDE79803EBA2F99F5F2F6482BF0F21BB25BF34A54E71069CD132019B0BB7CDE0A75AA3C2370A3CDA52813623A36BADB00D441A5003381FF05A48B31F90E23A21CD34E53CB17DB9866B5A7721193BD6FD5C82CC6411E482D8F745775D8348F298B6CCB9797E2CA430B1F34C796E626A27DDAB698B4A6A1395EF62408DBA71EA771BD0B69CE7C0739CDA03C484705DAEAF4DC7CA78CFFB98A8538E9585EE3BDEF10E83F308CC30308F30C85D2BA6AF7FFDEB793E314D3A0842812A5F1AA184B0490A5651B4AA43BBA8A3CA1FF3D03B35DF71CBC263C01C664993C2DC2AE66281289A9FEFDB95402C7CC2E2E395129900420BA63650737EED39167D3F0970632C7D10F399EB8B6EFBAE216D1993B70B5F57A3970597E46E739DE6F75FBC7E1CC62E64BF75497C61CAE23500E643AF7FCA7A8ADBF3EB603AA90720737460EB500A6073F79539851291A301DA31699AB6817962304BEE727214A906CCA1E86EB4E936BF74C9A2084EA0CC19BF70E36AD77F3B795DA08926F1C33FE99786D5A15D488A073ED098D9150800703F62DA35EBB24F0E3005D4B1FBC839F75C8F71C74D0B62FFBBB01802BCA1886F812FCF0CB337638C55C13F070BB0663178E92BD2E07C45A4FB1355BD04CC2C78D18A6B57128BCE268AFEDC53B7FBB6535A4CCE586B6E8AF5584EF3280B1303F3C460DEB56B972E502507C45DC7B8263E72A535DA82CA8CBDA1496F08B01F7CE9ADEB02EB7EB7DF2A209B73210429A050366753A24873E0850F1590A2D9616A9574A79C73ADE2318C5F57B05B6C4C445B16C04BC4377F4F31E7F30C1B0DF6FFD416A39809DBFDBCB330481D47F1BD57B6F63C6FCA97B6057076B684EC51276044905B4E739AD6DBC74A60609E10CC92BB1C5C65970671EC7C47FF60238FB2508BBA0D5FDCA1373C635D401EA8DB198A006C8D80256295620E5E1059A2F021EF12A8C620609F1F2B423297B100ECA209A780D8BF7F8E6DA2C37FEB366960FE0E0B4571D3301708DA729A44E08269994BCCE36D2E1BD97784F4C05C33B5F638CB6936308F622EE8B3A229712CE907DB82A262001DEAF36DE5318920AD03B82AA2AD15FE64771F27ADE4FC479EBB5E05EA43B5E95AC0DC44AA6ACFC9F5B90F8463BCC089A449E59A9FE70228BB8FFE8B06166727FEE47FD5839980495C3D57D45A71DBBB469BC8963928418EAD6EA9250802136B14B1312564A09D230C7BD39827D498273363FB824555850B300248348A881FEE871FDC1486BBCFB861B5F3E41FDB2A1CB768255A40CB7EDD5A352D139B854024ADC7C0D71F7C731F43346FDE854FBEBF8E900E99B389B5A0363C0192B876645EC432065AC02C7EE6D6261ADA1693891622ADC65B623F29734B6C8C4175380DDAC03C11986765C6CE2AF681467D70C3F4EC1525919AC2B5E06BCC89BFF18B5B0563F1B678C7B4EADDBBFF5B53A863EED0B0FB1B7E61405018EFDF0BFFA02E690B9889A52060CB07B10FDAD87CA055640B9C296CD2DA4443B5009EBFBFD94A740E076459EC18982702B3AA04E750666BFFBC310D41BD827FD5BA56FD951ADA35940FBFFD82F5EA5B4FFE9F0383795D9BFEC10FFEB13AEEB8E39A286B03DFF0E05B8431268A7BCFFFBDB3899C56D704884551E32F6E999B34FF68D2E326EAA856422B8E9DC3CCD906E6A535972497E01C12D2F8CDD4F08DACE81D1F9CF4F33DFC578FDB5AF024A9ECA7DED4FDAE77BD623DD02C9226B50840B17B2CB3B090B4293594659E75E5D9A351B7CC4729694A79D3E03E34752935D7263A8F99B34700F37FFCC77F54B60D3B06BE2F46CCD8C90DDD87803366B99213DC69F3B8E7CC138FB5B174CB877E8F202EF157178A02AF35E60B2E78D8BAB6E2B43CB4DFCB006E51C751D2AF5A41D936A7BA004AC19096E3E863CD3BD83AB7CD9CBDB4CA56499FFB9A4179582887C67756D1D8A557F04E9B473A1701E76D426C5B04385A383E6B37C02C1DD8B7BAD52D7A95BF5C54F8D87DB72F3E08026C2DFCD1B5D0ED5AB03A35E04380EEF43373CDE0FB3F7FDFB2BB803773F6B05AB38179028BC16CA2B11112A50B1F6C04C6746A0E491ABA0ED8DFF9CE871BFF3285410C54ABAD25FBCF9F2225499DDB04D86D2E9E8E5C66401DB414B98B80D28BE1A4F954660160E66C03F35299DA3FFDE94FE7ADE087306373CE81FCCB9DBEB62282642BB0DFF8C667AFE78407CA331AA8571BD40403B616FEE89A576D419111306FC656BCE6CCB0C97BC9CCD9B956D792A6DF653B9769CC236BCCB332639716108EC06A8D4E2D7DCD0DC837757CEB085C83F06A4338F4FC37CB73D65DCE9282C0DAD2A6304577009D2E6A4D3602DDAD56203AFB6B5FFBDA52294FB90B8D92C719984706F3AFFCCAAF4C531B3B242062F99AA99AADE35F6EF5B30D549A90DC4A22700DCC06E6D6F29C752A531298BB1691110B566B7C851CB7041DA7C49CFDA217BDC8C05C982306E6C203DAB56A6265D914DC4815104399B18BE52F6FF8AD36FCCB9D15900600B395E13418C71664342361B1980466E65D5B19CDC89C8CFA994B6743A42EA20BED8F3CA31564496DD1CEF51F9581794430B3B26CF26C534D6A4381B974EDDE8DFB2435A5F57B6AB5F404DFB73471B7329C06E836401314D8946AADD39992E0DCB6788DCC49D2A53A0B8D7441BF10348BA641B6DC93B482349896CDEE31308F08E6B3CF3E7B7B5EEF50D08D9DB7B4AFD7F12F7706BF684D785D051E3C218170B0329C06E52EAD9956948092A0C42430B72D24993F1D734C16A79DF9D3A52D5613005D5A41FEF55FFFB569CD055962602E3898B155234DC68379BD31880EF1F967EF5FB6B088537441DADF05059706CC04D72480B9710F987FD9FCEB91C232596EA4B6056C47594EDE7B15984BCFC109C07CE4C885CD82E7210F798881B9204B0CCC0507B30BCCAC28B356EC4340997396EE74E3082A8AF8B7E68D6AC04C6EB512CCE65F364D39E65F96CF8BFA99236006CE9D15C09883B19ADC138036C7FCBD6BD7C915B519628A897DAE37771B984702F3E31FFFF83C1FD7506056824F3D5111321BF7DA59F948735DE0ADAC8E64FE6503B316CCD97EE650119E126066BE68E6C3CC01BD6FDF598D6CA34683C1570FDFAEB132308F04E65955FB4220949CEC5E5E67A7A6A01144DA00B1FA3BE05FA6B2935638DB7EAB0BF26C3F73A8529702CC588E5A5B402E51DAD4A1430F6FC06C695365A00CB00DCC238059D2A4F0BD26059E0CA52D974E592288C58BC86E0DB2D18039E1FEC85FB6368FAB0BDBD48556969F39F43E9602F392A44D498F66D398CBC0D9C03C029867972655BA56AFD3062F1AF4A201B3D2F726FE656BF36860D6021A3F7356DD6CDFC2D4D1FA5116A9AA94A9D265714B5AC212CE65695365802C0B1B03F3086026013F9AD33894761C3A6FE9348D8DC22208241146ADF9A29AC9AE34B59B7FD980AC05B2EC2775B393F399FD056547EBC76430976E24A3996385F791B9F8810F7CC0FCCC059862602E308831F3CDCE9D3BE3BEA631C15CB2B00885409C7BEF4C95D20057FCD50AC161F9CB06E654308B9F39B9C88F9FC5A00073D47A24F3A6B4054B31778AC698D4D793B429825C63F2D03E8F6BD706E681C12CDDA45A1BA78F09E421523458ED3BDFA133554A03662954A2102E561FDBC09C0AE6A3EF7E7A5E77373F20B1249813622A4A03B5E4F976EE3CA1A2178081370EDED81819980706F3ACBA4901C6D242C01350D148D41870A5097D643F59A11FB8E01C8BC88E14D64885D7B2EF4F147F345ADA5F30FBF3460166552EB35C27362F16E0F3BD7BCF68163D31E8D8E771701B980706F3ECFCCB9A021F2942C08B4E8D46BDC6CE2D022FB29F9402B4FECBA635A72E24A8129715F3E1BE93A5C1AC098A8CCD9D893FB7F29C71E06A17256BFFFEEFFF5ED936DC18CCCEBF5C3AD0C4292C12D51034D1D6980C15FBB13AB7FECB06E55428B33F5616C0DC59C73AE462728BDE28C11CB5202D513EB3F9990DCC0BB198F8D4A73E152FCB37B68FB964E097575824DA205E6346671FC57E940124F5254730DB31AB0D74AC2C8099662B497505DC6C86D2605E82BAD9F8ABCDCF5C06CEA6310F683190FCE5E495F950B05668A249C1204E611155E17E05701B2847F63B7A74FFFA82A76EE567905D6DC8E63E7FAC2DC90D655C379012CCEA5CE6D2DDDE26326B9B9FD9C03C7BAD998E2B59BEACA1C0AC0163CA8426CDC3B9D7687A88E6FA2C1E22FB490940525F7205B31DB7DA40CF6A68E1BE97A5C1CC3C2A69CD4A99C705F7153FF3DBDFFEF6DEF259EB8F5DC6FD4C631E5063267520ABCAD050601E38F04BB483A3EFBD43D844A801B32272FCFCF3EFD82C78487D31C0AE3660739FBF34B4687D574373D02D9FA928C9A9B222B9D7291DFF5110B85A4B9A54E3BBE8A28B7A837995639F0CCC0382391AA13C1480DBCE5BBAE297779DA8D9AE1098ADB088C13817C8721C655CB302C00476438079090A8D0070A99BBDCA60EDFBDD0DCC038199D27459012643C25AD94A51B53AF602BFD00EA255BF6260C694A7D098093021E5A5AF70B6E35717F047DEF2C4BCC04C99434A30473315DCF91E9B1F1368C02A59E0DD97D4CDEE0BA7553EDEC03C10986717F8A5A9BA9532F1BDC02F04503435242678A4EA57C77E12F8B5FF117735305B61915EEF40560098E41B0F01E6D2C19929F3B9E0BEE26A222B6595E1DAE7BB1B980702F33DEE718F950AFC2A0AE60E0165815FABABE596B670640580893B680830B378A6F67C41484E712EB73F731F38ADF2B106E681C07CD39BDE5455F68FBEC5E4FF26E553E698BBFD5ABF7D277F403015D3983BB47B0BFC3230970274560098045026CCC126B5EFBCD375737C092A80B118E03BA39CAC325CFB7C7703F34060E6C5C4E7DA055C224247F343978EC80E08A69D275DBD3B373466CA963AD91D60B6C02F037329306705800D0DE6D2F3B4EF02DC3B1E6D983918D3C477EF3EAD6968D1074EAB7CAC8179003093C30770D186BBC01CCDFB4D58954735EE922B7109D2F2EE2FAA19C4C0ECE686B608142A7EED39B3AED864FE551B839EEF40560098BCC30973333A2FDC7395B66C1506B3E429537EB30BCE52686495E1DAE7BB1B98070033397C4CC698899A92804D3E6E5BDE6FC2E48F82B9A4EFCA6BF528D78E0AA00260B68A5FA631975C941100B677CF293A33B3640CB42C4CDBE660D4C5B34091D99B311EB5E6DC05E6FDFBEFD6C836B253FA006A558F35300F00666DE017A6EE1DC75F552F1472415D3ADAB3A5EA51513007347C295E8009B2A470B673AD2EEC09004B2A02C45C92EC01E57C4C0273E9EC89C21AB3F88F89F5E802B300FC35AF798D8139833106E68C418BADE2B4815FC913562908B6ADDC639A6AEAE4A5E07EE05E8606F3C183E7AD5B22EA260406D3D58569C967BFEF9C5BA7674F0C0DE692D6ADD4B9ADD8BFA923507777EB02B3A4353EFEF18F37306730C6C09C316831306B02BF001BDA722C402C6AA2D6C0BA7445214A137AD73D72F16DE3816C6E49C390007035F180C62C11D92505B39D6BB5014F3E3CF395F7573DD70239FC5DC7262FC04BC68328401B0BE4F23F27B08B2D769C749A8AC94BFB7C7BDB61037361306B03BF468DC826DAB9E4040D2C06D4816C5DF741E08B9C3B503E9468D05D37BCAE69CB3D839E6C31726C31422394E4D29CCA0616F22E2783B9F47C2D39F7EB736D2E9023E7B50A60DB81AB5D8418980B8319D38D6605AE069946238EED5372051E28C59954ACBF6B32BBB9D181B49166A56E3D986D61527061422394A80BC69F5F09C545548577FCF3CF3C654A1B996D15C00CCCB3F1639C7DF6D9AA80AE5123B24BB6936B89C8562F347A80D922B257DBEC3C94A6AF753DA94DDD1E689335E6D231218535666D64B6058019986703E69D3B77AA2A7E8D16915D3ACAB3C58C571CCC5E3EA7D5C836280F0566AC30C03317BCB1E3960DCCDAC86C0B00EB01E61FFEF087956D65C6E02B5FF98ADA2C963C5963E6EAB6CF4BAFBE5B22B2D560EE8A38754D84DE7D5B8D6C03F35060A6600D55EB6280CDFD3C6BAE17D6728BC698D4F7A689CCB6169006E6592C2EFEEAAFFEAA01F3C167D72D0923201D2D221B90969CE42DFE353598BBFCDDEEB9BD086E4B9532300F0566A9991D9BB3B99F678179E62953DAC86CF6C38AA80D7AB2FDD661BE66DA72196D9971FC933FF91355E0D7A811D9A503495A161CC5C1EC99E02D55CAC03C149825656AA80A7C596EAB92019B2517E61BE7D24666CB7E5FFDEA570DCE0981C606E682A6FCC73DEE71AA62056A88E59AAFDDE3026947D91A34AB7803B34545178C8A1E0AB629E7CD4A994A989B7496C29296A47113643900504B9D531B992D962EAC892595C065D7AC0DCC05C14C37154D10C9A811D92557DE1D158FD48B8D2E0DDE37933BF74E4EA4A54A99D69C025CEDBEB30473694B5761C86B23B36976C1A204A5A5249897FD5C06E68260A614E79E334F8CAE8CB34C5B092BF42D2BF392BEAA8E8A474383D972980DCA5AD0E6EC979CCB9C301FB334E6D2D5FA0A83591B992D016077BAD39D0CCC09AC3130270C566C95A69DDC59C1200982600B9863133245A3EEA878A4067397C0F13566A7029281D9C09C035CED31DAB99B648EDE98B359602E9D4D119303199F6B23B399BB282D31F9699F1F8B7732301702F3FBDFFFFEF94564C76A533319537C592DA9524995BFBA048E0F66C79C8710A0E18056D0DA7E06F29477607660D6CCDD0C9896F231731E6D64F6BE7D6735B2D1C0AB0F3436301702B3A44AA13976ADAA478DC8D6ACBA537C591DA508D51A7397C0F1CFEFDCBF55FD32D0A68036755FE217346EA8D134E6D285810680B836325B02C54A07802D33E80DCC85C03CCB88EC1874F13FC7F6712734BD685B4CEAD25DEAC0936F16F5B1B7AEDA7D303B1037301B9853619BB2FF90D5BFB24CD90B00666D64B6F451A737F332C3B4E47733301702F3831FFCE0F9D5C88E4117FF726C1F17CC113FB7DA1CD8169016D2C837AE6F603630A7803675DF59829986310368BAA5CEA98DCC9640318BCC3653F6E82B336DAAD4A811D931FF3151D65A30B774957235683598DB02CE080CF3E1BF219C0CCC06E654D8A6EC3F4B30A704664E04F0665E9E7FC7E80262D7AE932B8BCC36308F0EE61D3B76544037E6831A35223B36B181B216CC1D39CCF29DD5606E5B3084A2BE37F635301B9853409BBAEF2CC15CB238D040E04E89CC46792969EE5DE6739929BB90295B0BA5D16A64A379C6729889B2D68299D4A552A6ECB66B86C0BCB16F2300CEAE6B902F59D529FB3EF35870CC12CCDAB939107435266F6D64B6048A2D334C4B7E3703730130CF32225B133C824F573BF93B72989335E6B65CE6D035369A70581EF33C00B6AC0B8921C14CB4F7AE1BEE882E6CB72D7CB573734230A74666FFF33FFFB369CD0AE618981583145B0949F38AC3AF39B373F2A9538A728B89B8C711411D9BB0ECAF9DFC21FF6F6E43F8B634AE10983F79F7E67B18980DCC432E0A761C7F9CCA1515B31A853ECF765F69D21D63737CE0CFB591D912286629533A3FB381B90098B5A952A3D6C88E4D6A6948A10573470EB30823B5006ACB656ED3CA7FF82C03B399F0077563685D5106E6BA2891037B6D64F6D1A3FB9B2223175D749169CC0AE61898158314D3988936D498AAB2F3197334E8189825986B0A30B799D9DB6A71D70160A6319BC63CA4C66C60DE0ADCA8B5CD81B336327BC78EE32AD24A63F2D43EFFA1F5632EF112500756D3554AAD51E680D83F26065CA29D39461BF9A9B8A7A4EF170A4C6B8BFCAEBF8BF5633630AF1C98357122039BAA3580B6C86C9D793A85356B3FF8C10F2AB694836CDFAD0F42BBDA46AB1EAAEC5F72E088988D63295532F11560DEBBE7946AE74957D705B984AEDB06E65AFB37301B981715CCC807E6468E195C03C6A9F7D1466653339BB452E3471CE49B601640DBCFF5858A7623CA9089A72945A90578D604F6C1E974660A4EDCCB1FBC2E283460167F7404CE49A6FA90A6DE912B6D6036302F3298991B59F33A4523D6CCE594F329F7DDBBF78C0AAD39B640B094A9389065D162604E807008D6DA54A9A45AD20AED343AC963935482B962FB313915C545B89F2430874CED5D607ED4EE660134A470B673AF26FC0FBDE8A1CDBB156B40139D732DF3B6D7825C333F05A0B14A7F4AD0C600EB7FAE4D99B2C86C03B35AE3D56AC66DFB6923B2474D95D268C2D2904233F1956096A87316215121B6919FBC6592775CE7E04BCE6E84E7E1573FCAE06C11DA45DF8121C12C0B72E646744E84C0AE999F02DC58C0E740603E78F0BCF5B979F8719D5AF391231736FB915E6AE6EC6E489BC6DC5363BEC73DEE31BFE6154CF058017C11029A89AF282E92D493996BB7099116ADE3D0CB6FB3AED5D4DA8D69B6ABA9D90EF5DC870473EF05B9667E0A7027EAE1AC4D99729B59F4558862C72F3AF80DCC3DC1AC6D5E9164E62D61CAEE5A1DD779C19BAB77CDC41F02CC6D11A76D60AEFB5C1B980DC843C079D6608EC58AF8DDDF06D28A63E66D6DCA9434B3888175D53F3730F704332FA4A679457659BE5C48774D50D764AC01336667C57D249BED4229530666B3088C6CAA1F12CC49EE9DD0BB1F4B7BF4C1CCA27B02386BC1BC67CFAE8AF4D255076FECFB1B987B805922B235FEA3A41C5F05043B41192BC72939CC1A5F34935C51F52BB95E76DBB55BBE3BE54E99FC07F7DFD7C03532B886D052E7744EDEA9C6471A29A9AB599CFAFBF4B69469C12C99139A85F600E0D6A64C49A0580C4CABFEB981B90798B511D94CD651BB4AC582405CD3B46622278099EFA9CED90C99E93A162508CF9D275DAB2EE672836ADF39B7AEF63FE2AE8DCFF9E8BB9F6EB0365827BF03BC3B072E38A7799F9A88FFBE0BE2C0F1CC855EE7D68259AC60DA824185E18C268C993AA6AD4B6D6D64E7AAC3B7EBFB1B987B805922B28FBEF70ED149DD2B65225560940673C2F5932C0321A143D38A8EB4130A98700D16008CA96C34211060A3011D79CB139305F59CB438BB9772FE74166EBC13E73FE076CD3BC2E2CE7D77E4F721C09C341F42EF7D6C2E0B60534BEC1606736ACA1491D906E6F67A1906E61E60A646B6A6D2D5A619F6D9753FE104C865EF1B9BCCAECF58A33127DC3382485337BCF96EA1FBECD0CEFDC50D0B22A25E7125A099706D57E02280F79C7993462BB234AB72A09BFBA281451920A67FB70F61DE11DE154CCCBC3BC445F4363777CC0FE682A65C6FEB5C8FCD651FCCA134C4C2100E69C55A304B643635B30DCC06E6415E026D8DECDE291309606C26785BBF6337DF31255D2AE1FA49426EA3A5E396899E00E63661C6424860CDC249608D9046589B9F7AF9202D20DE75C3EB3ACFFBEA4D095CDE85AEE22149EF6CC25CE0FDEC6D294B05B376FFC2B04E4999C2E44D368B81D9C03CC84BA09D7494EB645F55E18DC4891F8453CC2FE5C22FA6312B8B8BC87D8890D398F79B637C01D101E65C3F3DA0E61920A4C5048EE95BB469F3512F26A805C63C4BE617CF16ED1410A704720D0566C952C82EC7D966550A41D50DE82C0CDD98DF98CF53C08C3F9A9AD906660373F197E0EFFFFEEFD535B2879AF8ADE6AF1898A5EA97262A3B11CCC9D6017F61D00166F12D03D93EE5130FD62E0552DC5C6DDA203D7F38B380C22DC1B372618C699A679AEBFA496ABE92B0704E9E0BA17387AC4A21F0BA019D138059AA7A11DC1503B998BDBFFCE52F1797CBCB027BF33167FA98095ED0D6D71D6AE26783D91500853566F1A76B9A7A34F7EF479146C17CDCA650161335C006B42C8010D0299609EED787B499BBE70569D18C8F05FAAD47FEA7C058E2117847D8FC00C25E7EE016584B0E738AF61E9CD31AD0A6665A68CE99B88F3697594A785A64B669CCC55766DA1AD94CB4DE919909ABF46662C7AA05B9E78B69D79C2BF1FA5A137F735EFFFA1D55C6D6C7F1064D2017A92E44D99236C5DF44833AE64F5EF72F0AAC35DF4120ED467C737E8BF01E1FD468C78CBDFB5C5940692187B6CAB307E00460F951D8BC332CC07887D653F0AE9DFC9EC7DE29EEB757AA94CC3B0D201708CCD4D4665C9EF9CC671697CBA631676A9ACB3270042F68A38F47EDC31C334FBBE5384360F48580B21CA72BA43011ABFB4EFBC12A0A30774505036CF29B3177B645E4A269C57CE0EC2339A8081104396654F3470F0769496BE2D90948798FB4CF0B10FA9AB0A4D101E0B69C779EED10604ECA50E85AFCA68239B630D79C2F631F6D911189CCA6CFC0B2F0A0F4F7305376E60283E0052D7C9234C844ED34B86AEF324FFB3EE398C69C01E62481E4FBD07A8239046D4CA1A259BB9A130B26499B69D37E0038264937680C216F802E0768C692C5942CA424C8AFCB252191F77E8A9C68C2298BA8A1C02C39F731CD3AFAB90692646288EC88CD69CDF932F6490133FB5A694E3365175D9949294E6DB4E5AA813939D8CD15021D605EF7D55FAB77E110342740EDA6D6F08C24B5A6CD5CCADF5D10600AB5FCE87C40E3226091238B25164A6D7E6320ED47D64B25389E258BAFDCC5D250602E36EF35907463332602F3DEBD67543B779E100DFE4263DEB7EFACE6B997D63497E57CA6316768CC7FFEE77FAE0EFC1ABDB848CC94ED6BCCB18204973F38D9F726E9615A7FE09616956EDA87673DD8047EC1F29312E9EB17A3106D3AA4B5F137F11FAE03BDCE93B57694EA05138B19602A4066C1158AB2C75A21815A6E853789A02FE5FB2F0650E77D2D3AEF53C13C512E734A91112BCDD9AE2DB3B858FBB77FFBB72AB62DCB2AA4D4F74829C559246522D5BCDD65CAF6C1179BC40975B2C59426DF591D35EB466677A4670D0166DFF40D34D0E2FC42155CDB5F6848D5283173738C152F69D7A059BCB8FEE350301763CC58BB015B52186628EBC41060E6DDE7BCEAC5695F1FB33B4F63735A03FA8C7D52C02C79CF569A330C68159863E05EB5CF7FF9977F59558A1350159DA05A407781D93715C726710698932B1EB995CA2606B30B6A31B5BA900618F89C7D4D1A98485EB4017A2B9C5D20334600D90DBE1333B50B63C670AC88F821C09CECCE699BDB9FBEA7CA34BCA5035C6C4E674037969B9C5A64C44A7316D098570DBCB1EF9B12F8556C826AA11CAAA6D5E5C38D4DFC4C30F78ACC6EF9AE6368CC6D11DF214D1A7FB39FAF0DB405D012C93DF7DAD243DD1F40C645B0EE0BDE0E6416ADAECF1ECD186BC5509A71DBF71C02CCC5FAAF6B21CB3C76E7CD40F0ED02744AF52FCE63A5393B82BF6210B2CFB79AFA3FF9C94F26D5BF9D3D986320CF04338249D3E0A311267EFFE81982D915EA80C3F54987A288DD486EC9BD1E0A80733B2F9606D764CD1C100D59FCF362FE1733F5943EFA21C09CB430ED5A746BC1EC9F630230A754FF02CC048B59009899B2A3BE74CD22E4D5AF7EB53AF00BE860B643084553225234E2D8BE5D933214F5DCB57F2698936B66935F2DF7D1D2FA71D32D5083712E3072FBF94A64375AB48088DF0542C07C4A000D3D6600D92D0AE2025922AA8F556BBB41932235F43DC5CE4FF01FF7C442AAE41C2D06FB0502B398A7F1356B4CDF1200F6B6B7BDAD886CD6C86FD9A754BCD150E7311FB322F8CD7DE0FFFB7FFFEF6622C70A54C8241FBDEA574C034E0573477FE42E41961CF4E6FAC55B16039BE79C6104345002BC6EA52AB738861FC51D03C6A27DEEA63DF1CEA3194B911637079C312A154D5D628C5828319FFBD45EF7E741F2BB3F84C6EC2E7447D49E9B058912CC62FAFEE33FFEE3D1C19C02F129F6353027823925F08B092B1D6F4AAEC6A3E7EA9A88A1F4A7AE60B19876DEF2390B9724ADC1CDBD5C4030BB9008753D222508AD512C09987097417BE63B48611059888895E858F5AEF59ED825405AFA1C4380596A64A7D46C6F9DD3B91A73AC06FE40B04E2932E206804D01BF395FD3C09C086602BF10B25138D6C0927C5E6D8530CD3955FBA49AA6070033F79954F9C8CDA76E293232678D39040CB71BD2B13CDCAB6EE96A85FF794E1AA41F95DE0642EE997BEFFA5E29D5B74A03577BBE21C08C7C28E6BE8AF55667AE5FF1BCEDF26842303716C5A3FB55E66C02C0A8003667484E716F06E60430FFDDDFFD5D923F4AD23FB415C254D0D568B03301B3F43F567D2FB734E79280D985830B69BF8637820CC8610E763729C2317694B2DCB75B67DABD2F37B0CB2DFCC177C06F3CD7854608D6438099795FACF6B6A68A5728C57022304B40D7FEFD775381592A804D01BF395FD3C09C00667C215A7F94687749E65C0D7435FBA482B96BF26BAED7B24FB2498F953FF7DE52FD6BB39A525D7E51AB11CD793F69B811AAE32DC00388537D074CF2A1450439C6D29989EFB04820F6C7B23498935D38B1F9950B66BF9DEA40A66B3FC84B8A8C684B734E190066604E80DF9C07EBDC73CF55B77173F3334B477C4635D09980591627EADECCB2CAEF2832D22C742684D55490B4EBE6D7E4EE1A3BCCEDBC5345FCC14E41A162C164B960D61C3700AC05CC8C29D08D45674B8A1541B57396FD63DF9B69CC098B86534E394565A212CD8EFDB51A7614B6B195B5B6B84028B0AACB8F9572DDC0BEF8DAB43EF9CDDECC219FD9C6B90DCCC3006A55C12FD1E4A5E65F729A606C7E69001B5AC86A8E1B00CCA201334FF11FC7C0CCE73B761C57DDE94E7732303B2C32302BC1FCA52F7D491D652C7D7C534CDFA50443739E548DB92BF2332638229F633950171A7103C05ACE6B603630975C4494067352CB53CDDCD20036E4FAD11C37009825058AEC15E6EAC183E745E1BC67CFAE1ACE3B0CCC06E678E30EDF74218545628D193089F14262F626717E2134E601C12C1A84CA54E80680B5E44F1B980DCC730633EF27E962C516DA403706D050B0E4C460462901B6A44FC5EE9F4031C68DE0DAB14DC673BD9E69CC4A8DF9C10F7EB0AAB08868CBBC64528CA4D824D5ACB0733466BF24A62B08B4D76CD92FD9CF2C01602DB9CC066603F35CC19CDC554D33B734D1D521306BD2AC62C0CFF85C3466941289C9E16F9A1ADB5668E498C268605682995C3BD220BA202BDAB2F84B1606CC5D30D7088FC83E497E6611442D7DA0318B13115C5238DBB95617F6254DD952DD4D5B1550B560CF05B3B63049067C631A308B67649FF415D068CD62659CAB063BF67D1998156016FF72CC4445DE2E2F182F240F72A1C0DC56C2AF0098931A5A8809AE259779BDC4E90D0CCC1F595D98965C4891931D5B70AB005ACF13CE53EA5C9BD7D48039B4889D019891815AAD1978132C3B3600E77A3D03B302CC1AFFB24462F322CAC39E0CCCDF7F66BBE9A8AD29459B00280066C96756358D1781421E66E0DA066603724930B3C82B510C44F297638B772DE493C01C9AD33301B3566B96342B516AE60ACCB1EECBC0AC00B3ACFABA4C5492B7ECBE5898B48BAFA035A0EC5A65B781B92DC84473BDC83E62E257E5738BBFBB2597D9C06C609E2398A5FC6E2C38741030FBBD98998F3301332093F89C2E5FB335B4D81A906C60568019134B176025E8C34F922765A0C46ABCE8646E03735B1467013027D7CD46E3C7B46E1AB399EC0736D997D29825E83379AEC6E697C6071C3AC78460C62C8DEC13ED12658508ED583530F3333BC15FDFFFFEF7ABBEDB58EAFD14D711534C57BD6B029278F1F045BBF76860AE57EE1B4223293046CA0906040E0290329125B5263BD7EA6AE194172DD1648600C712E7D906F62500B31B6FD3550DCCFCCC85C1DC17EC733EFE19CF7846672EB2E4E9B29FFF3D160ACC6D2BECD88A5EF93926BEA6E040FD33AA5510CC82400A98E864BC0DA6AB0BD392CFBE442DFBE49440E59C89160B628EB495AF9D91C60C98515AB03C52E5ABADF394E5331B98D556823BDEF18EAD2DDCC4774A2A556871311998BB8A12B499B2DB2672DBFE29C265635F75DA94141A095CDBC06C409E1B98C51AA42AA2933A6F621A731B98DD623DB17314FEDC37658B15518268E928154AB93A7CF871CDE21D25670AEBE89CAEB936676D75EA7BFBE217BFD8BC286D262A09F87ADFFBDE372F307755FDE9026D6882160473521B487CCC81942903B381796E60C695355890670C9A2D69852A6D3B76EECCCFDBC00CF8A45427100EC1D9EA66AF6BCD06E60E1FBBACF042DD91C434FBA0073DA855FB2E61268B9A7D432BF05C304BD52D77421604B3405565CEC6CFFCB5C76C337B1B980DCCA5C04C9F6BB57BA545D395344955C641AAB61CABE2C73C9D3198438AD53FFDD33F35F1386D0D2EA49F334AD1548AD91C346703730798DBD2A430596196C584DDF5022D1C984369560380591524839F3960A6137F1E7D744B09683BCF6AC2BE442F663163176BF3E8C25BE3274EB580656AC1B16A5FEEE79293DC0656A9EF804FD93F2F4D2F909B28455381790ED73530B78099951D2F48A865A154F8BAF8E28B3B5F9EC9C0EC7669F22762D7440E35571F00CC8C4BB46C213EB240FB4703F36A427488C553093063C61EAC51CD928219F0A1D4347DB08F5CB805CE048649DAD41C0039D53D18985BC02CAB3ABF5A9554B1EA3261CBC39C0CCC5D13BA0BB421133890CF31C1058E113334E3A232FDE167A6E088732E03B381B914A40FEEBF6F03015545BAC0FB2C66EC49C1DC353747D08E439A744C63463E8AE21332698B397B2A28CEE1BA06E61630372DCBEABACC2E146422B64561FB0F74E1C02C694AEE84EEF26125025BC04C1EB22A58060DDE5B4818980DCCA5C0DCB7818598B10DCCB5AFDB91191A30232B2515D58FD226D799317DE10B5FB8B2E66C037300CCBC10BC186ED017A6576002B059ED6956559381B92B55A24B630E69DA038079DF39B75E3763D5BEFA4E6D9C858257A05F6A12EF7FC45DCDC73C7055AC52009CEB79FA8259CCD89381B92D554A16CC33D698457E928EDA04E0D5BE6517EE4467F39946CE2EE33E06E60098498467D2B9D090927B31BFB2FB924C06E6AE68CE98CFD89FCC0380F9C85B9ED84CC668C17F161881EB37E3FA80DB19980DCCBDDE813E6096AC0CBA534D0666EA152CA8295BE424C1B3A1C22362CED62A41CB066703B30766C0EBFB40C5AF1CAAEED5F542CC12CC31D0FA29538194A55C9FB39BEA4429447FF1133C6FA0CB9481D9CCD925B4F03E75B265A17EE0827386037357DA632C554A936A359046AD35658BECA40E849F4225C54688F55936E86ABE8F81D903B354FA92A8615919933AA519D0D968CC6DAD1F6360F653A662E6B2043FB30B664CD12A4D23B03030301B98A70433B2817449C05E22B2BB75A11B0373A80FB33B1F07026F2C752A15CCC84C711FA229CBF9090C439B4E95BBCBB0BF81D901B39F2245B0171330D7D7515A63066CD1342399986DAD1F63600684EE841E08CC47DFFDF4D674B42D820AE1E34566A369EF3DBBAEB96DA65C1B831EEF40AEC62C2D1ED19679074BCFF3CDF73F06E654B7D448A0CE01B31B0C26F9CDAB1C04666076C04C0A9404250994634544C632656F4623BFE456BAF4A5B67AD931307FF161A3801981867F8E854FE76203287B02C87A329BC65C6251467640A84E41CC55C3FBB7E3F8BA1943BDB89C14CCDE8235AB33D506AC81695B73899886EC7F9E0B6664A9C860E942451018653C97410B4EF90E06E60D30138420295225A0CC4328B992DE8C467EE44D74606E5B6DC7C01C8ACC4E3057770935316503644CD9127C132A79BAE53C0666D38C7B68C66D10CF999FD2B8C6B5D8E49C2706FFE6F398C61C9B974A0DF9D0A187AFBB95EA9FA910CECD63EE8294545C04CE02F994A0DB1400CE755F03F30698C5C7013C34E536350F14D047238F6393CBF93C4900B44DEA582427AB707F4227DCA306CC7C0F77F3F3C5B79DC36BFF681AB369CC2534E6A4F9E4F515677189291CCD39E73C2A30FB6EA554179312CC6232F6AB70E542BA8FC62C7255E02CAD2073627C34327AAEFB189837C04C900113AC149479E0A5DB3E36BED53DA7E834E6B6EA5F1A9FB11F993D3098A3D5973C931D255189EA2E219CFD7390CA45738321CE6DE7ECB7A0E0B9F07C4A8D632A5025E8CB5F58A69E470565E65C5B9C08C08D2DB013A2B205A4B920F68F23800BA5A42FF404CE98B319E355D29A0DCC3540A58B140F9F97A1546793D2605ED714B756236B9DE47DC0EC0B8458908912DC6E494E5FB8A9171CF5B586EE3085F0C754895684B9DD1A66F4036A2E481977C61FCD14D7474928E744534BD0D72CC01C73494D086669FBD817CC1C2F7066CC57C9D76C60DED06C05CA255E2639476930AF6B8A3B741A73DBC4D468CCBE197C04304BD09D469B707DD5438293E01E80409010F70720B85E4940E4426B198F635C19EFF5A0C0E39A8DFF4B9055C9EF9C0366E9BF3E0B306B6AD82B4DD97BF6EC6A6DC398A3459704B39B4AB54A5AF3DAF7BEF7BD6AC8AD24E8863A176697217C18A459A98A68246A9C1A78B5364A0F746CDA763EBF3B1591DACA7BECDA8F85C5E9A79F5E3DF6B18FADF6EEDD5BFDC22FFC4275DDEB5E77D3DF0C7035D769D3BC316F53EE933496D2F04490A3458B50E6F7218051123E8B722EB15088BF96E7C8332C39BE9C8BA615A281CB73D4B66B94AC081FCAC71F7FFC703EE62E53B666B1AC04332065CB8170E898D26076E1BC2A5AF3E0601E12FA733F370062226B60A3D9472A90F5CE658E419660AB011A59A07100E34F7DEA53DB36001D4D9DDAB8EF2E93A22B3811F412015ECA6FEC6AD19C1F415F12208B02D352F789462CDA318B9D12CF09D0BB10168B4748D3D5CE25A9F4E59FE3CF5FF9F269C01C9BC309A66C0A79A0359702F3CE9D270CA2E810A0ABE9EA37940237E6790DCC035A0C4A83393997B96DC59D3AA9036531350B097F9F2E303FED694FDBD638A4ED1A6DDA4B48F00E096AD1A2010B5029ADA59782DFDCCEC3428605CD7A97B17EDAB140184B09AE86D83BE07FAE798F2545EA941F5FAB1EF82B7580E87F3E96557097BBDC653830B755EFA31D6AEA1CEED09E9BE0B53A8FB9149839DFAA96D22C056F03F380609614AC681725CD24ABF74906735BCA14CD2162D774A1AEF14BC7CE577FDE0566B468CC821AD3BF8CC32D7F7AAD62BBFE095BD3AFB4C2B994460D68A4639601BA3D504C80CCB803D11CED58402C7E68EDB36EDB2F3A0FEAF756DA3BFEC6CDD6AAC7DF6EAD3AFB26C7DE372C40834565B7C154331FBB3ACC79E735307FBF7704792920CB790CCC0382F9AD6F7DABAE1EB4026A22409284805FC54B26A4C63FE5E650B2724FB8C7B67D63607EC8431EA2D29A05CC0FB8D55AF58CBB6C6C775EAB1E76E65A75FFFA6FBF7AFA5AF5DF4E5CAB7EFCEA69C0EE0B6ACCA762963513F75640E333161F724ACB4EE0CDB8B2E0E93249C7007DBD6BAD55B7FE99B5EA776EB1BEFDE2F5D6532363EFB5A448FDD8716BD593EEB0BE3DFAB66BD57FFE4FEBEF163113497332651EB581591391DD9695E19DB3747111693EF1AA57BD6AD0D8A529DD98A5211C3A9F81794030D33585494B238C9800D07E9E2404DA26A706CCD4A87627718A4069D93706E60F7EF083CD78C5B466A982B6E7A66BD5EFFFBFCE76D7FAF78DEDA2FA27DB63FF9F5A10FF629D6A71EA5AF5D3D71E1ED468749867D7BFC7B51AA8CCCD943CE6FD60EE77C743A325F70531D03CFD27D6AADBFDB7B5EA5E67AC554FBEE3F6ED7AB59545937A28818677FD1F6BD553EE746C3BE3FA5BDF256DE0A2769EB7066F322763CD2B987F138159408F5232253C17FDDA06E601C1CCCB91045205FC489722BA5935C1DBCC599A286BFF588DF93B72FF313063CE169F5D6C31C3B8FE5A2D789FFD1B5BB767FDFA5AE56FFBEBBFC9F6F85F5BAB7EFBE66BD5CFEFECA751C702BEC4B4CD7DAE6204B76BDED78C816BE68E69BFFEE780F8463FB956DDE1BFAF550FDEBD56FDDED95BB7A7D6FFF737DC1F31308BB6CCF99FBA677D7BDAC6F6A8DB4C0866CDC25A09E6CDE2225D11E0CAE86E16F2070F9ED7C83C94924587E394F76F605E3030271519698BCCD498C238D6AD00A6110605C07CC925976CE40C77175261F2DFBE16C4CFFBCDADDB73EFB65685B6E7D47FDFDC6A983F6703E84FB8FD5A75F79F5FAB6E72D25A75DC55F51AB5446477057C89699B7B456B8CC17C4C4D76C86BF13D454B669CA40B53E89AECCBE7A9666AAC1F77AA7DBDFB6AF7C5D36B3746687B46FDF7B6ED177F6E5714CCA22D3FFA77F7552FFD5FBBAA67D66E1377732D30A36ACC8A05BC5663DE047357F9CF0430CBF9A684DA325CDBC03C30984B1719216D2366EADDA24D8756C2811EC7410DDCED50A5D1B20B80D9D59ABB9A5B30069813FFE8B7D7B73F74B7DFAAFFBFB1BDA0FE29DBF3EBDF9BAD86B96C3ED811F4F822AF95E09F46236EAB0EE69AB65705CE121DCDF76D5BB860D266DCC4EF9CA2259F5DBB30C45511FA29EE8CB69FAF7EFCEEA8254BB4656A1C1C3D7AB4FACA6587ABE7DF6347F507B5EB44B6531DD7487130876AD603486D44B652636E7298A926D8168F92006534E67DFBCE6ACA712E031CA7FC0E06E611C09C54AD2B02B7CD72949A5533FB90EAE44F2E4D5427C7BA9355AB6577DC97C6940D98456BEE5A8070AED3AEB356FDC939C7B63FAE7FDFDCEE5EFFBEB1BDB0FEE96F02747EBEE6D1BBAA375CB07B737BF1BD773460C7A778D6697A4DBA4B8B964E5ACB0E6729C282293F54879C71D0C298287D29E001B8B168DCBBF61987DC15297F7BD333F644C12CF3ECFCF3CFAFE7CFFABFBFFBF3F3B7B84E6EF05F8F595862667195EBC99D3B6D60D5D4C84EF0316F825909F2584A95141799126ACB706D03F3C0602E9DCB9C5C64249432A505B35B68442B102260C682F0AFFFFAAFD5D7BFFEF5EA0B5FF84275D96597050B8E88AFB94D6B4610DEB00EF039708FB5EA25CEF6E273D72A7F7B51FDB7D0F6974FD95D7DE7AB473605AFFB0B7FFFC2C70F556F7AF2EE06EAE7FD726D8E3EB9DBD40D74053AA4F3F8815F6889986C81D390A6E4A9CE8DD580EF1FFADE026C3E1733779B96FCABBFFAABD5F39FFFFCE6BD907424F6C5AFDBE6AAD0FC5DAC23AF7B52B7C6EC6BCBF25E7CBB7E27E41C585C70A5C877180DCCDA05B21FBCD9A2F96EC6C024A45775C1996225543C5C06384EF91D0CCC0383F9E94F7F7A3379B51586622BEBE45CE6D04A58539653002B7EE60229538D7F7CF7EE6D20FCC10F7E507DFBDBDFAEBEFAD5AF569FFDEC671B812CA9536D5A330170147C78D9DEF5EDFFC876CFFAF78DEDA5F5CFD006CCDF7AE1F6FB0812BAFEE3C7DEBA7F13EC9851DB80228546FCFADAAE995B829C96D1DFECA78861C666812211EA7CEEA64D85C69152AD6E6538D9E7176BB785EB9690DFC565D1F9D373753CFB5E3B3BD3F242DAB2BC1B5856C4DA72C71B4F00664D8D6CE66EAC97F306A8B704A7269AAD4380E67C282353426D19AE6D601E18CCA573990FBFE6CCB414ACB695B0D614EEFA99B5C774A44B85C01C02E2339EF18C4D006225F0172C223CFFEC7FAE556C7FEA6EBF53FF7F637B79FDD3DF00F937FEE5701B87837FFFF8C5FB37217FEDFFD2AD39A3154B6D66C0C43695163BE5753167BB96033752DD873225595FFEF2976F8132FF97FD2EAC23AB5D7784B829A23F5DF7C6C6EFFFDFAFAE3FBF509DEC366D595E8A7F7EE7814DF709C1674D60DFAE7820596CC1BDEDF336D3B2363B4201E6CD1CE697DC6A7D7EB5551A53029B7ECE8C07859596018E537E0703F3C060FEC4273ED1BCAC21B8244FD60DE025A760F9FD959968DA09EEFA99316DF780739BC61C22E1A14387368572A886B680F955F75EAB42DB2BEFB556F9DB2BEABFC99644E58D9D0F3D7B4F03F9FBD6454C62C14ACBEE4B4E05BEDB00C41F3BB46472D8FD1AEA6235C16521AE8890AB22F56F8FD848750A8159AA7CEDDFBF3FF88A7CE3B3871BF709DBCFFED4FA7BC062B3B829BB0DACDAF99703667711AE84B1AB355B0E73B9865006E681C13C442E7332984391D9DAF427D7CFAC35A315D09805CC57BFDABAF0F3A35EC5D78ED9FA35F70D6F7F7E9FB5CADF5E5DFFED4D8FDA99C3E5EABB5F3BD2809DDC69810BF070FDA02E74306D6B0A6AA4426E91F67753A77C205335CBD7925D384B55ADBBFF5CD825117253881BA3EBE7A3EBA233218D596A62EFDCD9FD7E88FB0457CAA860D6C686284DD99BA952325F1530EFF22FEFDF7FB7663C881D9952DB5C866B1B98470073E994A9E45CE6508EA2A67A90EF67D6069E1404F359375CABFE4B0D67B466B7E6B8F8DA9F5C474E1FBCFFD6ED75F5FFD95E7BBFF0F617F5DF73FFBDED49BB2AE0BEB32EF188102250099810ACE4B6B01408AD329CDBA04CA4B50477853A8DC9DF640C1F5B1785C152F1DA075FADFAC0734FDCDC5E75BFAB6CBA29C47511FD59BB3CA8E2C5B97DEB8F74903A70E040E7EBF1E627EC6ADC279B66ECB134666D9A635B3686A7056F03B33260AC0DCE962A651AF342ADC8CE3987020A57EF6506768548329843132E05B29272D533329BFB8E692322114563A6F0C7C3CE5A1782084E19070133BEC7379EB7757B43FDFFCDED01F5EF1BDBEBEB9FB27DEB73693E66B9AFCFBEF740037C2A87714F6E1B4BCCB180DAD70C5711CE1281EE8F05E3453A5C17907D30BFA8F60D1F7AD28EEABBEFBBF996EDDD4F3D619BBB22E4C2E06FAEBBE3D77F763B98E57DC25F1CFBF7B627EEAA284CB3A92D0F01E690952B6531ADA8E4B5992A250BE99E2953962A65605E2830974E994ACE65F6FB2BB3724E69E52860EF19990D981166870FC7A1C83EECBBE31A57A9DEFAE0B5EA3AC76F353F8AD9F17FFDDF6BD59B1FB47DFBCBFA6F9BDB03EBDFEBED4DCEF6B9F7756B456DC2F9DFBF77B481FB6FD5E6551FCC0214CCB36EFE6DF33D56C8AC0D9443B9CAB4F6D400997DDEF086376C2E7070475CFAAA53B781F9F0F34FDCE6AAF05D172137075DA27C8D59DE4D1684B17F7F51BB4EA8BF3E3A98B5EE2740AB0073D387D92FEF9BE15B160D7AC78EE39A7EC9CB604A9EFA3B98297B045376E9C8EC6430874A73A6F8ABDC2A44DAE093C07E22FCF6EDDB17937DCDE7541042F8FDF983AE563DB36E48D10842AA143941708FBCC775AAF73CFEB8EA6D0F596BB68B031B60F7B7BF7FD66ED53D84767AE785BBAA7D1B5ABCAB31BBD0412B141FA96BD65EF69ECD98AF7D286B4DD7EEF84944F67FAFBB8461A1F8DCEB4EDB06E67F78C189ADEE0A7167847EFEC2F52891BA63F33DA22E7B6391A983D062FFB0B4E03A39B32E3CC331BCCB83047F8522A453E69E02CCC1589550A0A802D6478FEE6FC683F4D0A9A1B60CD737308F006689CCEE2A319912ED9C9CCB1C4A85D096F6136120822265D5EE091201B3D69C8DC063B23FFE2E57ABDEF1B0B5EAB675D30AFE2F11EEFCFED87B9F587DEB9DBBAA43BF7B95EAAFF7AD35DBDB03DB5F3D74ADF2B76F7C2AAE1D8504F527FE625F5368A24D6316C060DAFEEFA7DF608B697BD9A3B5FDE86BD2A53EFC81F7A93565D7EAC0F8DEB8766560A1B8FCE07630FFE31F9EB8E9A6107745F3D37565047EE79CB2C093F428AEF58E17EFABB08874FDFBEE271E57BDE5A157D9B4E0E08F1E04CC3E0C53AD55CCEF0EA04A7BC66DCD6214400F9DD722B2CB99B19B80E1EF7EF7BBD594DB32AC6E34DFA1595D9F7B6A113F73722E33800C0580A5ACC0256233C5CFD50266AD399B7288EC7BF6CF5FAD7AE7C36BE03EE26A8D695B02C1D07AEEF82BEBBEC70F3DF51AD5A1FF55FB22BDED92FAFFB2017777FBFB67C4FD8921217DE95BCE6F201F03F3A5FFFCF1269F596A478BE6BCAC79CD145671AD03D277F94B9F38D40BCCB8217CFF32FFFF7C0D6B3EDBDC5CF745CBEFB83D885B10308BF58946267C76C9E377569F7AF3F9D5F7BE7E64DBA3FFE1E52F6CEEE32D4F3C61F37B1E3972641C30A7B89E4216320FD2D2050A59B24529C86C6621816416915D06D0938379CA45C198D72E1D991D344375813654A43E252F59FCD42991A11D60766B10B76928070F1E6C04E035FEAFB5EA3D8F58AB3EFAFB3B1A0D99BFE11B43B8FEF2CF5EA31196879F768DEA5DFFDF5A707B67FDF766ABE12EDBDFD4BFB31DB9F8FC98F572DBE75FFBD045D59FD5014531307FFDE36FD92C2CE26B92FC7F91D29E62F74A452F81320B11D764FFBD8FFE69369839276E881098BFFCE61B359F85DC175D7FA32B14EF8F2C707FA28E5F90FDC525F2893F3E31784DEEE38F1EB75E394C02C58A6BCCA1A24029C19A0A306F8BC8EE9932B577EF19D529A79C6266EC42165803F3481683073EF0818DA69762B2EEDA97286F374A397ADE500058AA591AF3588A6FBA03CC9AE8578828C2FE6575BACC57DEB46ECE3CE527AFB61E18568FE74D7EE6B8E66F9F79C989D5DF3E72AD7A6F0D707F03EA9BDBEFD6BF6F6CEFAE7FB27DFE5DFB93E0FCD543BF5D3D6B2397B9CDC78CB67CC547FE700B7CDD3690DC7F573BC41808E7F4B91BECD55607FCF27FFABB24387FFCE31FDF7CF658274260E66F21B745EC6FB2A815D7CA13EFB8EE0271B72FBE61BBE95CEE012B8DF89779718A8339141D9D3257DB3A53395AF39E3DBBB6F8D937E507B50A143E657F1F02C9503E34D643DB27AE551B984702B3D4CC767371A330EDD0809353A642ABE8D455B898B9524CE0CEBE623614D862068CFDDBB367BD13D07DEF742C5DE66FFFCF8DB6F86D119897BF7A67F5F78F5E5BDF1EB5BEFD5DCBF6BE1AE0FEF6E957C7037FB8D72BFFE33B0D24C8ADEDD2985D6DD985289A24DA325A65A803D39C80ABBD17161898E7BB8AA968B5E6CB2FBFBC11EEEEA2EC8FEEB3BEF80A6D1FF8BD6B6CBA2A5CB705BF875C1BFC8DE7C6C2969FB73C35BC1F710B6DD7C49DC2B112C1CD22735B7473E61C69644208CCC0567B4E45DA533022BBEDDA0A5037F11E5623BBD8C2C4C03C129825327B5BB08576B279FB25F7650EA550A4FAAD64C2A798C00360DE71F5AB36822D56C801E1CC3EEC8B96EC0ACA07FEE67536E1CCDF8FBEE3C6D5071FB3B66DFB40FDB7CDAD86F60736B6F7D73FFDEDA3CFDE557DFB33DD0161F819BFFDAE5DD5BD6FB92EE0CFFAE55FD8A6095EF6C98F6CD396B5905BE6FDBAB466BA8CD175CCFD270BB80BCF5D775784B6CFBCECE4753785B3B5B934E4EF725E5C24148BF1F7FFC005ED0B81573EEDD4756B4D9D3120FF92DD4AB139EFBB9D52033515606EBD67C5B1BEB62C815FAF7CE52B278D571AD335D976AD52D60003F34860E641969CC05929537EC9BD1CB334E91499016072CFBF7FF79B57AF7DE8EEEACA7FF9604C61AED0AA4590BEF5F9C7CC8B9FFFAB5D4D2058E383DCF8FB279E7E5CF50FFF7BADD90EB76C1F7EEC5AC5F6A1960DB87FFC39BBAA2FBF677FF59D1AD2FFF6A5F756577CFB83CD26C13F98D46F76CA3A981F72EF5FDF06E66F7FECB54BE53F2EB55868D39A69017AC515576C7B1788DE678C7FE3D6ED60FEE65FDF78D34D117263F87F7B69DDC044DEA7879E19767D7CEE553B5B1702C43470BC9B5A55725E375AB13F4F530BFB44CCD1AD11D95C5B6106F7C12CA538713FCC018ECB700F06E611C17C939BDCA458B17BC9BDDC1655D9B51AF7276C4AFB47392F5A7666009880F98A979E5B35DBABCFABAA2B7E1085B3A44D893F593427804C301890E66F5F78E5C9D5471F5F07896D6CFF58FFF4B78F3C6EAD0A6DFF50FFBDD936C02E704713F735B5CBFFECE44DE14E101B2D2B2FBDF4D206D06885A540B68CE7F9C23FBD7B7321438B4F5A7EB6FD93E7EE5B4BFCE7F1C9E79FD0EAB670DD19B8375E50B78004A437AB1B50F0FFCFBE71DFE6E5BFFB85C3D5479E719D68D017C76F16C9A9DFDFE260F623A3535D4E919AD7AD11D932C715A66B17CE047E6141580620CEE53B1898470433A5394B0580492E73526E746835ACED32259316B8A7E6546E1CBB0DCC359CAB4B5F1705B398B3118044C4B69935BF539B983FF994AB549F387FADD93EDEB27DEC096B95BF7DB4FEDBE6B601F6CB5F168ECC7DF5638EA5CBBCED75079AFB07309863D10A9711A8A5BED3BFFFE39F3460FED297BE14D492DD9741D2E578EE1F7FDDF60592BC075FBFF846C7DC15AEEB62E377D7C5818F99F69194713D5C97F9F4FFFDFB57DF18D596B7E4E1FFF32BCB83D9CF254E09FC0A69DCB11AD9FE623E11CC12F83517A82DC37D18984704F31FFDD11F3593B8540058D64ADDAF28943AE999C4A93EAF0E305FF9BEA755D5373E1185B3540193F4A836387FF5B53BAB7F7ED25A70FB64FDF7CDED89F5EFF5F64F6DDB93AF5201FAD0757EF3CC757366F32CDD00B66F7DC6A0FC91E746C7E007FFF2AEE8F376E30B1867620ADA9E397FBFF40F4F68755FB4B9353EFDA2DDC1FBF8DE87EFB8ED5A9222B52536E20BF5F7A8BF6FD63CECB26CF9604E09FCE2BC52DBBE05B0AD11D9724F89D5BF24F06B19803897EF60601E11CC7FFBB77FDB4CE2520160449626F781F5CD64049AC48251FCCF394706D0431AF395EFB9B0BE7E5DBBFBFB5FED14D6943E0CF99A43C2FA73CFBB4675E993EBFACA81EDD3F5DF9AED8263DBA7EADF2F7DFA8EEAF2FFB3BBFAEC0B7755FCFF2B7FD1AE991FFF9F37227BFDF6809F7869144AA534CF853FCFBF7E3E0A6737BE2066CE2620EF93CF386E9BEB22E4CE90BF7DFAF9BBB6DD431375FFFEDD5BC0ECC6336C6ACBCE22AC3898DDAA5D398BE048F5AED6886C99E709D5BF2CF06B98025D06E611C12C0160A52A8091A2916C1AF7FDCCA991D94C5EA2B253FD5EF5712130FFE8ED8F5D87596D12ECFA9722A4D1742F7FCE71D5672FAC7D881BDB91FAA7BF5DF694B54AB6EFFCC3BA499A7FDFFFECA16DC2591600AEE6B4A5B6F2570F1B9415DAF2E68242E1C2E059908A240BB22E3706CF87E7FE89DAD2D1E6C290BF8BAB839FDF3D7268CB6B27017EEE824F8ADA6C6ACB3FFCF6FA6272E3FB1607B3ABE9A6067E85B22F3CCD397ABF096096C0AFCF7FFEF3E6632EC8120373C1C1D498414A560013D051EF57ADF5FA7EE64C7F714E005810CC173FEA18D0300D76FC737D8E08CB2ED3E6B70FDDB8FAFC33AF525DFED4BACE72BD7DAE65FB97DFAB0B8C3C7FE7B6AB8604B45BDCA4B17CD495C99A7F9EA05E786D3605B07DF655B830F6EF5F6F8EC016D39A793EDF7CDB8D6AEBC7D55ADD19BE9BE3B23F38AEFAB7CB9EBF25EADE7DAF083094E8FF4D6D9945A4F3BDA3A04BB148F9F33363015C7598A23B23B2333466CCE254FCD2C83EDB47AF5D1B9847063315C098C86A90764C6A89CC26102CE97CBE9F394570C8BE1926F01098AFF88B3A32DB15EE1DC2FAE8D1A34D3F6711D44FDF7772379CDF7EA3EA8B175DA5FAE2D3D79AED0B81EDF34F5BABBEFA67DB7D8D5248C415D2AEB6ECE6B136016C7D00B5AAC7A27546A2F279E6125F100BFE936785E6FC85179DD0EACE1017C7175F7A9DD63802CEE542996B37054536FCCA8381D9CF23CE70197555EE8A46642B346EF7FCB47ABCE31D6B9FFCC87274D9AF67601EF9852209BF49B7F08BC767C0517A1203BC2430FB7EE69CC9CFCA3EF138159823FE66A99FAD85F3776ACDF9EB2FDE517DE599B5DFD8D9BE5CFF2EDB375EB91DCC7E742E7E462905DA6848759A54F3CF4CD8FD162547FEB2D34AC287AEA504EDB52B42DB5D487DEBAF6E547DE9C527545F78FE35B66CFC8DCFBA2C2E1412114D99E7DDB82D58340616514535661FCCA9815F913CE4D61AD9AEFC5136B23872E4C2469651D570D94139F6F733308F0C66A9012CAD0B93801A80772334F69C9206667FF267160C698A11242C2882602665CA17760451756852084901333FCFB9FD099D42B6F13F5E7C5A75F4652754DFFC936B1CDB5E719DEA5BAF3DB9FA76FD1920967F68CB7E64AED447E67A6870687215014CABAAED96FCDE2C6E3AFEF95AB39FCFDE05D89CCF5C9F32CFBBA9EB4E70A2E3571E4C6376AB7EE5047E452A774523B215E956A2311F38B03E0F096A1D1B5CCB7E3D03F3C860E685C22753AAB62E51D96ED3773528DD8090CC8221EA6B75A44B5168E4CA0FEDDF0EB88E603004B51B148470405853433B4710CB31FFF6C98737D5BDBEFF91DFDE721E4CE6EE42A0D1965938B4086A83753C656ADB1845A2B45DAD59BB184B7D17787F788FDC678DEBE4E8D7BFBC1E9CD8B21829AA31BBC54172023323608E4664278079DFBEB39AB15A76484EF1FD0CCC1380199F0CA94EA9600BED4F847796CF9A684F81734E69CE044D59EE9B6228DCEBA517DD79BDF2D7C6D6A44C8584DEE7DEDEAA47F9FE6611A6B1A0B05461EDFA95455B6EC0DC21A80DCC1960AE1739FB2F7ADA666388D08377E30B4AC2193785AF25737EAED754F8E23DECB0101405B39B839C11C75185DABB3A8B70D5BD462A8789DCB0C222FA60AE54B81B98270073C94E5302BBE400307F02678036756121D5CADEF1E8DB6C01F38F2EA9CB7CB609BE2FFF7D23A31190989029D30818F13587346789DE8DA5D66800ED4359E0BF6CBD94E7B290A065A48C31161172D7E539F30E107CE56AB3026729C9AA79A6EE3EF8AA01B2EB4B76AFDF148F69F12BCB981D7AD1439B7B4A9E7F6DF3CD4D554A8CE108D6D976A0AC8AC8566ACC478FAE47CBD3512A153AB67F1CE806E609C02C9DA692CA69B64CE4ACD29C9CCB6FC69E23041261DE0A6637652A04E8DA07E96B4BA2BDD216D28DDA750537C15A548CD2060B21E009FAE1186956E08300281F7DF7D3CDB75CD2C7BC712EC6955698FE988B9F97D882D0B34E7163F08C5970B53D5FB97663C2BEFC635177C5A0604E9C5F0D983B02B75411D94A30CBB9ACA3541CB2390B1103F30460964223C9415B2D1315619255B4C44D9BCA319B250A8E5630BFB1AE3ED621E8F73FE2AE41611D12E06D7F4378A31DB91BC2D98DB4EE3A1FFD9311C273D12E97F93EE8EBCC0228E5F98AF6EC3F63F93FC17BDA672DD7D5F4CB2E0EE6BEEEA58EE220AA886C2598C5BF6C85450602333D50E7BAE5AC3416E5180A8D64056D0560C879924B73FAABEB9C0A4385C0BC2D97D981345AD48EE3B706E4A40AEC3EFBEFBAE175AB83FBEF6B401E40438E2D2E00340BA23ECFAFEFB1B1C5D86060CE292C12C9415645642BC1BC7BF76915DDF21645DE2EDA7DAECD15CACB7E5F8F79CC631A819354B5AB058459A5393917A53565859E939A510ACCA194A90D10B87EC7BE42567BFCCE93AED5686C8021060FFB3C23D02B11F247DEF2C4E679F05CB4CFB0D47E7BCEBC49E73B5014CCEE7CA4746EE2FC6AF6EFE80CA58AC8568299F1A558D2A2016F51EED7C03C91C5E02D6F794BB18616921F9CD5B5CA2D989FDA02325170B499B29B9429BA4C050436666CE0EC6F086AB429D9FA086D01F1810BCEA98080C17678D8E68E31CF87E7D417D45861DCF7070087DE33FED675AF45C1ECA63A25D608D8847807985511D90A305BE38A61CCD7EEA2C1C03C1198B10830514AF89905785991A16EB0486EA11125A0BBC0BCD9CC22519B6A139A087084A66C08735FF01A88E70B602DB805D4A167EB3EFFA1AC1F45C1CCFC03ACB9D6AB8E1C6675443673D96F74E3C1DEFCCB06E6D9FABF4B98DA6F75AB5B15F1336797E6F4CDD939050D94506645DF09E64800985650DB7E8B0FDB457A8645C12CF9C3B9F11E1D60564764339F23454AC4BF5C4206AEDA39B4A674D39827D498C5CF9C6582F68088F69D5D4D4CCCD9B92B75259CBBC07CC5ABEF6726E442D6824502DBA2DF6B51308BF52A3743A2A3B8883A223BA2314BFE32FEE55583EA98DFD7C03C21984BF9990578D9D5C45C73F6807EE64E307704802DBAF0B6FB5F5E2DBE289825D5892030E56277CB7E1D15BBD072D5C1A61DE771F397C704D5AA5DCBC03C21984BF9990578EA89E74F7A371A74403F730CCCADA5394D93346BC24CDF81A26096BA0239508EA44AD19E515DA1AC03CCE25FBEFCF2CB4D631E901D06E6010757B3CAC3CF9CADE96E4C6029CBA99E78A1892FE6EC01FDCC3130FF2856016CA6C2D934E2E5D58863CFB6289809B2EA53B7BEA5B888047EA9E543079849B9227F5923DB6C9FFC1A2106E689C15CC2CF2CE952EA74881098C59C7DC5F3F2CC688A557E0CCC5D85466202D23E5F5D384EF9EC8B8159FA28E71616E9C86196F68CC80755BBD916304BFF65F32FE70357BB5831304F0CE6F7BEF7BD8D89A94FDD6C0133ED24B32A8031A9DDDAD9B93E2E059CF9AE4FB8F34DB734B1D8EC34F5F2BA19BD69C536060BF40E48B9D8DE85822412BA4FCDFA961C66313FAB17EE2D6016C0131BA3058CED97077103F3C460E6C5A5307F9F7C66608C49FC0E77B8435DBEF2AAF91AAF98C272A342FB82B9A3D08801DB34E239BE0352992E2B58CB9D2F0266C51C0A5EAB23C549CCCFC819554DFD1630EFDD7B46A344186CF3609B326E06E6198019A0F6F1330B987B9BC5A5C0411F3F5744B0746ACC35984B171A99A330B77B5A9E4546313003C33EF3AEA3288894CF64F1AEB2A8B58079E7CE131A05200530B66F1EC40DCC3300F3D39EF6B466257AF835676669BB40FD9C73CEA97AA75FE1E7C2C78C492CB724604F305F71F02166CA5D2053EEAA2F328A8299388F5C8DB905A6523EF30FFFF00F1BA8E6825902C8905506DB3CD8A68C9B81790660163FB32A30233071813ADA32290C6A3F529B00202A1B30E716D1EF0B66F333DBC264811626C5C08CB6DC67CE512D2CE063DEBFFF6E8D4C40C610B4A572750520EF9E270530B66F1EC40DCC3300B3F899732B770998394FAF0030B71CDF40695331537657438B55D7CEECFBCFCF045E0CCCE430F7B152B5A44AD1EA11DF32B2415C5D51AD3C00660A94205B0CB479A04D1D3703F34CC09C1BB82529481229997B9E2D93959CE681CA736AC06CF9CCF303902D0AC2CFA4289873CDD81DA952AE5F585C66D108F200E499B7B8CB520163FBE781DCC03C1330E3035217007026B00FE6DE01609C5B82C006489BD280D9F2990DCC8BB2102806E63EFE6537D5D131674B5D6B64028094189468173A0FCCAE9FDA409B07DAD4713330CF04CC1FFBD8C7B2FCC3F8A5819D94C893C9D7272FBA31A91104D64758B4ACFE5560266DEA43FBCDD7BA40BED6450169E9FB2C0266529DFAF8975B52A5FCBAD6B960960618C8A854C0D8FE79203730CF04CCB9FE61292EE24E00E0A7CA57EC329DE1631EC09CAD06F33B9F64602E00E6A3EF7E7AD393BA3490EC7CEB568D226006CA7DFCCB2D5DA504A86E5D6B5570A8A7319B7F390FAE7D16256BDFF9CE77AA45DDFA7CF1391E8B0F27B511050096E00EF94ED4B255A5457481591A5B1436676BC1FC23EBCF5C04A68063DF39B72E722E83F17617431130F7A9F6C51C76BBC339A6EC1050556096661AF5B9C41C6EFEE571E1BCD0605ED40545DB7DBFE215AF68C07CF0D9B750E7334A7111F79C77BFFBDD9BF344A32F63C126AC9C0B9BB3B560BEE215F73298F4D498D196771C7F5CBD48BB818D65CFB16C5B941401731F6DB9A3AB141DA5080675951022ABA355061DB85B9BC771812CCFCAC03C238BC1E73EF7B906A8D189E3003504E6BE054B36814E1018ABE718C0133E5783D9CA73F686A940C3C03C5C305D113027CC9FE05C94A2400E50DB0A82A88A8C38E7B1368F06E68535A997D4DC53DB405230E0BCF3CEDB3276EF79CF7B1AC0E7162CD9963A55D09C4D95B27BDEEAA7C34D2C6A186F36B4A03CE79B7FB7379C56D5FC2ADA32EF8181793830EF3DFB16BDCAE9F65EF44A572AAFB8485BC38954305B9B4703B381B9D6DE53B55D292EE22F0EF03BE7162CD9222CD09A0B9AB3D1F0779FFE132A309B393B1F28D2F588F70373F6AA2E5086FEDE2C7A7AC773F4D1985B22B245D3F5E542B4C888937A256D1EFD857F4945C4CE752CC66B4B00AF0DCCBC82DF52B45D0A05207881B9FF1C8B141A4160B0222F68CE4E0233E6ECF75F6450C9F08F1EDC7FDFE6DD906D6840ADEAF92707734B8D6CD17493C1EC805EB4EE37BFF9CDA6348DECF2341FF3C803AE590869CB6A4A7191D0C449D5BC3B4D6A4CFEBE91A31B5A412A98CD9C9DA73593226560CE1BBB9445C6E46096DAF69E299B671FD274A590D1918B6F1B8E1D71C02C6D1E3532CBF629ABE0199867086689AA8E95CEEB02738AE61DF573A135173267A782D9CCD97970C1C76C60CE1BBB850273A07CA65BA9CB07268BF8CE0A834EFB4829E769D02D0B5DCD781A98670866499B8A55EF92AA5F4473871E76313FB3E44AF6F185656ACCD6D4221F2E3B4FBA562384CDC79C3F8631484FAE31073A4A4961918F7EF4A3DBE44214CC1BA671F12FE393D680C4F6290B6F03F30CC1CC4BAE81AA54FD6A9B144460AADABC69804B50489FB2813DC06CE6EC7E6039FCEA47999F3EC34F1F83329F4F0A662902E4C119FF32EEB036B9D059646403CCD2E611CB9B41B72C7435E369609E299835C15BE43B774DC0220D2D5C684F04E62BAC47B3817520B06AE0DBB5CFA46096663381C6155D91D49D60DEE8EB2C55C33410B17DCA83DBC03C53306BBA4D858A8BB893A4A89F1940A335F7AC5294EC63DEC86DBED26A671B9C6708E749C11C28C52995BA7087B5019392BDADA994B5CF5ACA7012EB62D02D0F5DCD981A98670A66FC43B1661431306B4DE2D1E02F576B9E08CCD60AB29F39BBAF6668C787C77F52303B35ADAB0DAD59F297DBE24E90099D4546EAC6359226D505770D5C6C9F7CA81B98670A665E6A56B654CA6A03675B71117742684CE24960D6F8A33BF661A5BEEB941FD71518F12A81594EB3C1796E0B845D37BC6E99423E39F32A10F8D596BFECCB845D37DC11962BF539F7ECD9D5C4B81858F3C1DA77EC0CCC3306732C175903E6D839C68432D7928035B7F4A6F6F71F5D6C414C7303D3AADF8FAA5B530E7463C7042A7E89093A56A9ABB5FAD746794F697ED1172E767C3ED80DCC330673978F98020108057CD15D1340CE0110C78670E87A7DC04C10D8951FDA6FBED619FA5A5715D0938139D083596B826E05730D7BF151C7E48A41371FBA9AB13330CF18CC3C40A2AE4366A7AEE222FE83C72C35693D5F67F5DF0BCC34B6B8E409066603F36CDE81C9C0BC113D2DBE657E6A2B75499D84C3AF3973EB62BD06B3C647AD018BEDD30FDC06E6998319B31493DF2FA19702E662FD9963E635C5E77DC16C95C0CCCF3C27ED7C3230D7415A2E94F91D1334815D3128B61619A97398A9F6456C4BEC1CF6793FF0C6C6CFC03C7330B799B363C545DC072FA957079F7D8BC9CDD9BDC16C5AF36CB4C5390172AA7B9904CC4E072881B3DB7F3926F445A6F8F2E0F0DB7EABB5294EEC9CF67959501B98670EE63673760A98499D88A55E8DE57F2E0166D39A4D6B9E0AC4FE75270173A0B08894E1D456EA0ADDF7F9BFFB4B8D9C0895F234F096056F6C3CD7BEFDED6F57CBB8C5BEF8227D1E326793769462728AA55E8D056656E94CFE0F5E70FBAC942989E0365FB3C1796A3853EA947779744B54A0A31495BA52529C42602696A5AB92E022C9CC45BFD7A505F3322D36FEF22FFFB211006E530B292EA2FD9E8F7EF4A383BEEAB1802CD711DFF83B1E7D9B5E6036ADD9C03C3598A5B526EFF4A8F3C82B2C9253A9CB2F3222591EB154AB4507DEA2DCBF8179412C067E8F6656B7140FD18259E04E47AA5185881710560CCCF89A2DAFD9FCCD1346A84F02E68D5C6337F02B27C5C907B374AAD39AC21705708B7A9F06E60501B344564B74361A345AB016CCECA7E9583534B44B82D9F29A4D6B9E526B9E04CC4EBF6481B3A449FDCBBFFC8B4A1E002BE4895B5510D7588A297C5181B728F76D605E1030BFFBDDEF6E4CD1A2F1E680190D9BE386866FD7F98B8219ADF98D0F33AD7142AD714A304E7DED49C01C685C418A538AF58C45BAB8B698AB47DFBB2E178075CA42DFF61D2E3ECBC0BC2060661248B1110A033091FEECCFFE2C6922BDE0052F982658C53167970633C16057BEE74283B3C179F4776012307BFE6549937AEA539F9A240B5C3013BB92234F0CCC06E6A4976E595F1889CE968984DF38E5BB62EA6202D2C7794AAD997B78C29D6FDA2FF8CB6D70F18A7B59A94E03F3E860DEFF88BB36F3098D7394F914F02F4BA5AE7FFCC77F4C92051273C24259A2B1536489ED3B1C94195BD39817486316733611D90804FE9F3A4108FAE8EA58358680290E6633698F0EA5A9CDC873B8FEF90FB8DDB8AEA1807F19333696B45439E0667A301F59F4A79EC3F61F0ECE06E60502B398B399486C3913039317C76EAB93AB28A7590ADA43801993B6E5365B30D898C01E1DCC9E7FF9C8910B9BB99C0355346C8E455BCE5DE4E7C81F3B46077303F38281597C43B9609609B9EFDC53C731BF05803F14981B7FF33B9F64DAA399B54779074607B3571F7BFFFEBBF582AA2CF0293E64C0D40173AC7132302F189805AC7D26535BC7AA521A71EC3C088487DEF6F4723E66D7DF4C6BC8F73D6D14C13CA67666D79A9F3560543007EA634BB5AF5C5808985303C772AF67C7E9E16F605E3030F372E3274E4D8F7027455BC7AA18504B7D2EE63383B30E36947E2402988D802380E06EBB7FEE06755B4FFDB6E7CC9B6C1E2FE73DFAEEA7DB6226C1D2C0B8ED38FEB8F1E235BCFAD86EB5AF5CE0214780B336FF39F73A769C1EC8325606E6050473DF17DDCF892E055CED7924780DA170CF5BFD74F5F517DCADBCF6FCEAFB5557BEFFA28582CD91B73CB13AB8FFBE0D3405B4A2D574FD4C8132FBEE3CE95A8D400E6D7CBEF7EC5B34F7C082C034F5ED8B2789C666FC46EB73EEF55F1633766ACAA42B3BD0944D5B4E87665FF9AB39DEC0BC82607673A2B5302DB91FC26CF76975B194BBADC361E7B5FF4B75E945772E0FE799A751A1750984D1BE5C50EEBAE1751B38EF3BE7D6D5810BCED9D4984B6AB69C4B3466EE0320734D1FD8809CFB00482C1E5619D68C43133475F2FA361A98AF78DE96FECBBB769D9C158DAD8182ED333DAC0DCC2B0AE629CDD902E6EA8575679EF3D6AA1DC7D5DBD5AF5AF56E6CE1FA9AE5F799F99C81210074B5567EC7BC0CF800E51CC0C77DB22000D82C12428B86550235E3218B963DBBEAEA79F5BBCBE27214307FFA9E5BA02CD1D856A96B7A800EB5883130AF2898A73467BB6046C01D7E5CAD359FB0AE3D172D3C32433803E07513E80D1AF02D92068A691B8DD1378703EE929AFC1C1626EE3DF0BDC5A271FE1DD7A13C2A98BFF2882D602E61C61E0A2876DE328B0503F38A82794A7336A95A68C922E0F87974FFBA0602B4CEBED9C983F89DE7904A05C08680B11B2026E6E9D0CF92001550A3F12FAB3F5AFCC9BCAF871EBEF59D6531394A153DAF0CE79E3DBB9A861306C132109CE3381A985718CC5399B3CF3FEFF4F58A491B9A87FB138D44FCCE4398B67FF4E6DF9D85A9B884568849DCF74D6B82C5D60B4B5C773666F3126351FA1CAEE91A5F32561DFF7D651C79974BC65F6C3B975786D3CCD8CB0B63778160605E61304F65CEEE02B3EB771E2CDF9988ED0FED5F6840A3A18A6F1A3FB01B20D6A531B32FE668C08C36581A68CB703EC64F62005CD3F52460F6D2A4C48C9D5A277F8E5AA1DD53FB22C3C0BCC2601673F6D8B5B36360F64DDBBB4EF9F1F251DB446C5B572A03B393BB8C962C51D798AE094C0C5975E46FA368CCDF7C824563AFA08C5EFBD6B7BE55ADE266ABB5F5D5DA14B5B3356016E1272955446DFFFEDD6F5E3CA50AD3F6A26BCFCBA0A54EFD1D5C2D995807621EBAA0CC67A380D9499392168F94E535F9B5DC26ED9505F32A2E4642DF798ADAD9D293D90FA6691384EC2751DBBB4FFF09D39E132A544D0DBCB95FDFD7925908C6802C990480F9E0B36F319C8FF9B27B6FD196735B3C1AC4170FE206E615B518B890A6EEF698E6EC54308B697BDF59EB5A8A68CFA52B86FDE862AB7435779096BC3F5F4B3E72A10ECABC8F2C1679177997070BFEF2BA49D1E291329A06DAC5036DEA3333301B98AB17BCE0058D901974F5EF7499CA01B36831AEF64CC5B0E291DBE67B5E7ABF335AB2E493E34B3EB0570F64F73D1C1CCC4E37A943871EDECC51E6EAD0D6BE5488D8FEE5170A0666037353C49E493F4A4E660DE83E60767DCF08D5C1EA6D1F7C8805872DA1C95C3A42F1DE50C14BE34B0E99B607D798BD6E527BF79EB1D970626830DBF9A78FBB32301B989B1538E5FD105647DF7B87E14C731B5A33D7E05A5A7F5E9BCF0FA18A7015F3F61055C37EF4C6872D5C338C92E6DE653917CD4124058ABCE458C475CCCF8C96CD7B77E4E2DB0E335FBEF8B04DFFB2DB49CAA0393D34C77806066603730366F2221B583EF226C3081AC7948D4FAE896875CA1BC60461D7E7085984AD142679ED4377978DDEAEEB6DE37FB6E86D5D9BCA39C19C7C6FA9718D85A5EF6250DE43298433987FD9A9F675E0C0DEE6DDA693D41850B06B4C0F7F03B3817973B29F72CA2975E1891D0B0766D7BCED466F17F73F03E84BEABCD22534F12EDB77A2ECA9F891811A818329C15DB185E2A060F6CCD8D249CA80393D30C77A06066603F32698C7CC692EA931FB35B745684ADDED0F5E70FBB21A741D20661AF43CB567E9DE25A549717584CA69C6C01BFB7C50303B666CC95D666E8E0505BBCEF40B0003B3817973C28F190486662EEDF3624230E773FCCF7BCF58376F4B805871409B897B36D6033464A9DAC5F3A64888364F3EE7FDE2DD1A2CC5D031635BD0D7F4909C62A1626036306F5989DFE10E77A81B235C75F020305A3F36C13309B9A3390294F34B80D86080AEDB4B5A90D8341A7408C87D03BB34EFD960BD981D3336415F3B761CD704664E0107BBE6748B0203B38179CBA427C004801D78F2CD06F5350B9887D49A5D010BA05D0D9AD692C57DD00268ABC13DB8264D5017DDB5C4220228C700B2BC538381D93163BB0D2B0C92D341728AB137301B98B7ADC6C70802DB73E6899B42754893A3AFFD0068A920D6983CEB129FC5A3B86B405F5177B0FAD1DB1F6B91DC8503E5A8D6E50675E598AC7173F4F53B0F0666C78C4DA52FAAF24D0106BBE6B40B0103B38179DBC41F23084C1A59883F50633E0CED03689BAA65914E406D809622255411A34946E9329F57E087A6518669D1BDB4685A544A1E72530CA7F6F1E6C215A8728EDC770EB0F3DEEC3BF7D4B25625C78C3D66A52F83F0B4100E8DBF81D9C0BC0DCC0481EDD8B163D04A600266296C92AB354B052604658EA046C8522C42D2ACA8C37DCF5BFD74F9461968D17F719E69D1091AB4F88F771C7FDC7A111960D833EDC9B596E482595C22BCC345F3981D33F69E3DBB9A39C85C3470CE0F9C433F1303B3813938F1CF3BEFBC412B1B0998651100187304E526986B21C639724B2C4A630237500C33F78BEF7346792D1A4853F2F39D4FEAA5452E5BEE31DF8774A703179CB3C55C4DF118164F7D9E2DCF57AA75E1AAC9D59859FC895FBB389837CCD8478E5CD85C8339383400ECFCF384BE81D9C01C9CFCD20EB2B8F0D9A800467019C287EBD05FB60938CB682680B01621868681993207F07EA01879AA62E6468B7EE86D4FAF8AA75B01E8DAD4DD407AC54DDD047391EE24DAB198AB732D29FE3B0050799E5868E8D094FB9E8819BC78953CC78C2D2952CC0D03E73CC139F47331301B985B27FF90A953D2C88252A068CD683108CE1CAD082109DCA5AC28E6CABE7096E3F15DBBD1DCF8A281F41011DD8D3F9ADADC2B02694CD5BEEFB89476EC179DC19A422015EF5A2E98C53A231A77D1968F5F7944531BDB52A45613C43EE80DCC06E656300F593FDB05332FA5A469E54055C0CC7924702D47FBEE82394166D459969ADC8DCF7343931E24AA7B4983C604C6BB6E78DD4D9330D0E4B9E7C40868166068B958534403CD0533F7C979E45D2D0AE68D168F52179BB937B45666E79FEF22C0C06C60EE140008B1212A1C1D7ECD99DB0AF373AD9CA2232E98113612503694A007D280DF356B8A260DA48788ECC6DCBDA875BA81317E63692621815CB80B867A46026C09F6724197036629C1C9C24F16ACC5C0FCE97B6E7692B214A9F9C272CC85CCDAD1A3476BF3896DEE188CF900E67E2D114243141CF181FAEE77BFBB0173AAFFCF3F0F638AD9526B1A07B498297336DFD4CDBD006922BB07091CDBF04903E92BDF7FD16C83C7F019D3FBD8D58C05C8581E72C6DA3D4653314E82BDFC3AD3A960E65ABC4B92532C5699622D52BF593746A9CDD8A22DBFE0052F306D79C5152603B32D4AA20BB35BDEF2968368CD08EA473DEA515BAEFF80073C20392F1913A35FB650A2BD313DA3950150B41EA2AE5D73B444D896FA099489E676CFC7FFC9911E24788C861AE449CF20C23B0463D727EF8F4BA931E73C3C5316743C6380CCF396602F7FF18B8F98B8018D199C7D24C640B46E09562C962A75C5F31A30A32D736F735FACDBFD0DAFD51B980DCC5130FFE99FFEE920653AA9C90D885D6BC5673FFBD9EA9AD7BC6652EA130299C5837F1EFEE60BFF6B5DEB5AD54FFCC44F543FF3333FB3B9DDE216B7A84A6CC71F7F7C03E52B88B6AE37CCDA048AE18B96FB903C69B4E94B2FBA73D9AE576EAEF4FB9E36B8364D152EB4622A71B9D1D4C0F80977BEE9B6EFC7D830466D63BD7BF7EEEA8E77BC6375E73BDF59B5A1F9FEFCCFFF7CB35DFFFAD7AF4E3AE9A4EA6A57BBDA96674E00A31FDDCCB3D0F60297802F77E15714CC9FBDBF69CB2BAE1D070B8C9819DBCCF89A776008AD997AD93E50B997E73FFFF98D70D50682F96096E3FFD37FFA4FD575AF7BDDEA4637BA5175EB5BDFBABAFDED6F3FE806F45D300BA0F989B68CD64C8D6E77B1E09ABD8B837A23CABB69515920D25B02B77C10B3D8E07BF1FDBABE03DF95318A3D875FFFF55FAF7EE7777EA77AD0831E94B5DDE73EF7A9CE3AEBACEAA637BDE926A8DFF4A6376D2EDCB4602643006B0C0B45168C324FB8FF627DCBBF7D4103E6DDBB4FAB7EEAA77E2ABA48D6CCD521F7316D79786D9931368DD93466953040B035B9C6059B5BB48119C182F0E37A9AE0201FCC37BEF18DABE38E3BAEBACD6D6E1385400C12299F031D20E502B9ED77D2ADD02A7DF3EED0A06E82C800756DFABEF243FB3BB56A4CD3A433B9415B128D0E8853B57E8ED58059C6FCECB3CFAECE3DF7DCC6AA920B698E4393E69C022C2D9825E0EBF77EEFF7B6CC111693BCBBBD4DD91FFF8D06CA527ED377EB0C09583BF7BC153203B381590566267269ADB90BCC1FF9C8471A4D05DF61CC17E882597CD498AB53A05A625FA083D0D780D9DFA70DD4801E7863121F24E29B661B75EEF4875FFA9026729A221F7EC0962C165848F4F193A782599E09E66D4CC9B980BEDDED6ED73C17019F06CC52E12B64D12906E68D129C68CBBE566EE09C3738877E3E066603B31ACCA5B56629CBD9F692A3A96884A8801998B3FF14DA3210C16F9D0BE63650A399EE3AE5C783E66F4099036BCCCD1C271ABBEB036F02A9EAEBB110281DB0C6B919A33E8BA0BBDDED6ED5FDEE77BF640D1A3F34D717370791E15D0B3EDE2960F9AE77BD6BDBFCC0E4BC77CF29FD35E63A77D9B4E5D506709BEC33301B98D56016AD99A0ADDE66BCBA34670CCC5C0FB33402B52B3D464C8E6844EC3B863F3904979260F6414D6EB40B533FA80D98A259035BB46FD16C39CED5C67D08A30D8B7F78906A661B81707C9F1260967107D0291A347E6702C3802DF7D155EAD37D9F4282B3592CF66D60B191BB6CDAB28139F88E0DAD92DBF997EBC513AD79FF236FD21BCE9C0321E706D6F8EF8B68C15D266D11A4683244FDF6D1C8FA1C3B249843E6718135DA2D5006B25D294802618177F142280E84431680926096E79462E23EFDF4D337C7A70DCCD2463464C2DEE2A3EE0BE63A7759B465B4789393CB2527FB3E4FD3984D634E160A082DB4E6BE0516A42CA71B311B7AA163266D0133829F08EC3E70ED73ECD8600EC11A33359A2F6668002CE6EEE211DF1D100EDD17F7340498795E44716B82C3C4D7DCA531B30044AB6641187A17316D73FCC167DF227F614AD0579DBBBC2891D87D2163C7A72F3A0CCC06E664308B16DBB751BC16CC62426F8BD276C14C6E6B1FB86A8FBDD9CD6EB699072DC70898FB0448E5048E2DC23121305FEF7AD76BC690BC66EDB887F6BBEB5DEFAA0233E66CB1288434E6B6286C172C6231EA558EF3F20757070FAEB755356D391D5AAB007A03B3813919CC4C0C897E3E72F16DB335078ED50AA7AEC2232E98FB08F8D8B1A45F91174D7099087837FA5BC03CB4AF761140AC3165E376907124E71C50E7C407E06FD668CCEC2305487C30774561170773DD77992A5FC44FAC0264EC3BA62F3E0CCC06E62CE120A0EC9BCFE9A6B1C426B05420F3CB29527E91F30CE95F06BAC043527E42454B0CCCEB15CF421B39CF21533620662CDDC50E804EC941C7CFAC053339CDDC87DF1692F29DC42874C53BF07E4A806176F0631DF42535B1632E9CD87CB0CFD381B7286366603630678199175C7CBF7DCC7A2960763575B7ADA3944D4C295E11D38EE57300219A1DE7EF32BB1A98DBC18CAF3BE663666C25171C506BDD127DC14CFD74EE4D03CABE603E7AD9EFD6AD238F0B56BC5B1468D87D0EBF2030301B98B3C1CC04C51CD7A72D24A50DDDAA4C9A49DF049FD51A8E54051330A3696981ABDD4F40A1092A631F04BC99B2B7035AC09C328E582834FEE714304B3EB368CCD281CAAFEED5F61EE2C2C94E17AC83BECE7FDCAF35EF485B7099E6FDB77D8607E3D4636C603630F702B304C3E4E6757655FF6A9B1C52158C3AC6D4331630F72D5EE1C29A6A53F89311A2047A69400E440CCC61AD59C0AC012D638DB60C98D96266ED7BDEF39E6A53B60B66796FBA52A3FC77B04FD5AF237F7B8FE6FDF01BB74C0D01BBFEFC406F603630F7023393FAB77FFBB71B2D2227108C0A4A39C5FB256D05336449304BF9477C9F08511A2168A0CC3E026652951631406BC87B4E05B3C09967102BAF7AAF7BDD2B19CC2CE8B47E65175C7DC0BCF7EEFFC34A6F9ABC55C95B03B3BD28AA17A56B55DD27104C53FDABEDDAE2E3A60B55CC7FA9812BF9B0683352252AD5672D60064243426E11CF2DCD3AB41AB33C2FB15A74F99B73C0DC5572B3EB5D27C739274D5052032D3D6A7EDAE91C2D06066603736F30BB8160A915C1FA8059B47549B9C93565A325BBE6505A06A698B045BB13881898B79BB305CC8C9136A8CBB54274592E72C0AC4DD3F38536C7E5B86D88C3483199CF1116764FE32D2A0CCC06E622609640B0D48A60294546DA0483D4D3CE013350464376D36D28DD886F33A665A3FD616695342A59201898DBC1ECE62D33761A0D5AFA6AB73D8F1C30E7F879A5B04E6AEB53597C861A6218ECC683DD228DF5DA37BFF9CDCAB6B43158A4073CE6BD4A50D69E334F54171D2901664CE939A66CFAFDFA5096FEBD6D666C0291DC9C66AE7B8D6B5CA33AF9E4939B8DFF1B98DBC12CE3C498B990664CDB82BC78165D6E056D0E33FB49F057CEBCC8A9FA254574ACD7B20138E59D3330DBC2A4E8C2ECC20B2F6C04AED6A44DBD6DF6E7B8DC05E21BDFF8C664D3F39DEF7CE7D6EE4414A1088180541FD18EC9B3053268EB37BFF9CD9B4DD2A50CCCED60668C64BC183BC6508A8B30B6A174AA9260967AD99A9C655F90E6809974404DE19214A16DFB2E3FE40DCC06E66C20B68114819B12A52D454672C1FCF297BFBC01B3C62C8A3914F37557CB40C0EC5611E3BC526404889C76DA699B7011C8C84FD398C3E952E263F6C74BFECF980AA0196BF759F2FF521A330B329E1155E45201975A5CC44CD8CB0FD0D47748BBBF81D9C05C1CCCFFF00FFFD0A485A02D684A17121843CA552E984560C6F25DC54719F349129C84F0E6A768C131201B98DBAB7E11451E037308D08CBD3C8BAEC22429A66C6964C13B93FABEA580F9F06BCE6CDEA19CEBA4DED79CF6D782C7F6EB5EB418980DCCC9024A23089EF7BCE735824913C12A454634E70DED43B42BE08C056BF1F96FFDD66F45735EEF718FF54210A2259F70C209AD1AB269CCDD4096D42E2D98653C1973F7197435B7480133FBF25C796752DF37DE1FCD6213F70CFB61394ABD86ED9F16EFB3ACE3656036300F263CD08211AEB15ADA52642467921D3972A4B9066938313063C6D40AF1EB5FFFFACD7953A00C5438E6A1B73DDDF298BD6616A960662C05CE250B8CF0FC89BAE739F1EEA4BC73DAE222BCCF588CDEF9CE77269D3FE55E6CDFE506B881D9C03C98F040F069FCCDE28B8B091B4CE4047AB99B981735653363266C17DA92CBBC63C70EB5B60C4CAE7295AB3466DB452C0232E43D33268C4D9B8F39F4F7134F3C51153B90F25C79C61200865527F6CEB99F6B8A8B1C7CF67A59D6D473A7DC87EDBBDC50E6F91A980DCC49C2295528A03520D0305763E20BF99CC90B4598015EFFFC40184D98C85649AFF17F6ACCD877BDEB5DD5DAB200FADAD7BE7673CDAE602F1F28A4011998C351D98C8D16CC929B1ED39679377EE7777E27F9D9BABDA0D184D958E4B1C9C2CF7F1763AE19FCCA043D724FA9F3C4F65F7ED8A63C6303B3817970212251D36DA50C25971981E8BEBC0275D26810D0040011AD2B1B7FD34663A76A55C0592278AF76B5ABA981C222C1C01C063363A3053310E7B977F996C57591D25D4A165DF26C25E25BBA88B98B3E1683628EE6279FA1118716972C3A09626441916A224F11D8B6EF6A00DCC06C601E1CCC0813D293DAF29BA508836BFE1328233043D1D694684C292AA2F52DFBFB893F12B36A1B5410C67C0EC0B92703737B1E33E6ECEB5CE73ACD22AB6D3C4F3DF5D4A4674B8DF39CE72BC546FC729FB2F003DAE22B965CF9B678098AEAB06FC8EA63305D0D98967CCE066603F32860E6A545C3690B0673534B24A21BC11882B2A4D06802BE44ABCA11DC1C230D2DB83FB798C8AE5DBBAA9D3B773655BF7CD3BA1518D90EE6D73E7477B5F3DAFF65CB58B190F18BB430AEC0DBCD238F05F5F179EEF3958557A87EF75DEE72974ADC19625A0F69CB58827807B00C9514CE76AED505BA81D9C03C9A307183C1F0C7B9428EF41204AC40B90DBAD2A73745705350245770739C04820161B43989161620EFB8FA55ABB36F7672057CBEFE82BB59E0971791ED06955D7AD19D2BDA62EE3AE5C7B7409A203B163A68D35AF7840BECFBDDEF7ED9CF18F86236F7E12C51FC026FEECB07B3C447F4A95C67005E5D00B73D7B03B381793430F31202674C7EF8E3DC603082C3F87B57EA930B656D311184774EE0970F72AA81F99AF13D6FF5D3D58BEF7386C1B803C45D91DE2C62183F1635EED8A65842B44563BA16665845DAE0EC0602F28EBA6096D8883EC5710CCA06E5D03B606036308F0A665E42F11FA3250B9C2565AA4D2803628287DACCDB5DE6CE1260A6E88844F2029321538B56F5DC98BA79C6298BAE126016970570F6AF2F41837CE636679108EC9C422506638371EC1D30301B9847077308CE34BD406B0A0965FE0614B551BA3EA44B8019E17DB7BBDDADB947F321EBAA7DA52C3018D31C13762930F37C597CE1F776177FE79E7B6E63227753A504CA16816D808D0136F77303B3817912300B9C117868CE529821D48842DA2C8602743481412915BF62BE6889E4FDE005B737AD39D384ED039BB14C89B00F3DF39C74B8D0B366F1059CA5B737255CA5442BFE648132F76B266C03732E7863C719980DCC93805902C1107068C2F89CF93DD4AC00F3E2F5AE77BD68C9CD2E48C7809BF239664DCCAE16E855467326102C25986F4830F31E903E25456BB0B648CE3360E63DE5F94B668069CD06E71864733E37301B984707B340592261D19225F8C707300526F84C5372B30BCC5D6D1E53A0EC9A3C09FE4A31D7DABEDB414E5D719E6FAE35449E39015CA9CFB16D7F29D9C9BB0798C54A42552F161068D0E2DA40BB36381B9C73E0DB758C81D9C05C1CCC145940604A9943F23BDD82FED2DCC215C61271EDF7DD15686B7B2DB7C1B994A95384B9A450912265C0CDD39CDFF1E8DBB45A49342E0A779F5250762BBEF1CE916A27E95268CAFE02404CDFAE599B779DB43FCA7B4AB94F6B6861F04E81B781D9C05C14CC544822EDE9C76A2DE87AF5E6A71821A8F85BC8348D86E297602C05E69CB28D31614F072A7298CDA49D0E66C60C7780BF104B0532FBF7CD53F79FB398AE653108984350F617695284C47DE799076CFCCD1A5B189CB5705EFBC637BE51D9566E0CB403BF8CFB5164A1816EBD3DB6DE9EBCB13DB0FE79F77A3B634340A5A4C49402736ED9C658FE2BA64C2BC1990E664CD8B951F64345DDCBB3F6C11C5BA0F1B95408FBD9FA1DBF5DBDDDCB79FF9907FCDD02C60CCC5AB96F60B68549EF85D965975D5611BD8AE001BE0264FFA708A7147F62293097D6AA7C214E352B3369EB008DF9BF2DD02F47632E6D0DC901B31C7366C7FB7F970D386335B2461706E94E1FB369CBE5B4E5551CCBC3870F37C12FFFB9163A089E36283F7C4328E55475EA9B4A23C23EA73DA0465B92861A9642150733266CCCFF9A768E5A48977EAE12EC955A679DC030CCD66D7380BFA3493357DCCE555A2DCAF65B1D989BC66C1A73B6C6FC8637BC61D39F8CB9BA4B2089B6AC69E3E70B644C9E7DD3A53827813A1AD0E6EC832993B41FD39ABBE14CF94D9E674E75AF3650978CB8977429EE3115CC3FFBB33FDB58027C33B63F2F58A4FE64BD118BF1B297BD2C7BFE2DA222608B0BDDE2C2C06C60CE120C6DFEE43638A325E46A490408CD3148C805B85405C3776A700EC39952A62552DF5C40972C1E23CF93BAE8EEFBA65DA8DDE94E776ABE1F8BD0AE452A9F118371FA8615E9918F7C64D61C5C4430DB3DEB2CB4066603B35A28E04B468860868BF9935DC144E017FBFB7D6FB5A64AB4655783D11E17DAAFB4D9D315DA527482342083F35638D3550A13768E2BA3EB7913DBA005A7763F02FA5C0B8DF63816672C3E5984BAC18F5D90C627CDDC604E31B79863062F1DBC96799C0CCC06E6A820F89BBFF99BCDE02E84086638601BD30AE4733163E79A2FC5879B1234D626CC8788CE760537DA96A5506DD798895C4F89C6D72EBE4A2FB4C4F2218BC8148D9C20340AE13047BAE22DFC79C35C624E499A158B0DDC44CB0C1EFB6EDD8B0F03B381B9550090772979C762A28BF9CF42B0EE63C646404BF5AF50B94EAD0077F7EBD3BB37A63D5180028D0B5FAA69CDEB8026629DF7A76F9118FF590F11692F560F89854869800298B9C726262261E12A7386B9258B58C68BA04AE6A0416CF5346803B38179CBC4F7CDD54015731B012B5A0DD9DD8FA0B012A931685B25FCCC430781016E29E968ED21CFADA4414589E03D1FCC4304F361F1903AD95C2FC5C242272A8EE1BBF2CEE7CE19CCE0CC39294C429018666E32200CD2AB016903B381B999EC2173758A39AE0DDA92BBD9575B1261976B0E77853A9A56E9485E5F93A65A14266DDA1992B78BDF79957CCF68C998AFA9EED5B741459B55A4B4191B6B875F952E25479AB2AFDCAB68DD5D39CDDA452EF3C7ADA0C7F9CDCCBDFC703630AF38984B99ABDB048D54FBCA3139BBC788B02B65CEBEE73DEF593C68C88533421E20F92549E5FF401B70B111C9FD84736F59BDE491675757BEE7C2CDED476F7C5875C5ABEF372F9338F7F317E7AD6F071F52FDE8E2476D6E57BEF3499BF7BEF7ECF5C624D2A8A4EFF30F1D1F732BA47E2EEF981BCB20FD9835E7123073AF3C7BFCC65A00C7F6C3F284991B0B96048B31772D586C39216D605E413097365777091556FBA534264C8CAE99B18FB03FFBECB30705B3741F4288EEFEB91B54875EF4D0663BFF01B76BB67DE7DCBAF93BDB8EE38FDB04F8E1573FAAAA3EF2DC2DDB8FDEFED8EA8A97EF1D05D01400D9562805005FF284EACAF75FB4EDDEFC7B95FF1FB8E09C5E91F8B1673B84199BF7D47FBF529A9FB860160B4F0CB8A99F63E6A6E4A76BE62658CCCCDCCB056803F38A81F9FEF7BFFF260458D1973057770917C0949BBFEC0B67B4E5924144436BCDC059B4B083FBEFAB865A0876577E687FA3990AA0D1B22968C24F5291FA069A016469C188368F468C06DC06DEAEBFB3B860B1513A35CA7D1F4AB679743B4AF916991497870BE69FF9999F69DED558E19D5430FB6988920BCDB508D4340D7A39006D605E21304B3D6BCC6139D1D5A94284D57DA9729A0865FCCB98464B817E0CAD19A1DF74A1AA4175E42D4FCC029D0B4101F48BEF7FAB06CC621AC7249E136C0690F107E30BE65CF8C45900E40099638EBEFBE9D5AE1B5EB7B1929488070869CE433C379E915F912C35EADB05B3D4781F639E49253189E436382F3E9C0DCC2B026681B204928C2130B846493023A44513C929ED1912F26368CDE26F0658B9C0F38F13405FBAFFFF6D345DB45C8134C006D26DC166C098CF49E9728FF9D01FFC5675E5FB9ED6EB1EF12D0FE957E619962E2A728F7BDC23F89EA6A44AB1000B81B94400586C41CC0298C53616307E323E16BDBDD8703630AF009849B590A207328973F22C6302C2FF5CC0DC3722DB05AA68CDA552A786D0BE42814252B802FF722938CB79802981622F7EE0AD1B8D57B4DFB6C033F93BFBEDFB8D33AA0FBFF42149FEE3A9FCCAF21E94CE4327452A54BF3B25F06B4A304BF530E69B6441189C0DCCB63A9B31DC29928F207E801321EA4EE454D8A6EC4F904A499FB0086609AC5924AD19C12D5D8B08022B0D67FF7CF879F16B4BB099FB73FF23EE5A8582CCFADC13E7E3590FE957E6F9A76AB1B1686AD1964379D629815F3E98B957C663688D39B4D0DEBB31EFAC38C9E2C2D934E61943B5AF398A484D8A1300C8AFD7DB0B36E02C9399C09114D0A6EE2B0B80921AB39B278AD65CC28F39465EB3DB20017F33BED83E209CD3B17C979D275DAB58F47D574476C9DC655C0C68CB003454EE350675FF73D7943D1698438BEC0F60CEAE37E63EF509FACA113B7E7CC01B989714CC048050D2EFA7EA09FA990D305FE280584AFFE55627D2407A283023F4486B29E9BF4E2924912AB0FDFC664A7692263527B8F6B9973D67DEA4310597B260B481B9B4DB412C18A114BC941AD9F27CC70673485B7ED6C65C67CEDFB8DE688E61C160E383B5EF62C6C0BCA460C6C774CD7A621EDA98A868CC97396006C8804DD3A24E03E1D03E438259CCD96DDA4E2C0F36F479E9149C368023F4B9EF21FCCD7D009B732C6671BE0BCD1B72C63CE598549F6FD7024A7CFEDC7BC88C9DB3501B1BCC216DF93DCE7CFF305A73BD31C67D4161C78F0BF7B5AF7FFDEB956DE38DC1182FB8F44A7EAE334901B36BCE06A4436BCD438259F28311ACA5BA1695F65F7681614C7F730E7035C7885F79883AD83EB04BBB1BAE7DED6B6F46A487CCD8398B3422FCDDFB1ED2C71CD2969F5ECF852F7873FE651B0B70EBF93C2E58FBCA7903F3922D4C0E1D3AD4089CFB07A00C985D73F6D05AF3906096B28712615C0A0E63A44FF9FE6682C14A076369C09ABB0F3E65EE792CBF32CF3A47836D5B18C9A288772754952ED7642EDDA5B85FC9631E2AF82BA42DBFBE65CE3F7203CE56637B71E06C605E22307FE6339F69023EF02D8986ECFF6445ED9A9D456BD636764F316B976A60D166EE943ECD02E7124166A535B32EAD595A446EA62FD50154E401134D3DC7E030EE0B7FB2DCEF187E659E7DC96782091B1FBF7C07E9BBECBE63B9E53EC704F38FD5F3D8AFC58DABAA6DDEDF12B3762D1BAC74E762C0D9C0BC446026D80B9F92047BB54DD2973B70965CE32156F6431418F1210D1CD810B4A15CD4141FA6EC3BA6495BFCCD57B9CA55AA6B5CE31A5B9A5E482D6D7CD1526B3B57CB4D3D8EEB0162160ADC87808CFB2CB910D23C9F92DAB26BC2E67D095D3F354D4A165FB48894F389C64C4644CA6256B3AF2C78DD72BA7FDE0165E4003281405064040BF839BA2FFB9A7F97E97803F39280592A7BB9C15E6D602640C41500141BA1625069AD790C304BFD6CCA74B6992635C2DFDFA764A0512C8AFBACB3CE6AEE7DE7CE9DD5AE5DBBAA534F3DB5BACE75AED380DAD5EEDC8221026D7E86729553FEE69E2B549484FB38E184139AFBE21ED927A469E68C73EC9892DA32AD38B977D2ECF819EA54966BC6E619B3A093EF23EFE51015F6D096D9DC39FC9108989105C80616EEC88A3982D9EEE958AC93817909C0FCDCE73EB71134A160AF109C7D73F6505AB3D4CA1EB2E80479CC047F216CB90EE350E27A00A17485A92E400B3410E837BFF9CDB76C6839A79D765A03C5134F3CB18124B06493B4B11050B57FE31C723ECECD358030D774EF456053627C634096CF4B69CBB2F8E13D616B0B18EC733DA02EF72DA5634B8339A42D539FA06D11EEFF1D19D1C88A5A661808C70BFA4D1D6B03F3828399602F7C471414D04E4EF673CDD9ACBC87D29A4543D10AE29CFD440892B2233D90F95BCEB9DC6372725963DA71D7E79859311503621FCE53FF9F7BE2DE4AB5F0D43C9B3EDAAB3BCE921AC5BDF38EF04EB6BD1F29DDA4FC67E97E27D1CA35A6E9947D42DAB29B22A59101C80AC600D9910A0CDB7F1C981B981718CCF88A282040B057CCAFEC4F58DF9C7DF78DC95ABA0D24012A6DBE3C8D70D6EE235AB368D0A5CCAD7D34A854484BB30BBE0B26EDA9612CD7E75EA41776894A6BDA675A22425E82BDA4B18668CBA17BC80DFA0A95E36411807B2805BAB17D43DA3229521A18FBFB48F191B9FA9B577D0160605E6030D37F159F1185045227A76FCE46288456E3316111FB5CFAC50E2DD025429B9FE4A54A50582847550B06D92F37182815CCEC2F20C1A4AC05332667D9B4C7A4ECC7BD0CDD31CA7F262502F07C28BBEF48E81DC8C95D96671CCA61C60A159B1F299F87E6E75B33E63EB2428A8F2043561D8273FCFE06E60505B3748C7A43E6C40C99B3432BF214C13176F52F5FB8BABE4381339A73DF34AA9201481A588B3FF4E4934F8EC2196D36E44B76FDC6E23F969FFEFE3B76EC68BD0EF750CAFA90B220EABB1802B21281CDBBE0C62284EE83886ACDB369DB87802A3F22BB64A643DBDCF40B8AA42CD0911D3C5B64C91CE1B4CAF764605E40304BC7280A07A44CC498397B08AD798CC86C1188520D4C8A8DC8FF4B687B63FB9B45BB23082BA6DD4A70185A33815B6CC0D607B2FC5FF6919F6D3E6DAE8DE02E55BC450BE63E2665C0E94259A2C7A5846B9B05A58FB6DC16918D7BA8EFC2568E0F69CBB114298D6C90E223C8945506E1DCBEBB8179C1C0FCE10F7F784BC728CDE46BDBC7AD9D2D02A0B4D62C91D9A4336905739FFD24104C04308259F29CFB6ACE7D8191AA915DFFFAD76F02AE4291DA3158F7FD9C6B72EDB19E9B3CF3BED68910946581D616F055E2B9BAEFAC6407946A10D336273FD973612E72815C6B0248912D7303D4AADE8F817981C04CA086DF31AA0F98FDDAD902674C700F2CB8DA1F2B000CE188C992C01B371D468A3D00E8BEF9B7630783618E1D3B184C82BD18C7A16303FC45589F802F7A2B8BF95A9EB398B0BBBE4BDFB4385A51BADF83E7E5E719F7D19CB13AF966F1171782F2A2141F5935401B981708CCA18E517DC1ECD6CEEE233CBA8E95B29F7DDB02BA9595BAB4EA9086E4FA9CFBC2B90F3C52B5660960C20CDD570BD61ECFB54A98FF532D1F7D02BE24A29DFB763B5DF91614FF9E4A2CB45CFF32EF38E6FF21BBB631D7E8B9DC77EEBBC75BF19171D2A0B40B0C03F3828039B5888876D286CCD9A5012DA6B8BE4024C7540B6737B7D9F5414B418E50D5272D4830B7F6F549A6005ACA76520D4C0BD7DCFDB846898039ED58BA26EC5CCDD58DBE76DD15B19C65F2A4FBE42DCB33740B8B486C40E9B443774E3EAB3094455658F191F9C0D9C0BC0060968E51A94544B470A672506918BBE72BE5674610224801A346F0E31FF51B2DA0D14811127C81B9A65A605942A86B012D5600AA7FE54237769C94DBECB368D13C97D03EB925508960A76CA9AFE1F39CF95B978FBC6FE437CF8EC584FB7DA4346C29FF72685E62E5D2CEEDD4FDACF8C83CE06C609E3998DD2222A9934CBB3FB99043829973F7F533BB55A010A81A38035D84B3EF5FE4EF6E6DED5C13FBD8709660B0212A834965AFB183BD805AAE095BDA37869E2F7FEB6A6A82F959BB28EADACFED28C577E19A7ED7A792732BD473593BCFB5FB59F191E9E16C609E3998FB1411D14E44A23B4B0A8FD0B988FCC444EAFAFF52B42B5F78FB051DDACE25BEE51070C4DCEDFB2553EEAB4444AF1610D226B22BEF38A615B77DCE394B75E74A19BF9C9AE48C038B94B6BAE86229694B8D2AB9A072CDD8623A3F63C0F95422452A2617ACF88881D9C2F33B1606F7BFFFFD1BE1D3A788486C12CAE7F8AD424045C89410344479F7C9890D69556ED04D170CBA7C8D7C26E954B9F5B5C784B398B4FD0613B940E638CEC5B399C2849D1A48C7584BE475E87E43B105EEBB51323E00CB8D7B6EC9952E91D1C09C0B1528E9EAB9AC9DEB9AFDA4F80832481BB064FB9503BA69CC33D598A588C85306F427B913F4F52D609688EA123E33524872EB66B7993B5383C1420168AEDF1913688E697B2C384BF471C9286DE95295EB6F4FD190DD7D53C7ACCD9F2CE794C0ABAE0556EA42A0CB9AC1FD0F9126C55C0B4576BF7C2459207201D9C37D58F19172C0D52E5ED6BEF6B5AF55B6CD630CE4A149C728CCBF9AD56D897DDACCD96D4222C7F48D06901BF1DBD66988002C4C931A3848E187B6E870D178724DDB25526F34666DF1AD96F035738EAE6E4B9A71CDD92725229AFC64315D537635B480102877B5A42CE5570E057D49AE7C09EB52DB6258D373B9842C70CF21C547AC13D5B8703630CF6C6172E9A59736454408C048ED18D57752B699B34B69CD62CECEEDE7DB06AD927046C08A699BFB4CD59E4B6A646DDF577CCD298D2EDA4CDDD2A0624C6D39C59C7CBBDBDDAE89BAEE32B56BA09CAA9DC71648BEB65CCA8CDDB6101E2A452A26339041C822649275A21A0FCE06E6998179882222B1C9279FB799B34B6ACD7DA2B3BBF25C4BC2D98DDA06D2A9BED731E07CFAE9A7372533FBF896399673E42E947234658ED15816D092F98E00192DB96D81A48172C960AF90B65C321ABB6D119CDA73593BE735FB59F191F1802C565303F38CC0FC94A73CA5114424FA6B264CE97DA826D466A22EA535F7293642E9C32E4D2607CE5DFE48B4672948D2058710A08686339A24EF4A9F203009FACA8D94CF01B3A68B93AB25773D1F09F4EA5A589486B2DFB08231285554A46D019CDB73B9A47C90E223C8A8295C9F5ADFECB2EC67609E09982FB9E49246D0DE7F2228CB24460884E05C4A6BA6D8080DE4015DAA60D7F80853E0AC11EC68CFAEEF3925727B483863CEE67DE9530D4CAA7C8D65C68EF995310FBBBEE42E3782C40B743D8F21A0EC4762F30EF32EF34EF36EE7C45EC8316D8BDFDC9ECB25C1CCB9904DBC73C8AA29E0BC4AD73430CF00CCBCE87477C197537A32A59E8F3CC9A1B5E6DCDAD929AD17B5D1DAA2ED90FBDA0528B467043082092D5AAB650E09E7934E3AA9B9975C7336C7E62C90521754ECDFE557669121016D31D781EB66E82AF13A049459F4B979CB7CAF52B5B1A53A5EA8C6F65829521A59818C4256199C870D1836304F0C6617CA63077B8526625715B0525AB30481A5689F0283947ACA7E55A636A0482EB326550A7FB3048769CDDB43C15960960BE631A3B1DBDC1092022539EE5D8B23496B8B45CD0F01654CD87EC017EF93585DFAE62E4BC6029DA4DC85F11805453440967D2418CCE06C605E5AB30911D8A229CF01CA4CBE5879CE52BEE6EB65E6346B02875C3F3440D094EF940A6131A12F5A9298B7A5FA54CC1CAC31C3C72281FDCFFBF899C7F42F87EA60034F2914C202A7AD4A972CA664F114EB7A351494DB2ACD713FBCCB7D4CD8E2DE099D678A14A918A85D3823C356C9C43CD677358D79428DF9977EE997AA6BD6939A1278B1C930D6E7313097D29AEFBEE1AF4AED38D596CFDC0535B46C0A94C44CB0C055CCD58037B63F30115F6723A0EB63BA005D1ACE442EB33038F9E49393CDD91CC3B1A9E960B131F13FF7D394002726787109689EBF2C82DA7298E59AB82F86682C82A93DB4B8133708EF721F30B769CB257B2E97961F52B613193616AC56E93A06E689C02C11D82F9B1194351A3302A894D64C2530CCC7A9C23ED7348CE6A6D19EC53CC9BDC53439EEDDF53F03688E6F0374E97C5A0077E2892726839963383675EC53F677B55737B02BE647966B30F6D2092CE6F628BDE891855E573021F7C63BDC07CA5DDAF29429521A9023BB7887A68AD45E66501B982700F3873EF4A1C6847DCB9941590BE6525A736EEA544A1098AF496BB56737552A0605D7DC2A2021B0AA0DD040AA9466873938A73C27C7E42C8AB4606601C477E4BB8A861C5BB4B8E796C511E3E8F658F6AFCF7572176A31D74117944BA548B569CB531514D100D9DD0719862C43A62D3328C7FE6E06E609C0CCEA9E95E69C4CD832D9BAA2B25DCDA0A4D68CF0D50A7CD9AFAF30E6F898F6ECB787EC02847BFFF843C524DE06A352BE50A0970BE6A122B2655C05C81264A6319B33C6B2B88945CA338698996380CDF93C9676C73B3BA4B63C9714A918A891613C5F64DAD8F05AE6EB19984706332BCBE6459EA1B6CC24C4AFA531CD496475A8038EE678D927576BCE6917E80B6884AF26721BD04AA11160A1018C149E70018DAFD43DB6049CE70666344909EA4AD1901917E991AD49471BCA74CD3B128372296D59DE7DDF473D46CFE51870533E479621D34C6B2E17A96D601E19CCE25BA6CC5DCACB3FD6BE5A300356A2484B145640F34018C7229B7DADBAADE354AA862426D72E0D9A7B13F3AAA4F668B57CD7072D51DCE2BB2698AD8FD647D9CA9C5C668E29558A53C646162FE243D63E4F37C2BDCB3F2FF9D014F9487DC6DAFD79167EAEB2FB9CF94E25B465E60FEF7D48EB9E5B8A544CF620CBCCD75C0ECA58020CCC1381792EE951FEA44B013339974CC8525AB32612DA87612815472B8443FE6734E82E40A3D901B49CF695AE56C8B8A14DA37D71BD58B9D1B6EF949BCB5C228799058744A5733E4CD09A286BF7194A9A9AA661C85051D732B69AD43A5944A0EDA65886FC7D455B0E9D674E05456250E673649981D9C0BCD0BE8CD7BFFEF5CD4B4C2372CD4B3FF63E29602EA9358BCF5A1305ED0AF6944E4529C0C607AD49B1D26ACDEE7E001ACD500A9500B8DC2026C09CD3CC8263B4416DA1EFC873E23D160B80D6FF9E335E68B0436AC9584C308DC7EE4DBE73DFBCE52E6D99CF98835F98A97C08C9236419EF01B26D99FDBE637E37D39847D698C5C73C55A38A18E853C11CD29AD1023071A7681412E98DD6A535818A204570A754044B0134E7458BD6F67C8E0977FF731F68A9BE534CD9B9C15F7D4DD9802AF559A58E0FE3512A823DF4DC017E97E95AEE97EF294169A955BE58749EEECC872E6D59E60C7E669ACAC4E6EB1C3E970617E6632EA7351B98470673E33FA827DC23673AE952C11CD29A25052405CCEC2B022B07182502A962C006D298CE87D2A4050229B9CE730BFE4A056FDBFE8CF1508B2D69DD98F21CC5647FBBC405A7CC0F57CB6EF32D87E6CBEB672A27DC0501B20C9936A646B9ECD732304F0066AAE5CC318739252ADB1522BED69C0B66B77849AAAF12010F9C8714E63EB8D1B6D0A6F17D96D6A8B50B0DC0BC63C78EE402231C3354BA541F38F3BD87345B73EE50CDEBAE7B96286C57EB4D5974026501B3465BF6CFFD82FAF84FCE18D0C832AB00564E5BB6E0AF09A0CCA053E3F8C6339D68391AB3AF35F7013395907E7263059EE3B71CD2AC1DD3A8439F13E50B0CDC8D202380EE6F6870EEA609764253996BE5AF1440F3DCFAE6A6B73D9F1C18CBBDF30E32C668B9396D1D89B0065C0266C96448013BFB62DA9E6B25306419326DD9B5D831BFDFDA57BFFAD5CAB671C7E0118F784433D9E7E01FEA1395DDA635F70133E7C4DF8C8F3AD6B0A04DF0F78972CE81EF54C7A0F9F11E9D7AEAA9C91A33C7706C6AB05D0A6C35FB0E0564890D483157FBF72B11E3BC8BA97E65DE63497B123097C86278797DDEB90586F11E21D3C604D7B25FCBC03CC1C2E439CF79CE6C2B7FE56ACCAED67CC686C69BAA15B8FB2308FBC019213B74E0D0544096EBE6A64A499BC81229531AF886F61902C8582278E67D602CF7EA42D96FC5A879AFDD5C6401B368CB399AB77BCD67CDC8B42D95BF9069CB0ECB31BF9F817902301F3C7870B629534C7A8DE009ED231A014045E8E79E478E03CE98103917D5B772203074AACD9470BEDAD5AE569D70C209C9DAB280996373F2B1739E831B418F091FF3726E6115A2B4391ED3772910BBDF89778D778EF73807CA7EC016609639D137E7DF9D537328DB69A952657DCB027F03F30460FEF4A73FBD9E903F4373765F98A215487E6BDF7371BC0BE71BDDE846597046E8A245E582604AF8C60A8BDCF8C637CE0633C74EA935FB8027F0CBF7B3BBFF2F1D60175A60F08E099473CCD7213F30609673F6D596FD393575CE33328CEF864C9BD2253AA6363BC6B50CCC1380991778AE29537D612A5A73098D59EE056126C08FF5E48D6973CB00682974719DEB5C271BCAA235730E9E55AC97746C5C17FD73B76109C187A950EECA3B163097D496DD793A65CEB3A44A4D09E565BCB681792230CF3565AA2F98C5D75C12CC724F125486F9352762DB8507DA17A6D0218B5794D6B4DD168A8CEFC9279FDC1BCC1204C6986A9A472C3A8043F7CFBB2455D8280692AAD5E2FEE92AA329A6ECD4F3A6CE45DF843E4670A9A44A2D231CA7FC4E06E689C0FC9BBFF99BD54F2DA1291B61D2372ABB4B20A1918BBFAEAFF68C9026821BE01138345748737F54F802C6549F92149E121A33A9569C9732A152D98A71EDBBF0590480BB5A32EF544EFD6B82BC6251D26EBA542A6C53F71F3BE71919862C9B1262CB786D03F344609E6BCA54AA2008ED3F2498B91E9A87AB3DFBED14FB4081DC61AA7BCDC11F7D8F7BDC6313C8C093EA5352021388E694E21413B6FC1430CB98B935BCB9DED4E9547D9E65DBB18C21EF4C1F2D99F7505B32734C30735F63E63C4BAAD432C271CAEF64609E08CC2F7DE94B1B4D656EED1F1701CC728FE43B4BF30BF1936A7B256B053E3E69A288D1A8C7A82A068C81A168AF7C2F34581F90F42ECE695EE18319B8FB15C00097DB350A13374151A5C756FB0C4AEDE7370F216E21D597CCBB47C0554A25AEB1C12C708E69F27D4DDDD2EE11593625C496F1DA06E689C03CD794A94502B30B68371A1C6891F232548305608D662D95BBA4AA572EB8315593937CED6B5F7B33A21D6D0EEDB50D86D21BDA076DEAFF43601610FA2013533ADAE62299BA79177827245B807725270D0A4DF4920CF7D31460666E0C9D4E25A952C8B26584E394DFC9C03C1198E71A99BD886076014D7113F141238811C8D43A9E8B4996FB006ADC93F4751660F013ED34063D16050098FD5341ECEF4F2EB4A66908F7C4BDB9F7CAE241C697CFE732C62C2842E38B752507C8BC5F1A5F729B063A159859480CA9355B44F67015230DCC1382F99AD7BC6675FF8C15785F1354D7F18B0C66F7DE11C040FAC7EA4D60025880106659405252A3E67C6C686768B36C400B33B16B9676C116FA3D56F043EA494BCAD4AE5DBB7AC1997BD0F6658EDDBBBFC0E0BBB3C978004B19A752E669CEE32E74DCB16681068CEF5E6FB9EF75AAD93A34B7A602F3D05A33B20B1936A566B9ACD736304F08E639A64CE50A30F7B8A183BF52EF113F2211B7740772B5694002087D800848DA7ECAFEBE06E9838B7C58CCA65C97316103122C1A5CD3BB7F5C1BB4D09425058B742F8E3BEDB4D3B2C10CD4394757E116B7DB531B98C534CC7793EF0910F97BD7F7F4C71F13796CECDD054F68FCB91EAD1973356379B700F2470A2D9AA704335A73572A579F45BEA54A99C6BC94ABB2B9A54C318153A137455476DF7B24AA1BC18D0047ABD600C48592EC0F7C04449C8F4D1B4C24B5C043B00B69F2A475B93EEC126006EA5CBFCB74EE5EB30DCC5A8D94603D1927193777FCFD4553DBF564C123E3CF393977DFF74202BB4A0159A0372598C50CDF07C06DC75AAA94817929C13CB79429045209E136378DB9C4771AE21C002D04A31028A909ED162C1903CCFE357D50E6E6FE0E31967DCE8956890F7928CD1280B188E8738F7D8F1DE2BBF13E20C396D59C3CE5F73253F684A6ECB945661B98C7179E68EF98D959CC74F5A1F623BEC700B37F4D04313E7BB45CEE79E84A567D61143B1E733551D6430648A16D326E4395E38C7D47F9DCED7655427BB688ECE1B4E5263078CA55C1AA5FFB924B2E6926EDCBEAADC464E97B8E5260967AD97DFD7C5AA1B32CFBC9B8F91AB3EB5B16AD990228BC3B3B77EECCF631732CE70899CEE9CAE597149D0360FA3E6B2A6301E32134C8B6F93797714BC9BD8EC9126416DF0B19B6EA727C88EF6F609E50639E5BCA9481797C8DD9050DA6ED90CF5722B143A0A472576ECA945FF5CB0D3A0B2D06E6029814388B999AAE4F436BC673073316821870B59F5BAA9469CC4BBB221353F6730B4E18EDC40AED67609E16CCE29BF7A3B2DB6A7803CAA1C04CF1147F2140CE739BAFF4E5F5BD50D002E1FFAC09FDA968C4986DC7D68ABBE6DD9C1634A502DB90597C2F2B2E320CA0D7BEF295AF54FE36846A6EE7DCFE0025F8EBC3138119D316020C415652989A293B0FF0213087345701E6D8603EE9A4939A08F690C61A320D030134550136D0EE0B6E3460398F2C06A8595DD24CDB6771EB1F2B652BB591EB29D6809C7D4B69CDC82C0BFE1A06CA8D25350466FBDBF6C5CA1063F26BBFF66BD535478232821301F6FA0DC19633A9B5C71898F3C08C36EA1718A1A1465BFBC821C11CBA6E17987360064C8177D73657E06ABFAF0449CD29DEA294D64CB439B5184CE92A0FE8FF1FC90835EEC49853B00000000049454E44AE426082);
/*!40000 ALTER TABLE `tbl_files` ENABLE KEYS */;


-- Dumping structure for table zenoir.tbl_grouppeople
CREATE TABLE IF NOT EXISTS `tbl_grouppeople` (
  `group_people_id` int(10) NOT NULL AUTO_INCREMENT,
  `group_id` int(10) NOT NULL,
  `user_id` varchar(50) NOT NULL,
  `status` tinyint(1) NOT NULL DEFAULT '0',
  PRIMARY KEY (`group_people_id`)
) ENGINE=InnoDB AUTO_INCREMENT=29 DEFAULT CHARSET=latin1 COMMENT='the people who belong to a specific group in the class';

-- Dumping data for table zenoir.tbl_grouppeople: ~21 rows (approximately)
/*!40000 ALTER TABLE `tbl_grouppeople` DISABLE KEYS */;
INSERT INTO `tbl_grouppeople` (`group_people_id`, `group_id`, `user_id`, `status`) VALUES
	(2, 1, 'Freo', 1),
	(3, 1, 'funk', 1),
	(4, 1, '72', 1),
	(6, 2, 'Freo', 1),
	(8, 2, '72', 1),
	(9, 3, '174', 1),
	(10, 3, 'Freo', 1),
	(11, 3, '72', 1),
	(15, 3, 'Er', 1),
	(17, 2, '174', 0),
	(18, 2, '2900478', 1),
	(19, 4, '2800570', 1),
	(20, 4, '2900478', 1),
	(21, 4, 'remy', 1),
	(22, 5, '2900342', 0),
	(23, 5, '2800483', 0),
	(24, 5, 'remy', 1),
	(25, 6, '2800368', 1),
	(26, 6, '2800296', 0),
	(27, 6, '2900865', 1),
	(28, 6, 'remy', 1);
/*!40000 ALTER TABLE `tbl_grouppeople` ENABLE KEYS */;


-- Dumping structure for table zenoir.tbl_groups
CREATE TABLE IF NOT EXISTS `tbl_groups` (
  `group_id` int(10) NOT NULL AUTO_INCREMENT,
  `class_id` int(10) NOT NULL DEFAULT '0',
  `group_name` varchar(160) NOT NULL,
  `group_creator` varchar(50) NOT NULL,
  PRIMARY KEY (`group_id`)
) ENGINE=InnoDB AUTO_INCREMENT=7 DEFAULT CHARSET=latin1 COMMENT='stores groups solely used for sessions to discuss certain issues with a specified people and not the whole class';

-- Dumping data for table zenoir.tbl_groups: ~6 rows (approximately)
/*!40000 ALTER TABLE `tbl_groups` DISABLE KEYS */;
INSERT INTO `tbl_groups` (`group_id`, `class_id`, `group_name`, `group_creator`) VALUES
	(1, 1, 'Zen Coders', '72'),
	(2, 3, 'BAM', '72'),
	(3, 1, 'New Grp', '72'),
	(4, 7, 'Group A', 'remy'),
	(5, 7, 'Group B', 'remy'),
	(6, 7, 'Group C', 'remy');
/*!40000 ALTER TABLE `tbl_groups` ENABLE KEYS */;


-- Dumping structure for table zenoir.tbl_handouts
CREATE TABLE IF NOT EXISTS `tbl_handouts` (
  `handout_id` int(10) NOT NULL AUTO_INCREMENT,
  `class_id` int(10) NOT NULL DEFAULT '0',
  `ho_title` varchar(50) NOT NULL,
  `ho_body` text NOT NULL,
  `date_posted` date NOT NULL,
  `status` tinyint(1) NOT NULL DEFAULT '1',
  PRIMARY KEY (`handout_id`)
) ENGINE=InnoDB AUTO_INCREMENT=11 DEFAULT CHARSET=latin1 COMMENT='Stores handout information';

-- Dumping data for table zenoir.tbl_handouts: ~10 rows (approximately)
/*!40000 ALTER TABLE `tbl_handouts` DISABLE KEYS */;
INSERT INTO `tbl_handouts` (`handout_id`, `class_id`, `ho_title`, `ho_body`, `date_posted`, `status`) VALUES
	(1, 1, 'e', 'e', '2012-04-30', 1),
	(2, 1, 'ddd', 'ede', '2012-04-30', 1),
	(3, 3, 'e', 'e', '2012-04-30', 1),
	(4, 3, 'ddd', 'ede', '2012-04-30', 1),
	(5, 4, 'e', 'e', '2012-04-30', 1),
	(6, 4, 'ddd', 'ede', '2012-04-30', 1),
	(7, 1, 'new handout', 'eee', '2012-05-01', 1),
	(8, 3, 'zdf', 'sdfdsf', '2012-05-02', 1),
	(9, 3, 'han', '33', '2012-05-02', 1),
	(10, 7, 'RA 6143 Handout', 'Here\'s a little handout on RA 6143. I have given an assignment on this so don\'t copy the contents of this one. Do your own research.', '2012-05-12', 1);
/*!40000 ALTER TABLE `tbl_handouts` ENABLE KEYS */;


-- Dumping structure for table zenoir.tbl_messagereceiver
CREATE TABLE IF NOT EXISTS `tbl_messagereceiver` (
  `msgreceiver_id` int(10) NOT NULL AUTO_INCREMENT,
  `message_id` int(10) NOT NULL,
  `receiver_id` varchar(50) NOT NULL,
  PRIMARY KEY (`msgreceiver_id`)
) ENGINE=InnoDB AUTO_INCREMENT=49 DEFAULT CHARSET=latin1 COMMENT='Stores who receives a particular message';

-- Dumping data for table zenoir.tbl_messagereceiver: ~48 rows (approximately)
/*!40000 ALTER TABLE `tbl_messagereceiver` DISABLE KEYS */;
INSERT INTO `tbl_messagereceiver` (`msgreceiver_id`, `message_id`, `receiver_id`) VALUES
	(1, 1, '174'),
	(2, 1, 'Freo'),
	(3, 1, 'funk'),
	(4, 2, '72'),
	(5, 3, '174'),
	(6, 4, '174'),
	(7, 5, '72'),
	(8, 6, '72'),
	(9, 7, '174'),
	(10, 8, '72'),
	(11, 9, '174'),
	(12, 10, 'Er'),
	(13, 11, '174'),
	(14, 11, 'funk'),
	(15, 12, '72'),
	(16, 13, '72'),
	(17, 14, '72'),
	(18, 15, '174'),
	(19, 16, '72'),
	(20, 17, '72'),
	(21, 17, '2900478'),
	(22, 17, '2900342'),
	(23, 17, '2800296'),
	(24, 17, '2800886'),
	(25, 17, '2801042'),
	(26, 17, '2801017'),
	(27, 17, '2800100'),
	(28, 17, '2800746'),
	(29, 18, 'remy'),
	(30, 18, '2800570'),
	(31, 18, '2900478'),
	(32, 18, '2900342'),
	(33, 18, '2800483'),
	(34, 18, '2800368'),
	(35, 18, '2800296'),
	(36, 19, '2900865'),
	(37, 20, '2800570'),
	(38, 20, '2900478'),
	(39, 20, '2900342'),
	(40, 20, '2800483'),
	(41, 20, '2800368'),
	(42, 20, '2800296'),
	(43, 20, '2900865'),
	(44, 21, 'remy'),
	(45, 22, '2800368'),
	(46, 23, '2900865'),
	(47, 24, '2900478'),
	(48, 25, '72');
/*!40000 ALTER TABLE `tbl_messagereceiver` ENABLE KEYS */;


-- Dumping structure for table zenoir.tbl_messages
CREATE TABLE IF NOT EXISTS `tbl_messages` (
  `message_id` int(10) NOT NULL AUTO_INCREMENT,
  `root_msg_id` int(10) NOT NULL DEFAULT '0',
  `class_id` int(10) NOT NULL DEFAULT '0',
  `msg_title` varchar(50) NOT NULL,
  `msg_body` text NOT NULL,
  `sender_id` varchar(50) NOT NULL,
  `datetime_sent` timestamp NOT NULL DEFAULT CURRENT_TIMESTAMP,
  PRIMARY KEY (`message_id`)
) ENGINE=InnoDB AUTO_INCREMENT=26 DEFAULT CHARSET=latin1 COMMENT='Stores general info about a message';

-- Dumping data for table zenoir.tbl_messages: ~25 rows (approximately)
/*!40000 ALTER TABLE `tbl_messages` DISABLE KEYS */;
INSERT INTO `tbl_messages` (`message_id`, `root_msg_id`, `class_id`, `msg_title`, `msg_body`, `sender_id`, `datetime_sent`) VALUES
	(1, 1, 1, 'Welcome', 'Bam!', '72', '2012-04-30 14:03:39'),
	(2, 1, 1, 'yeah', 'boom!', '174', '2012-04-30 14:31:43'),
	(3, 1, 1, 'dfdfd', 'sfdfsd', '72', '2012-04-30 15:09:43'),
	(4, 1, 1, 'xxx', 'sss', '72', '2012-04-30 15:42:52'),
	(5, 1, 1, 'yyy', 'sdfd', '174', '2012-04-30 15:44:11'),
	(6, 1, 1, 'edds', 'dsd', '174', '2012-04-30 15:49:01'),
	(7, 2, 1, 'yo shino', 'tissue', '72', '2012-05-01 21:00:09'),
	(8, 2, 1, 'beam', 'boom', '174', '2012-05-01 21:01:35'),
	(9, 2, 1, 'lels', 'lol', '72', '2012-05-01 21:02:07'),
	(10, 3, 1, 'to ra', 'fff', '72', '2012-05-02 00:55:57'),
	(11, 4, 3, 'zup aburame and ichi', 'bbom', '72', '2012-05-02 12:47:35'),
	(12, 4, 3, 'shino reply', 'dfsdfsfs', '174', '2012-05-02 12:53:10'),
	(13, 4, 3, 'shino reply again', 'boom', '174', '2012-05-02 12:53:40'),
	(14, 5, 3, 'to teacher', 'sdfsdfs', 'Freo', '2012-05-02 13:06:13'),
	(15, 4, 3, 'hoy', 'buloy', '72', '2012-05-02 13:11:13'),
	(16, 4, 3, 'sipol', 'sdfdfsf', '174', '2012-05-02 13:15:23'),
	(17, 6, 3, 'ro', 'ee', '2800601', '2012-05-02 22:51:29'),
	(18, 7, 7, 'Hi Classmates!', 'Hi Everyone! Nice to meet you!', '2900865', '2012-05-12 22:51:34'),
	(19, 7, 7, 'Yo!', 'Zup! I hope we get along!', '2800368', '2012-05-12 22:52:59'),
	(20, 8, 7, 'Welcome!', 'Welcome to our Politics and Governance Class! Enjoy the lessons!', 'remy', '2012-05-12 22:53:29'),
	(21, 8, 7, 'Thanks!', 'Thanks for your warm welcome sir!', '2800368', '2012-05-12 23:10:57'),
	(22, 8, 7, 'most welcome', 'welcome', 'remy', '2012-05-12 23:23:06'),
	(23, 7, 7, 'im not', 'im not your classmate but thank you anyway', 'remy', '2012-05-12 23:23:27'),
	(24, 9, 3, 'ddd', 'ffe', '2800570', '2012-05-29 00:09:32'),
	(25, 10, 3, 'dds', 'sfs', '2800570', '2012-05-29 00:14:18');
/*!40000 ALTER TABLE `tbl_messages` ENABLE KEYS */;


-- Dumping structure for table zenoir.tbl_messagesroot
CREATE TABLE IF NOT EXISTS `tbl_messagesroot` (
  `msgroot_id` int(10) NOT NULL AUTO_INCREMENT,
  `sender_id` varchar(50) NOT NULL,
  PRIMARY KEY (`msgroot_id`)
) ENGINE=InnoDB AUTO_INCREMENT=11 DEFAULT CHARSET=latin1 COMMENT='Stores original messages. ';

-- Dumping data for table zenoir.tbl_messagesroot: ~10 rows (approximately)
/*!40000 ALTER TABLE `tbl_messagesroot` DISABLE KEYS */;
INSERT INTO `tbl_messagesroot` (`msgroot_id`, `sender_id`) VALUES
	(1, '72'),
	(2, '72'),
	(3, '72'),
	(4, '72'),
	(5, 'Freo'),
	(6, '2800601'),
	(7, '2900865'),
	(8, 'remy'),
	(9, '2800570'),
	(10, '2800570');
/*!40000 ALTER TABLE `tbl_messagesroot` ENABLE KEYS */;


-- Dumping structure for table zenoir.tbl_modules
CREATE TABLE IF NOT EXISTS `tbl_modules` (
  `module_id` int(10) NOT NULL AUTO_INCREMENT,
  `mod_title` varchar(50) NOT NULL,
  `mod_description` varchar(300) NOT NULL,
  PRIMARY KEY (`module_id`)
) ENGINE=InnoDB AUTO_INCREMENT=6 DEFAULT CHARSET=latin1 COMMENT='Table with predefined data which stores all the modules in the system';

-- Dumping data for table zenoir.tbl_modules: ~5 rows (approximately)
/*!40000 ALTER TABLE `tbl_modules` DISABLE KEYS */;
INSERT INTO `tbl_modules` (`module_id`, `mod_title`, `mod_description`) VALUES
	(1, 'Assignments', 'This module is used for posting assignments to be answered by students '),
	(2, 'Quizzes', 'This module is used to test the knowledge of the students in a form of a multiple choice quiz, documents can also be uploaded but it won\'t have the functionality to track the scores'),
	(3, 'Handouts', 'This module is used for giving handouts or resources to students'),
	(4, 'Messages', 'This module is used for sending private messages to one or more member of the class that you\'re currently in'),
	(5, 'Sessions', 'This module is used for discussion sessions');
/*!40000 ALTER TABLE `tbl_modules` ENABLE KEYS */;


-- Dumping structure for table zenoir.tbl_notifyevent
CREATE TABLE IF NOT EXISTS `tbl_notifyevent` (
  `notifyevent_id` int(10) NOT NULL AUTO_INCREMENT,
  `event_id` int(10) NOT NULL,
  `class_id` int(10) NOT NULL,
  `status` tinyint(1) NOT NULL DEFAULT '1',
  PRIMARY KEY (`notifyevent_id`)
) ENGINE=InnoDB AUTO_INCREMENT=85 DEFAULT CHARSET=latin1 COMMENT='Stores the status for each event on the tbl_event for each classroom. The status is 1 if email notification is enabled for that particular event and 0 if not.';

-- Dumping data for table zenoir.tbl_notifyevent: ~84 rows (approximately)
/*!40000 ALTER TABLE `tbl_notifyevent` DISABLE KEYS */;
INSERT INTO `tbl_notifyevent` (`notifyevent_id`, `event_id`, `class_id`, `status`) VALUES
	(1, 1, 1, 0),
	(2, 2, 1, 0),
	(3, 3, 1, 0),
	(4, 4, 1, 0),
	(5, 5, 1, 0),
	(6, 6, 1, 0),
	(7, 7, 1, 0),
	(8, 8, 1, 0),
	(9, 9, 1, 0),
	(10, 10, 1, 0),
	(11, 11, 1, 0),
	(12, 13, 1, 0),
	(13, 1, 2, 1),
	(14, 2, 2, 1),
	(15, 3, 2, 1),
	(16, 4, 2, 1),
	(17, 5, 2, 1),
	(18, 6, 2, 1),
	(19, 7, 2, 1),
	(20, 8, 2, 1),
	(21, 9, 2, 1),
	(22, 10, 2, 1),
	(23, 11, 2, 1),
	(24, 13, 2, 1),
	(25, 1, 3, 0),
	(26, 2, 3, 0),
	(27, 3, 3, 0),
	(28, 4, 3, 0),
	(29, 5, 3, 0),
	(30, 6, 3, 0),
	(31, 7, 3, 0),
	(32, 8, 3, 0),
	(33, 9, 3, 0),
	(34, 10, 3, 0),
	(35, 11, 3, 0),
	(36, 13, 3, 0),
	(37, 1, 4, 1),
	(38, 2, 4, 1),
	(39, 3, 4, 1),
	(40, 4, 4, 1),
	(41, 5, 4, 1),
	(42, 6, 4, 1),
	(43, 7, 4, 1),
	(44, 8, 4, 1),
	(45, 9, 4, 1),
	(46, 10, 4, 1),
	(47, 11, 4, 1),
	(48, 13, 4, 1),
	(49, 1, 5, 1),
	(50, 2, 5, 1),
	(51, 3, 5, 1),
	(52, 4, 5, 1),
	(53, 5, 5, 1),
	(54, 6, 5, 1),
	(55, 7, 5, 1),
	(56, 8, 5, 1),
	(57, 9, 5, 1),
	(58, 10, 5, 1),
	(59, 11, 5, 1),
	(60, 13, 5, 1),
	(61, 1, 6, 1),
	(62, 2, 6, 1),
	(63, 3, 6, 1),
	(64, 4, 6, 1),
	(65, 5, 6, 1),
	(66, 6, 6, 1),
	(67, 7, 6, 1),
	(68, 8, 6, 1),
	(69, 9, 6, 1),
	(70, 10, 6, 1),
	(71, 11, 6, 1),
	(72, 13, 6, 1),
	(73, 1, 7, 1),
	(74, 2, 7, 1),
	(75, 3, 7, 1),
	(76, 4, 7, 1),
	(77, 5, 7, 1),
	(78, 6, 7, 1),
	(79, 7, 7, 1),
	(80, 8, 7, 1),
	(81, 9, 7, 1),
	(82, 10, 7, 1),
	(83, 11, 7, 1),
	(84, 13, 7, 1);
/*!40000 ALTER TABLE `tbl_notifyevent` ENABLE KEYS */;


-- Dumping structure for table zenoir.tbl_poststatus
CREATE TABLE IF NOT EXISTS `tbl_poststatus` (
  `post_status_id` int(10) NOT NULL AUTO_INCREMENT,
  `class_id` int(10) NOT NULL DEFAULT '0',
  `post_id` varchar(50) NOT NULL,
  `post_type` tinyint(1) NOT NULL,
  `post_from` varchar(50) NOT NULL,
  `post_to` varchar(50) NOT NULL,
  `post_time` timestamp NOT NULL DEFAULT CURRENT_TIMESTAMP,
  `status` tinyint(1) NOT NULL DEFAULT '1',
  PRIMARY KEY (`post_status_id`)
) ENGINE=InnoDB AUTO_INCREMENT=196 DEFAULT CHARSET=latin1 COMMENT='Stores the status of each post (Eg. Assignment, Assignment Response, Quiz Response, Message, etc. )\r\nStatus of messages in a session is not stored here.\r\npost types:\r\n1-assignment(AS)\r\n2-handout(HO)\r\n3-assignment response(AR)\r\n4-quiz(QZ)\r\n5-message(PO)\r\n6-session(SS)\r\n7-quiz response';

-- Dumping data for table zenoir.tbl_poststatus: ~195 rows (approximately)
/*!40000 ALTER TABLE `tbl_poststatus` DISABLE KEYS */;
INSERT INTO `tbl_poststatus` (`post_status_id`, `class_id`, `post_id`, `post_type`, `post_from`, `post_to`, `post_time`, `status`) VALUES
	(1, 1, 'AS1', 1, '72', '174', '2012-04-30 13:35:11', 0),
	(2, 1, 'HO1', 2, '72', '174', '2012-04-30 13:36:05', 0),
	(3, 1, 'QZ1', 4, '72', '174', '2012-04-30 13:37:03', 0),
	(4, 1, 'AS2', 1, '72', '174', '2012-04-30 14:00:39', 0),
	(5, 1, 'AS2', 1, '72', 'Freo', '2012-04-30 14:00:39', 1),
	(6, 1, 'AS2', 1, '72', 'funk', '2012-04-30 14:00:39', 0),
	(7, 1, 'PO1', 5, '72', '174', '2012-04-30 14:03:53', 0),
	(8, 1, 'PO1', 5, '72', 'Freo', '2012-04-30 14:03:53', 0),
	(9, 1, 'PO1', 5, '72', 'funk', '2012-04-30 14:03:53', 0),
	(10, 1, 'QZ2', 4, '72', '174', '2012-04-30 14:06:11', 1),
	(11, 1, 'QZ2', 4, '72', 'Freo', '2012-04-30 14:06:11', 0),
	(12, 1, 'QZ2', 4, '72', 'funk', '2012-04-30 14:06:11', 1),
	(13, 1, 'QZ3', 4, '72', '174', '2012-04-30 14:08:42', 0),
	(14, 1, 'QZ3', 4, '72', 'Freo', '2012-04-30 14:08:42', 1),
	(15, 1, 'QZ3', 4, '72', 'funk', '2012-04-30 14:08:42', 0),
	(16, 1, 'HO2', 2, '72', '174', '2012-04-30 14:10:19', 0),
	(17, 1, 'HO2', 2, '72', 'Freo', '2012-04-30 14:10:19', 1),
	(18, 1, 'HO2', 2, '72', 'funk', '2012-04-30 14:10:19', 0),
	(19, 1, 'AR2', 3, '174', '72', '2012-04-30 14:17:36', 0),
	(20, 1, 'QR1', 7, '174', '72', '2012-04-30 14:24:37', 0),
	(21, 1, 'PO2', 5, '174', '72', '2012-04-30 14:31:43', 0),
	(22, 1, 'QR2', 7, 'Freo', '72', '2012-04-30 14:58:44', 0),
	(23, 1, 'QR3', 7, '174', '72', '2012-04-30 15:00:23', 0),
	(24, 1, 'QR3', 7, 'funk', '72', '2012-04-30 15:01:38', 0),
	(25, 1, 'PO3', 5, '72', '174', '2012-04-30 15:09:43', 1),
	(26, 1, 'PO4', 5, '72', '174', '2012-04-30 15:42:52', 0),
	(27, 1, 'PO5', 5, '174', '72', '2012-04-30 15:44:11', 0),
	(28, 1, 'PO6', 5, '174', '72', '2012-04-30 15:49:01', 0),
	(29, 1, 'QZ4', 4, '72', '174', '2012-04-30 16:02:09', 0),
	(30, 1, 'QZ4', 4, '72', 'Freo', '2012-04-30 16:02:09', 1),
	(31, 1, 'QZ4', 4, '72', 'funk', '2012-04-30 16:02:09', 1),
	(32, 1, 'QR4', 7, '174', '72', '2012-04-30 16:03:46', 0),
	(33, 1, 'AS3', 1, '72', '174', '2012-05-01 20:40:15', 0),
	(34, 1, 'AS3', 1, '72', 'Freo', '2012-05-01 20:40:16', 0),
	(35, 1, 'AS3', 1, '72', 'funk', '2012-05-01 20:40:16', 1),
	(36, 1, 'AR', 3, '174', '72', '2012-05-01 20:53:26', 1),
	(37, 1, 'AR', 3, '174', '72', '2012-05-01 20:56:51', 1),
	(38, 1, 'AR3', 3, '174', '72', '2012-05-01 20:58:31', 0),
	(39, 1, 'PO7', 5, '72', '174', '2012-05-01 21:00:09', 0),
	(40, 1, 'PO8', 5, '174', '72', '2012-05-01 21:01:36', 0),
	(41, 1, 'PO9', 5, '72', '174', '2012-05-01 21:02:07', 0),
	(42, 1, 'HO7', 2, '72', '174', '2012-05-01 21:04:45', 0),
	(43, 1, 'HO7', 2, '72', 'Freo', '2012-05-01 21:04:45', 1),
	(44, 1, 'HO7', 2, '72', 'funk', '2012-05-01 21:04:45', 1),
	(45, 1, 'QZ5', 4, '72', '174', '2012-05-01 21:08:18', 0),
	(46, 1, 'QZ5', 4, '72', 'Freo', '2012-05-01 21:08:18', 0),
	(47, 1, 'QZ5', 4, '72', 'funk', '2012-05-01 21:08:18', 1),
	(48, 1, 'QR', 7, '174', '72', '2012-05-01 21:13:41', 1),
	(49, 1, 'QR5', 7, 'Freo', '72', '2012-05-01 21:22:16', 0),
	(50, 1, 'QZ6', 4, '72', '174', '2012-05-01 21:23:36', 1),
	(51, 1, 'QZ6', 4, '72', 'Freo', '2012-05-01 21:23:36', 0),
	(52, 1, 'QZ6', 4, '72', 'funk', '2012-05-01 21:23:36', 1),
	(53, 1, 'QR6', 7, 'Freo', '72', '2012-05-01 21:27:30', 1),
	(54, 1, 'AR3', 3, 'Er', '72', '2012-05-02 00:15:01', 0),
	(55, 1, 'AR3', 3, 'Freo', '72', '2012-05-02 00:54:13', 0),
	(56, 1, 'PO10', 5, '72', 'Er', '2012-05-02 00:55:57', 1),
	(57, 1, 'QZ7', 4, '72', 'Freo', '2012-05-02 01:40:24', 0),
	(58, 1, 'QZ7', 4, '72', 'funk', '2012-05-02 01:40:24', 1),
	(59, 1, 'QZ7', 4, '72', 'Er', '2012-05-02 01:40:24', 1),
	(60, 1, 'QZ8', 4, '72', 'Freo', '2012-05-02 01:44:20', 0),
	(61, 1, 'QZ8', 4, '72', 'funk', '2012-05-02 01:44:20', 1),
	(62, 1, 'QZ8', 4, '72', 'Er', '2012-05-02 01:44:20', 1),
	(63, 1, 'QR8', 7, 'Freo', '72', '2012-05-02 01:44:39', 1),
	(64, 1, 'QZ9', 4, '72', 'Freo', '2012-05-02 01:55:24', 0),
	(65, 1, 'QZ9', 4, '72', 'funk', '2012-05-02 01:55:24', 1),
	(66, 1, 'QZ9', 4, '72', 'Er', '2012-05-02 01:55:24', 1),
	(67, 3, 'AS4', 1, '72', '174', '2012-05-02 12:34:27', 0),
	(68, 3, 'AS4', 1, '72', 'Freo', '2012-05-02 12:34:27', 0),
	(69, 3, 'AS4', 1, '72', 'funk', '2012-05-02 12:34:27', 0),
	(70, 3, 'AR4', 3, 'funk', '72', '2012-05-02 12:39:32', 0),
	(71, 3, 'HO8', 2, '72', '174', '2012-05-02 12:42:36', 0),
	(72, 3, 'HO8', 2, '72', 'Freo', '2012-05-02 12:42:36', 0),
	(73, 3, 'HO8', 2, '72', 'funk', '2012-05-02 12:42:36', 1),
	(74, 3, 'AS5', 1, '72', '174', '2012-05-02 12:46:12', 0),
	(75, 3, 'AS5', 1, '72', 'Freo', '2012-05-02 12:46:12', 0),
	(76, 3, 'AS5', 1, '72', 'funk', '2012-05-02 12:46:12', 1),
	(77, 3, 'AS6', 1, '72', '174', '2012-05-02 12:46:32', 0),
	(78, 3, 'AS6', 1, '72', 'Freo', '2012-05-02 12:46:32', 0),
	(79, 3, 'AS6', 1, '72', 'funk', '2012-05-02 12:46:32', 1),
	(80, 3, 'HO9', 2, '72', '174', '2012-05-02 12:46:47', 0),
	(81, 3, 'HO9', 2, '72', 'Freo', '2012-05-02 12:46:47', 0),
	(82, 3, 'HO9', 2, '72', 'funk', '2012-05-02 12:46:47', 1),
	(83, 3, 'PO11', 5, '72', '174', '2012-05-02 12:47:35', 0),
	(84, 3, 'PO11', 5, '72', 'funk', '2012-05-02 12:47:35', 1),
	(85, 3, 'QZ10', 4, '72', '174', '2012-05-02 12:48:30', 1),
	(86, 3, 'QZ10', 4, '72', 'Freo', '2012-05-02 12:48:30', 1),
	(87, 3, 'QZ10', 4, '72', 'funk', '2012-05-02 12:48:30', 1),
	(88, 3, 'QZ11', 4, '72', '174', '2012-05-02 12:49:05', 0),
	(89, 3, 'QZ11', 4, '72', 'Freo', '2012-05-02 12:49:05', 1),
	(90, 3, 'QZ11', 4, '72', 'funk', '2012-05-02 12:49:05', 0),
	(91, 3, 'QZ12', 4, '72', '174', '2012-05-02 12:49:36', 1),
	(92, 3, 'QZ12', 4, '72', 'Freo', '2012-05-02 12:49:36', 1),
	(93, 3, 'QZ12', 4, '72', 'funk', '2012-05-02 12:49:36', 1),
	(94, 3, 'QZ13', 4, '72', '174', '2012-05-02 12:49:57', 0),
	(95, 3, 'QZ13', 4, '72', 'Freo', '2012-05-02 12:49:57', 1),
	(96, 3, 'QZ13', 4, '72', 'funk', '2012-05-02 12:49:57', 0),
	(97, 3, 'QR11', 7, 'funk', '72', '2012-05-02 12:50:52', 0),
	(98, 3, 'QR13', 7, 'funk', '72', '2012-05-02 12:51:04', 0),
	(99, 3, 'QR13', 7, '174', '72', '2012-05-02 12:52:15', 0),
	(100, 3, 'QR11', 7, '174', '72', '2012-05-02 12:52:31', 0),
	(101, 3, 'PO12', 5, '174', '72', '2012-05-02 12:53:10', 0),
	(102, 3, 'PO13', 5, '174', '72', '2012-05-02 12:53:40', 0),
	(103, 3, 'AR4', 3, '174', '72', '2012-05-02 12:54:28', 0),
	(104, 3, 'AR6', 3, '174', '72', '2012-05-02 12:54:59', 0),
	(105, 3, 'AR4', 3, 'Freo', '72', '2012-05-02 13:04:54', 0),
	(106, 3, 'PO14', 5, 'Freo', '72', '2012-05-02 13:06:13', 0),
	(107, 3, 'PO15', 5, '72', '174', '2012-05-02 13:11:13', 0),
	(108, 3, 'PO16', 5, '174', '72', '2012-05-02 13:15:23', 0),
	(109, 3, 'AR4', 3, '2800601', '72', '2012-05-02 22:50:53', 0),
	(110, 3, 'PO17', 5, '2800601', '72', '2012-05-02 22:51:29', 1),
	(111, 3, 'PO17', 5, '2800601', '2900478', '2012-05-02 22:51:29', 1),
	(112, 3, 'PO17', 5, '2800601', '2900342', '2012-05-02 22:51:29', 1),
	(113, 3, 'PO17', 5, '2800601', '2800296', '2012-05-02 22:51:29', 1),
	(114, 3, 'PO17', 5, '2800601', '2800886', '2012-05-02 22:51:29', 1),
	(115, 3, 'PO17', 5, '2800601', '2801042', '2012-05-02 22:51:29', 1),
	(116, 3, 'PO17', 5, '2800601', '2801017', '2012-05-02 22:51:29', 1),
	(117, 3, 'PO17', 5, '2800601', '2800100', '2012-05-02 22:51:30', 1),
	(118, 3, 'PO17', 5, '2800601', '2800746', '2012-05-02 22:51:30', 1),
	(119, 3, 'QZ14', 4, '72', '174', '2012-05-02 23:10:26', 1),
	(120, 3, 'QZ14', 4, '72', 'Freo', '2012-05-02 23:10:26', 1),
	(121, 3, 'QZ14', 4, '72', 'funk', '2012-05-02 23:10:26', 1),
	(122, 3, 'QZ14', 4, '72', '2900478', '2012-05-02 23:10:26', 1),
	(123, 3, 'QZ14', 4, '72', '2900342', '2012-05-02 23:10:26', 1),
	(124, 3, 'QZ14', 4, '72', '2800296', '2012-05-02 23:10:26', 1),
	(125, 3, 'QZ14', 4, '72', '2800886', '2012-05-02 23:10:26', 1),
	(126, 3, 'QZ14', 4, '72', '2801042', '2012-05-02 23:10:26', 1),
	(127, 3, 'QZ14', 4, '72', '2801017', '2012-05-02 23:10:26', 1),
	(128, 3, 'QZ14', 4, '72', '2800100', '2012-05-02 23:10:26', 1),
	(129, 3, 'QZ14', 4, '72', '2800746', '2012-05-02 23:10:26', 1),
	(130, 3, 'QZ14', 4, '72', '2800601', '2012-05-02 23:10:27', 0),
	(131, 3, 'QR14', 7, '2800601', '72', '2012-05-02 23:10:55', 0),
	(132, 7, 'PO18', 5, '2900865', 'remy', '2012-05-12 22:51:34', 0),
	(133, 7, 'PO18', 5, '2900865', '2800570', '2012-05-12 22:51:34', 0),
	(134, 7, 'PO18', 5, '2900865', '2900478', '2012-05-12 22:51:34', 1),
	(135, 7, 'PO18', 5, '2900865', '2900342', '2012-05-12 22:51:34', 1),
	(136, 7, 'PO18', 5, '2900865', '2800483', '2012-05-12 22:51:34', 1),
	(137, 7, 'PO18', 5, '2900865', '2800368', '2012-05-12 22:51:34', 0),
	(138, 7, 'PO18', 5, '2900865', '2800296', '2012-05-12 22:51:34', 1),
	(139, 7, 'PO19', 5, '2800368', '2900865', '2012-05-12 22:52:59', 1),
	(140, 7, 'PO20', 5, 'remy', '2800570', '2012-05-12 22:53:29', 0),
	(141, 7, 'PO20', 5, 'remy', '2900478', '2012-05-12 22:53:29', 1),
	(142, 7, 'PO20', 5, 'remy', '2900342', '2012-05-12 22:53:29', 1),
	(143, 7, 'PO20', 5, 'remy', '2800483', '2012-05-12 22:53:29', 1),
	(144, 7, 'PO20', 5, 'remy', '2800368', '2012-05-12 22:53:29', 0),
	(145, 7, 'PO20', 5, 'remy', '2800296', '2012-05-12 22:53:29', 1),
	(146, 7, 'PO20', 5, 'remy', '2900865', '2012-05-12 22:53:29', 1),
	(147, 7, 'AS7', 1, 'remy', '2800570', '2012-05-12 22:54:31', 0),
	(148, 7, 'AS7', 1, 'remy', '2900478', '2012-05-12 22:54:31', 1),
	(149, 7, 'AS7', 1, 'remy', '2900342', '2012-05-12 22:54:31', 1),
	(150, 7, 'AS7', 1, 'remy', '2800483', '2012-05-12 22:54:31', 1),
	(151, 7, 'AS7', 1, 'remy', '2800368', '2012-05-12 22:54:31', 0),
	(152, 7, 'AS7', 1, 'remy', '2800296', '2012-05-12 22:54:31', 1),
	(153, 7, 'AS7', 1, 'remy', '2900865', '2012-05-12 22:54:31', 1),
	(154, 7, 'QZ15', 4, 'remy', '2800570', '2012-05-12 22:55:45', 1),
	(155, 7, 'QZ15', 4, 'remy', '2900478', '2012-05-12 22:55:46', 1),
	(156, 7, 'QZ15', 4, 'remy', '2900342', '2012-05-12 22:55:46', 1),
	(157, 7, 'QZ15', 4, 'remy', '2800483', '2012-05-12 22:55:46', 1),
	(158, 7, 'QZ15', 4, 'remy', '2800368', '2012-05-12 22:55:46', 0),
	(159, 7, 'QZ15', 4, 'remy', '2800296', '2012-05-12 22:55:46', 1),
	(160, 7, 'QZ15', 4, 'remy', '2900865', '2012-05-12 22:55:46', 1),
	(161, 7, 'HO10', 2, 'remy', '2800570', '2012-05-12 22:56:49', 1),
	(162, 7, 'HO10', 2, 'remy', '2900478', '2012-05-12 22:56:49', 1),
	(163, 7, 'HO10', 2, 'remy', '2900342', '2012-05-12 22:56:49', 1),
	(164, 7, 'HO10', 2, 'remy', '2800483', '2012-05-12 22:56:49', 1),
	(165, 7, 'HO10', 2, 'remy', '2800368', '2012-05-12 22:56:49', 0),
	(166, 7, 'HO10', 2, 'remy', '2800296', '2012-05-12 22:56:49', 1),
	(167, 7, 'HO10', 2, 'remy', '2900865', '2012-05-12 22:56:49', 0),
	(168, 7, 'QZ16', 4, 'remy', '2800570', '2012-05-12 23:08:46', 1),
	(169, 7, 'QZ16', 4, 'remy', '2900478', '2012-05-12 23:08:46', 1),
	(170, 7, 'QZ16', 4, 'remy', '2900342', '2012-05-12 23:08:46', 1),
	(171, 7, 'QZ16', 4, 'remy', '2800483', '2012-05-12 23:08:46', 1),
	(172, 7, 'QZ16', 4, 'remy', '2800368', '2012-05-12 23:08:47', 1),
	(173, 7, 'QZ16', 4, 'remy', '2800296', '2012-05-12 23:08:47', 1),
	(174, 7, 'QZ16', 4, 'remy', '2900865', '2012-05-12 23:08:47', 1),
	(175, 7, 'AR7', 3, '2800368', 'remy', '2012-05-12 23:10:21', 0),
	(176, 7, 'PO21', 5, '2800368', 'remy', '2012-05-12 23:10:57', 0),
	(177, 7, 'QR15', 7, '2800368', 'remy', '2012-05-12 23:11:53', 0),
	(178, 7, 'PO22', 5, 'remy', '2800368', '2012-05-12 23:23:06', 1),
	(179, 7, 'PO23', 5, 'remy', '2900865', '2012-05-12 23:23:27', 1),
	(180, 7, 'AS8', 1, 'remy', '2800570', '2012-05-16 01:20:15', 1),
	(181, 7, 'AS8', 1, 'remy', '2900478', '2012-05-16 01:20:15', 1),
	(182, 7, 'AS8', 1, 'remy', '2900342', '2012-05-16 01:20:15', 1),
	(183, 7, 'AS8', 1, 'remy', '2800483', '2012-05-16 01:20:16', 1),
	(184, 7, 'AS8', 1, 'remy', '2800368', '2012-05-16 01:20:16', 1),
	(185, 7, 'AS8', 1, 'remy', '2800296', '2012-05-16 01:20:16', 1),
	(186, 7, 'AS8', 1, 'remy', '2900865', '2012-05-16 01:20:16', 1),
	(187, 7, 'AS9', 1, 'remy', '2800570', '2012-05-16 01:21:51', 1),
	(188, 7, 'AS9', 1, 'remy', '2900478', '2012-05-16 01:21:51', 1),
	(189, 7, 'AS9', 1, 'remy', '2900342', '2012-05-16 01:21:51', 1),
	(190, 7, 'AS9', 1, 'remy', '2800483', '2012-05-16 01:21:52', 1),
	(191, 7, 'AS9', 1, 'remy', '2800368', '2012-05-16 01:21:52', 1),
	(192, 7, 'AS9', 1, 'remy', '2800296', '2012-05-16 01:21:52', 1),
	(193, 7, 'AS9', 1, 'remy', '2900865', '2012-05-16 01:21:52', 1),
	(194, 3, 'PO24', 5, '2800570', '2900478', '2012-05-29 00:09:32', 1),
	(195, 3, 'PO25', 5, '2800570', '72', '2012-05-29 00:14:18', 1);
/*!40000 ALTER TABLE `tbl_poststatus` ENABLE KEYS */;


-- Dumping structure for table zenoir.tbl_quiz
CREATE TABLE IF NOT EXISTS `tbl_quiz` (
  `quiz_id` int(10) NOT NULL AUTO_INCREMENT,
  `class_id` int(10) NOT NULL DEFAULT '0',
  `qz_type` tinyint(1) NOT NULL DEFAULT '0',
  `qz_title` varchar(50) NOT NULL,
  `qz_body` text NOT NULL,
  `date_created` date NOT NULL,
  `start_time` datetime NOT NULL,
  `end_time` datetime NOT NULL,
  `status` tinyint(4) NOT NULL DEFAULT '1',
  PRIMARY KEY (`quiz_id`)
) ENGINE=InnoDB AUTO_INCREMENT=17 DEFAULT CHARSET=latin1 COMMENT='Stores general info on quizzes.\r\nquiz types:\r\n1-quiz using items\r\n2-essay quiz using responses';

-- Dumping data for table zenoir.tbl_quiz: ~16 rows (approximately)
/*!40000 ALTER TABLE `tbl_quiz` DISABLE KEYS */;
INSERT INTO `tbl_quiz` (`quiz_id`, `class_id`, `qz_type`, `qz_title`, `qz_body`, `date_created`, `start_time`, `end_time`, `status`) VALUES
	(1, 1, 2, 'Q', 'A', '2012-04-30', '2012-04-30 00:00:00', '2012-04-30 23:00:00', 1),
	(2, 1, 1, 'F', 'D', '2012-04-30', '2012-04-30 11:59:00', '2012-04-30 23:59:00', 1),
	(3, 1, 2, 'ee', 'edf', '2012-04-30', '2012-04-30 12:00:00', '2012-04-30 21:50:00', 1),
	(4, 1, 2, 'bam', 'dsfsdfs', '2012-04-30', '2012-04-30 00:00:00', '2012-04-30 23:59:00', 1),
	(5, 1, 1, 'new with items', 'bems', '2012-05-01', '2012-05-01 00:00:00', '2012-05-01 23:59:00', 1),
	(6, 1, 2, 'new wo items', 'gleam', '2012-05-01', '2012-05-01 00:00:00', '2012-05-01 23:59:00', 1),
	(7, 1, 2, 'ee', 'ff', '2012-05-02', '2012-05-02 00:00:00', '2012-05-02 23:59:00', 1),
	(8, 1, 1, 'gg', 'fe', '2012-05-02', '2012-05-02 00:00:00', '2012-05-02 23:59:00', 1),
	(9, 1, 2, 'peep', 'ddd', '2012-05-02', '2012-05-02 00:00:00', '2012-05-02 23:59:00', 1),
	(10, 3, 1, 'dead quiz with items', 'This is a dead quiz', '2012-05-02', '2012-05-02 00:00:00', '2012-05-02 12:00:00', 1),
	(11, 3, 1, 'live quiz with items', 'this is a live quiz until 1 pm only', '2012-05-02', '2012-05-02 00:00:00', '2012-05-02 13:00:00', 1),
	(12, 3, 2, 'dead quiz w/o items', 'dfsffs', '2012-05-02', '2012-05-02 00:00:00', '2012-05-02 09:00:00', 1),
	(13, 3, 2, 'live quiz w/o items', 'fsdfsdfs', '2012-05-02', '2012-05-02 00:00:00', '2012-05-02 13:00:00', 1),
	(14, 3, 2, 'not yet', 'dfdsfs', '2012-05-02', '2012-05-02 00:00:00', '2012-05-02 23:59:00', 1),
	(15, 7, 1, 'RA 6143 Quiz', 'This is a quiz on RA 6143', '2012-05-12', '2012-05-12 00:00:00', '2012-05-12 23:59:00', 1),
	(16, 7, 2, 'Polgov Quiz', 'Tell me all that you know about this subject in 300 words.', '2012-05-12', '2012-05-12 00:00:00', '2012-05-12 11:27:00', 1);
/*!40000 ALTER TABLE `tbl_quiz` ENABLE KEYS */;


-- Dumping structure for table zenoir.tbl_quizitems
CREATE TABLE IF NOT EXISTS `tbl_quizitems` (
  `quiz_item_id` int(10) NOT NULL AUTO_INCREMENT,
  `quiz_id` int(10) NOT NULL,
  `question` varchar(300) NOT NULL,
  `A` varchar(50) NOT NULL,
  `B` varchar(50) NOT NULL,
  `C` varchar(50) NOT NULL,
  `D` varchar(50) NOT NULL,
  `answer` char(1) NOT NULL,
  PRIMARY KEY (`quiz_item_id`),
  KEY `FK_tbl_quizitems_tbl_quiz` (`quiz_id`)
) ENGINE=InnoDB AUTO_INCREMENT=9 DEFAULT CHARSET=latin1 COMMENT='Stores the question, Choices A-D and the answer ';

-- Dumping data for table zenoir.tbl_quizitems: ~8 rows (approximately)
/*!40000 ALTER TABLE `tbl_quizitems` DISABLE KEYS */;
INSERT INTO `tbl_quizitems` (`quiz_item_id`, `quiz_id`, `question`, `A`, `B`, `C`, `D`, `answer`) VALUES
	(1, 2, 'Q', 'A', 'B', 'C', 'D', 'A'),
	(2, 2, 'Q2', 'A2', 'B2', 'C2', 'D2', 'B'),
	(3, 5, 'AAA', 'AA', 'BB', 'CC', 'DD', 'A'),
	(4, 5, 'BBB', 'AZA', 'BZA', 'CZA', 'DZA', 'A'),
	(5, 8, 'dfs', 'fdsfsd', 'fsdfds', 'fsdfsdf', 'dfsfs', 'C'),
	(6, 10, 'dsf', 'sdfsd', 'fdsf', 'sdfsf', 'sfsf', 'C'),
	(7, 11, 'dsfsd', 'fsdf', 'sdfsdf', 'sffs', 'sdfsf', 'A'),
	(8, 15, 'What is RA 6143 all about', 'You', 'Me', 'Us', 'None of the above', 'D');
/*!40000 ALTER TABLE `tbl_quizitems` ENABLE KEYS */;


-- Dumping structure for table zenoir.tbl_quizresponse
CREATE TABLE IF NOT EXISTS `tbl_quizresponse` (
  `quizresponse_id` int(10) NOT NULL AUTO_INCREMENT,
  `quiz_id` int(10) NOT NULL,
  `student_id` varchar(50) NOT NULL,
  `res_title` varchar(160) NOT NULL,
  `res_body` text NOT NULL,
  `res_datetime` timestamp NOT NULL DEFAULT CURRENT_TIMESTAMP,
  PRIMARY KEY (`quizresponse_id`)
) ENGINE=InnoDB AUTO_INCREMENT=9 DEFAULT CHARSET=latin1 COMMENT='stores responses for a specific quiz';

-- Dumping data for table zenoir.tbl_quizresponse: ~8 rows (approximately)
/*!40000 ALTER TABLE `tbl_quizresponse` DISABLE KEYS */;
INSERT INTO `tbl_quizresponse` (`quizresponse_id`, `quiz_id`, `student_id`, `res_title`, `res_body`, `res_datetime`) VALUES
	(1, 1, '174', 'bla', 'blablabla', '2012-04-30 14:24:37'),
	(2, 3, '174', 'fff', 'aa', '2012-04-30 15:00:23'),
	(3, 3, 'funk', 'bur', 'blr', '2012-04-30 15:01:38'),
	(4, 4, '174', 'shoo', 'boo', '2012-04-30 16:03:46'),
	(5, 6, 'Freo', 'answer to wo items', 'beeem', '2012-05-01 21:27:30'),
	(6, 13, 'funk', 'fdsfdsf', 'sdfdsfsfs', '2012-05-02 12:51:04'),
	(7, 13, '174', 'by shino', 'dfsfs', '2012-05-02 12:52:15'),
	(8, 14, '2800601', 'bur', 'bbb', '2012-05-02 23:10:55');
/*!40000 ALTER TABLE `tbl_quizresponse` ENABLE KEYS */;


-- Dumping structure for table zenoir.tbl_quizresult
CREATE TABLE IF NOT EXISTS `tbl_quizresult` (
  `quizresult_id` int(10) NOT NULL AUTO_INCREMENT,
  `quiz_id` int(10) NOT NULL,
  `class_id` int(10) NOT NULL,
  `user_id` varchar(50) NOT NULL,
  `score` int(10) NOT NULL,
  PRIMARY KEY (`quizresult_id`)
) ENGINE=InnoDB AUTO_INCREMENT=8 DEFAULT CHARSET=latin1;

-- Dumping data for table zenoir.tbl_quizresult: ~7 rows (approximately)
/*!40000 ALTER TABLE `tbl_quizresult` DISABLE KEYS */;
INSERT INTO `tbl_quizresult` (`quizresult_id`, `quiz_id`, `class_id`, `user_id`, `score`) VALUES
	(1, 2, 1, 'Freo', 1),
	(2, 0, 1, '174', 0),
	(3, 5, 1, 'Freo', 2),
	(4, 8, 1, 'Freo', 1),
	(5, 11, 3, 'funk', 0),
	(6, 11, 3, '174', 0),
	(7, 15, 7, '2800368', 1);
/*!40000 ALTER TABLE `tbl_quizresult` ENABLE KEYS */;


-- Dumping structure for table zenoir.tbl_sessioncontent
CREATE TABLE IF NOT EXISTS `tbl_sessioncontent` (
  `sessioncontent_id` int(10) NOT NULL AUTO_INCREMENT,
  `session_id` int(10) NOT NULL,
  `user_id` varchar(50) NOT NULL,
  `mask_name` varchar(50) NOT NULL,
  `message` varchar(160) NOT NULL,
  `time_sent` timestamp NOT NULL DEFAULT CURRENT_TIMESTAMP ON UPDATE CURRENT_TIMESTAMP,
  PRIMARY KEY (`sessioncontent_id`)
) ENGINE=InnoDB AUTO_INCREMENT=159 DEFAULT CHARSET=latin1 COMMENT='Stores the messages sent by the people in the session';

-- Dumping data for table zenoir.tbl_sessioncontent: ~158 rows (approximately)
/*!40000 ALTER TABLE `tbl_sessioncontent` DISABLE KEYS */;
INSERT INTO `tbl_sessioncontent` (`sessioncontent_id`, `session_id`, `user_id`, `mask_name`, `message`, `time_sent`) VALUES
	(1, 1, '174', 'fong', 'hi!', '2012-04-30 14:15:59'),
	(2, 1, '72', 'ram', 'yo', '2012-04-30 14:16:15'),
	(3, 1, '72', 'ram', 'zup', '2012-04-30 14:16:16'),
	(4, 1, '174', 'fong', 'fin', '2012-04-30 14:16:20'),
	(5, 1, '72', 'ram', 'e', '2012-04-30 14:16:44'),
	(6, 1, '174', 'fong', 'f', '2012-04-30 14:16:46'),
	(7, 2, '174', 'Shino Aburame', 'se', '2012-04-30 14:44:33'),
	(8, 3, '174', 'Shino Aburame', 'clang', '2012-04-30 14:45:26'),
	(9, 3, '72', 'Wern Ancheta', 'cloong', '2012-04-30 14:45:36'),
	(10, 3, '174', 'Shino Aburame', 'ff', '2012-04-30 14:45:55'),
	(11, 3, '72', 'Wern Ancheta', 'hh', '2012-04-30 14:45:56'),
	(12, 1, '72', 'shura', 'a', '2012-05-01 17:57:34'),
	(13, 1, '72', 'shura', 'b', '2012-05-01 17:57:35'),
	(14, 1, '72', 'shura', 'c', '2012-05-01 17:57:35'),
	(15, 1, '72', 'shura', 'd', '2012-05-01 17:57:36'),
	(16, 1, '72', 'shura', 'e', '2012-05-01 17:57:36'),
	(17, 1, '72', 'shura', 'edf', '2012-05-01 17:57:37'),
	(18, 1, '72', 'shura', 'a', '2012-05-01 17:57:37'),
	(19, 1, '72', 'shura', 'af', '2012-05-01 17:57:37'),
	(20, 1, '72', 'shura', 'a', '2012-05-01 17:57:38'),
	(21, 1, '72', 'shura', 'g', '2012-05-01 17:57:38'),
	(22, 1, '72', 'shura', 'a', '2012-05-01 17:57:39'),
	(23, 1, '72', 'shura', 'e', '2012-05-01 17:57:39'),
	(24, 1, '72', 'shura', 'e', '2012-05-01 17:57:41'),
	(25, 1, '72', 'ss', 'e', '2012-05-01 17:58:37'),
	(26, 1, '72', 'ss', 'a', '2012-05-01 17:58:38'),
	(27, 1, '72', 'ss', 'a', '2012-05-01 17:58:38'),
	(28, 1, '72', 'ss', 'faf', '2012-05-01 17:58:38'),
	(29, 1, '72', 'ss', 'af', '2012-05-01 17:58:39'),
	(30, 1, '72', 'ss', 'a', '2012-05-01 17:58:39'),
	(31, 1, '72', 'ss', 'e', '2012-05-01 17:58:40'),
	(32, 1, '72', 'ss', 'e', '2012-05-01 17:58:40'),
	(33, 1, '72', 'ss', 'g', '2012-05-01 17:58:41'),
	(34, 1, '72', 'ss', 'a', '2012-05-01 17:58:41'),
	(35, 1, '72', 'ss', 'a', '2012-05-01 17:58:42'),
	(36, 1, '72', 'ss', 'a', '2012-05-01 17:58:42'),
	(37, 1, '72', 'ss', 'a', '2012-05-01 17:58:43'),
	(38, 1, '72', 'ss', 'a', '2012-05-01 17:58:44'),
	(39, 1, '72', 'ss', 'e', '2012-05-01 17:58:44'),
	(40, 1, '72', 'ss', 'e', '2012-05-01 17:58:45'),
	(41, 1, '72', 'ss', 'x', '2012-05-01 17:58:58'),
	(42, 1, '72', 'ss', 'e', '2012-05-01 17:59:00'),
	(43, 1, '72', 'ss', 'e', '2012-05-01 17:59:01'),
	(44, 7, 'Er', 'Ner Ra', 'hhh', '2012-05-01 21:46:46'),
	(45, 7, 'Er', 'Ner Ra', 'efg', '2012-05-01 21:46:54'),
	(46, 14, 'Freo', 'Freo Lan', 'nnn', '2012-05-01 22:08:09'),
	(47, 15, 'Freo', 'fff', 'alt+f4', '2012-05-01 22:09:01'),
	(48, 16, 'funk', 'dfd', 'lalala', '2012-05-02 12:45:07'),
	(49, 16, 'funk', 'dfd', 'eee', '2012-05-02 12:45:08'),
	(50, 2, 'Freo', 'Freo Lan', 'zup guys!', '2012-05-02 13:07:00'),
	(51, 2, 'Freo', 'Freo Lan', 'I\'m freo', '2012-05-02 13:07:02'),
	(52, 2, 'Freo', 'Freo Lan', 'hu u', '2012-05-02 13:07:04'),
	(53, 19, '72', 'Wern Ancheta', 'bam! ', '2012-05-02 13:12:09'),
	(54, 19, '72', 'Wern Ancheta', 'boom!', '2012-05-02 13:12:10'),
	(55, 19, '72', 'Wern Ancheta', 'kapow!', '2012-05-02 13:12:12'),
	(56, 19, '72', 'Wern Ancheta', 'slash!', '2012-05-02 13:12:14'),
	(57, 19, '72', 'Wern Ancheta', 'broom', '2012-05-02 13:12:16'),
	(58, 19, 'Freo', 'Freo Lan', 'pew!', '2012-05-02 13:13:59'),
	(59, 19, 'Freo', 'Freo Lan', 'tube!', '2012-05-02 13:14:01'),
	(60, 19, 'Freo', 'Freo Lan', 'bam!', '2012-05-02 13:14:03'),
	(61, 19, 'Freo', 'Freo Lan', 'power!', '2012-05-02 13:14:06'),
	(62, 19, 'Freo', 'Freo Lan', 'shoorp!', '2012-05-02 13:14:10'),
	(63, 19, 'Freo', 'Freo Lan', 'clap!', '2012-05-02 13:14:14'),
	(64, 19, 'Freo', 'Freo Lan', 'roar!', '2012-05-02 13:14:18'),
	(65, 19, 'Freo', 'Freo Lan', 'growl', '2012-05-02 13:14:25'),
	(66, 19, 'Freo', 'Freo Lan', 'aaa', '2012-05-02 13:14:26'),
	(67, 19, 'Freo', 'Freo Lan', 'bbb', '2012-05-02 13:14:27'),
	(68, 19, 'Freo', 'Freo Lan', 'ccc', '2012-05-02 13:14:28'),
	(69, 19, 'Freo', 'Freo Lan', 'ddd', '2012-05-02 13:14:30'),
	(70, 19, 'Freo', 'Freo Lan', 'eee', '2012-05-02 13:14:31'),
	(71, 0, '72', 'Totoy Bibo', 'ako magaling sumayaw', '2012-05-02 13:54:21'),
	(72, 0, '72', 'Totoy Bibo', 'galing gumalaw', '2012-05-02 13:54:25'),
	(73, 0, '72', 'Totoy Bibo', 'bibong bibo gumalaw', '2012-05-02 13:54:31'),
	(74, 0, '72', 'Totoy Bibo', 'nung bata pa ako tinuruan ako ng lolo mag-tango', '2012-05-02 13:54:43'),
	(75, 0, '72', 'Totoy Bibo', 'pasadoble, boogie, rhumba itinura ng tatay ko', '2012-05-02 13:55:00'),
	(76, 0, '72', 'Totoy Bibo', 'pinagsama-sama ko kaya ako ngayo\'y bibong bibo', '2012-05-02 13:55:13'),
	(77, 0, '72', 'Totoy Bibo', 'kaya ang tawag nila sa akin totoy bibo', '2012-05-02 13:55:24'),
	(78, 0, '174', 'benjo', 'ako si benjo', '2012-05-02 13:56:47'),
	(79, 0, '72', 'Totoy Bibo', 'zup benjo', '2012-05-02 13:56:56'),
	(80, 0, '174', 'benjo', 'ok lang brad', '2012-05-02 13:57:10'),
	(81, 0, '72', 'Totoy Bibo', 'bing', '2012-05-02 13:57:19'),
	(82, 0, '72', 'Totoy Bibo', 'bong', '2012-05-02 13:57:24'),
	(83, 0, '72', 'Totoy Bibo', 'e', '2012-05-02 13:57:26'),
	(84, 0, '72', 'Totoy Bibo', 'a', '2012-05-02 13:57:27'),
	(85, 0, '72', 'Totoy Bibo', 'a', '2012-05-02 13:57:28'),
	(86, 0, '72', 'Totoy Bibo', 'e', '2012-05-02 13:57:28'),
	(87, 0, '174', 'benjo', 'ee', '2012-05-02 13:57:31'),
	(88, 0, '174', 'benjo', 'e', '2012-05-02 13:57:33'),
	(89, 0, '174', 'benjo', 'a', '2012-05-02 13:57:34'),
	(90, 0, '174', 'benjo', 'd', '2012-05-02 13:57:38'),
	(91, 0, '174', 'benjo', 'e', '2012-05-02 13:57:39'),
	(92, 0, '174', 'benjo', 'e', '2012-05-02 13:57:39'),
	(93, 0, '174', 'benjo', 'gsg', '2012-05-02 13:57:40'),
	(94, 0, '174', 'benjo', 'ssg', '2012-05-02 13:57:41'),
	(95, 0, '72', 'Totoy Bibo', 'af', '2012-05-02 13:57:50'),
	(96, 0, '72', 'Totoy Bibo', 'df', '2012-05-02 13:57:51'),
	(97, 0, '72', 'Totoy Bibo', 'd', '2012-05-02 13:57:51'),
	(98, 0, '72', 'Totoy Bibo', 'd', '2012-05-02 13:57:52'),
	(99, 0, '174', 'benjo', 's', '2012-05-02 13:57:56'),
	(100, 0, '174', 'cookie monster', 'c is for cookie and cookie is for me!', '2012-05-02 14:00:22'),
	(101, 0, '72', 'elmo', 'nananana nanana elmo\'s world!', '2012-05-02 14:00:37'),
	(102, 0, '72', 'elmo', 'd', '2012-05-02 14:00:47'),
	(103, 0, '72', 'elmo', 'd', '2012-05-02 14:00:47'),
	(104, 0, '72', 'elmo', 'd', '2012-05-02 14:00:47'),
	(105, 0, '72', 'elmo', 'd', '2012-05-02 14:00:48'),
	(106, 0, '72', 'elmo', 'd', '2012-05-02 14:00:48'),
	(107, 0, '72', 'elmo', 'd', '2012-05-02 14:00:48'),
	(108, 0, '72', 'elmo', 'd', '2012-05-02 14:00:48'),
	(109, 0, '72', 'elmo', 'e', '2012-05-02 14:00:49'),
	(110, 0, '72', 'elmo', 'e', '2012-05-02 14:00:50'),
	(111, 0, '174', 'cookie monster', 'e', '2012-05-02 14:00:55'),
	(112, 0, '174', 'cookie monster', 'e', '2012-05-02 14:00:55'),
	(113, 0, '174', 'cookie monster', 'e', '2012-05-02 14:00:56'),
	(114, 0, '174', 'cookie monster', 'e', '2012-05-02 14:00:56'),
	(115, 0, '72', 'elmo', 'ea', '2012-05-02 14:01:05'),
	(116, 0, '72', 'elmo', 'd', '2012-05-02 14:01:07'),
	(117, 0, '72', 'elmo', 'd', '2012-05-02 14:01:08'),
	(118, 0, '72', 'elmo', 'e', '2012-05-02 14:01:09'),
	(119, 0, '174', 'cookie monster', 'ed', '2012-05-02 14:01:24'),
	(120, 0, '174', 'cookie monster', 'e', '2012-05-02 14:01:25'),
	(121, 0, '174', 'cookie monster', 'e', '2012-05-02 14:01:25'),
	(122, 0, '174', 'cookie monster', 'a', '2012-05-02 14:01:26'),
	(123, 20, '72', 'epic', 'fail', '2012-05-02 14:04:21'),
	(124, 20, '72', 'epic', 'zup booby licious!', '2012-05-02 14:05:56'),
	(125, 20, '174', 'booby licious', 'fine want to taste my boobs?', '2012-05-02 14:06:37'),
	(126, 20, '72', 'epic', 'yah!', '2012-05-02 14:06:53'),
	(127, 20, '174', 'booby licious', 'd', '2012-05-02 14:10:54'),
	(128, 20, '174', 'len', 'dd', '2012-05-02 14:11:47'),
	(129, 20, '72', 'bee', 'im bee', '2012-05-02 23:21:50'),
	(130, 20, '72', 'bee', 'pleased to meet you all!', '2012-05-02 23:21:56'),
	(131, 21, '72', 'WWW AAA', 'hi all!', '2012-05-03 08:42:35'),
	(132, 21, '72', 'WWW AAA', 'dfsd', '2012-05-03 08:42:37'),
	(133, 21, '72', 'WWW AAA', 'fds', '2012-05-03 08:42:37'),
	(134, 21, '72', 'WWW AAA', 'fsfs', '2012-05-03 08:42:38'),
	(135, 21, '72', 'WWW AAA', 'fdf', '2012-05-03 08:42:38'),
	(136, 21, '72', 'WWW AAA', 'sfs', '2012-05-03 08:42:38'),
	(137, 21, '72', 'WWW AAA', 'dfds', '2012-05-03 08:42:39'),
	(138, 21, '72', 'WWW AAA', 'fsdf', '2012-05-03 08:42:40'),
	(139, 20, '72', 'dedong daga', 'what\'s up mga kapatid!', '2012-05-11 18:10:57'),
	(140, 22, '2800570', 'Wernher-bel Ancheta', 'Zup guys!', '2012-05-11 18:11:37'),
	(141, 22, '72', 'WWW AAA', 'yo!', '2012-05-11 18:11:54'),
	(142, 22, '72', 'WWW AAA', 'dafuq!', '2012-05-11 18:11:56'),
	(143, 22, '2800570', 'Wernher-bel Ancheta', 'shish!', '2012-05-11 18:12:02'),
	(144, 28, '2800368', 'Renz Reiner Bustillos', 'zup guys!', '2012-05-12 23:05:29'),
	(145, 28, 'remy', 'remy sharp', 'yo! Renz!', '2012-05-12 23:05:40'),
	(146, 28, '2800368', 'Renz Reiner Bustillos', 'yo Sir Sharp!', '2012-05-12 23:05:46'),
	(147, 28, 'remy', 'remy sharp', 'Yep I\'m the creator of the Sharp appliances', '2012-05-12 23:06:03'),
	(148, 28, '2800368', 'Renz Reiner Bustillos', 'Oh really?', '2012-05-12 23:06:07'),
	(149, 28, 'remy', 'remy sharp', 'yeah!', '2012-05-12 23:06:11'),
	(150, 28, 'remy', 'remy sharp', 'isn\'t that awesome?', '2012-05-12 23:06:18'),
	(151, 28, '2800368', 'Renz Reiner Bustillos', 'cool!', '2012-05-12 23:06:20'),
	(152, 28, 'remy', 'remy sharp', 'pretty cool huh?', '2012-05-12 23:06:26'),
	(153, 28, '2800368', 'Renz Reiner Bustillos', 'yeah!', '2012-05-12 23:06:30'),
	(154, 28, '2800368', 'Renz Reiner Bustillos', 'pretty rad!!!', '2012-05-12 23:06:34'),
	(155, 28, 'remy', 'remy sharp', 'rad as in radical?', '2012-05-12 23:06:39'),
	(156, 28, '2800368', 'Renz Reiner Bustillos', 'yep!', '2012-05-12 23:06:42'),
	(157, 28, 'remy', 'remy sharp', 'oh I see', '2012-05-12 23:06:47'),
	(158, 28, '2800368', 'Renz Reiner Bustillos', 'glass heighm', '2012-05-12 23:07:30');
/*!40000 ALTER TABLE `tbl_sessioncontent` ENABLE KEYS */;


-- Dumping structure for table zenoir.tbl_sessions
CREATE TABLE IF NOT EXISTS `tbl_sessions` (
  `session_id` int(10) NOT NULL AUTO_INCREMENT,
  `class_id` int(10) NOT NULL DEFAULT '0',
  `ses_type` tinyint(1) NOT NULL DEFAULT '0',
  `ses_title` varchar(70) NOT NULL,
  `ses_description` tinytext NOT NULL,
  `infinite` tinyint(1) NOT NULL,
  `time_from` datetime NOT NULL,
  `time_to` datetime NOT NULL,
  `status` tinyint(1) NOT NULL DEFAULT '1',
  PRIMARY KEY (`session_id`)
) ENGINE=InnoDB AUTO_INCREMENT=29 DEFAULT CHARSET=latin1 COMMENT='Stores general info about a chat session';

-- Dumping data for table zenoir.tbl_sessions: ~28 rows (approximately)
/*!40000 ALTER TABLE `tbl_sessions` DISABLE KEYS */;
INSERT INTO `tbl_sessions` (`session_id`, `class_id`, `ses_type`, `ses_title`, `ses_description`, `infinite`, `time_from`, `time_to`, `status`) VALUES
	(1, 1, 2, 'Mask', 'aa', 1, '1970-01-01 08:00:00', '1970-01-01 08:00:00', 1),
	(2, 3, 3, 'Team', 'a', 1, '1970-01-01 08:00:00', '1970-01-01 08:00:00', 1),
	(3, 3, 1, 'class', 'boom', 1, '1970-01-01 08:00:00', '1970-01-01 08:00:00', 1),
	(4, 1, 2, 'New Mask', 'Ba', 1, '1970-01-01 08:00:00', '1970-01-01 08:00:00', 1),
	(5, 1, 1, 'New Class', 'ne', 1, '1970-01-01 08:00:00', '1970-01-01 08:00:00', 1),
	(6, 1, 3, 'New Team', 'Zurc', 1, '1970-01-01 08:00:00', '1970-01-01 08:00:00', 1),
	(7, 1, 3, 'Beep', 'fff', 1, '1970-01-01 08:00:00', '1970-01-01 08:00:00', 1),
	(8, 1, 3, 'nera', 'ee', 1, '1970-01-01 08:00:00', '1970-01-01 08:00:00', 1),
	(9, 1, 2, 'newnew mask', 'eee', 1, '1970-01-01 08:00:00', '1970-01-01 08:00:00', 1),
	(10, 1, 1, 'newnew cl', 'fdfsfs', 1, '1970-01-01 08:00:00', '1970-01-01 08:00:00', 1),
	(11, 1, 1, '3new class', 'ewe', 1, '1970-01-01 08:00:00', '1970-01-01 08:00:00', 1),
	(12, 1, 1, '4th cl', '3232', 1, '1970-01-01 08:00:00', '1970-01-01 08:00:00', 1),
	(13, 1, 1, 'n5 class', 'bbb', 1, '1970-01-01 08:00:00', '1970-01-01 08:00:00', 1),
	(14, 1, 3, 'n5 team', 'ee', 1, '1970-01-01 08:00:00', '1970-01-01 08:00:00', 1),
	(15, 1, 2, 'n5 mas', 'dd', 1, '1970-01-01 08:00:00', '1970-01-01 08:00:00', 1),
	(16, 3, 2, 'new mask', '33', 0, '2012-05-02 00:00:00', '2012-05-02 12:45:00', 1),
	(17, 3, 1, 'new class', '333', 0, '2012-05-02 00:00:00', '2012-05-02 07:00:00', 1),
	(18, 3, 3, 'team bam', '33', 0, '2012-05-02 00:00:00', '2012-05-02 13:00:00', 1),
	(19, 3, 3, 'bam by freo', 'dfs', 0, '2012-05-02 00:00:00', '2012-05-02 13:15:00', 1),
	(20, 3, 2, 'mana', 'dfsdf', 1, '1970-01-01 08:00:00', '1970-01-01 08:00:00', 1),
	(21, 3, 1, 'two worded m', 'dfsf dd ee', 1, '1970-01-01 08:00:00', '1970-01-01 08:00:00', 1),
	(22, 3, 1, 'Wave', 'Lem', 1, '1970-01-01 08:00:00', '1970-01-01 08:00:00', 1),
	(23, 7, 1, 'Getting to know session', 'In this session you will say hi to your classmates', 1, '1970-01-01 08:00:00', '1970-01-01 08:00:00', 1),
	(24, 7, 3, 'Wern and Angelika Team', 'This can only be accessed by Wern and Angelika', 1, '1970-01-01 08:00:00', '1970-01-01 08:00:00', 1),
	(25, 7, 3, 'Crystal and Kevin Team', 'This can only be accessed by Kevin and Crystal', 1, '1970-01-01 08:00:00', '1970-01-01 08:00:00', 1),
	(26, 7, 3, 'Renz, Jed, Junerey Team', 'This can only be accessed by Renz, Jed, and Junerey', 1, '1970-01-01 08:00:00', '1970-01-01 08:00:00', 1),
	(27, 7, 3, 'Wern and Angelika Team', 'Second Version', 1, '1970-01-01 08:00:00', '1970-01-01 08:00:00', 1),
	(28, 7, 3, 'Renz, Jed, Junerey Team 2', 'Renz, Jed, Junerey Team', 1, '1970-01-01 08:00:00', '1970-01-01 08:00:00', 1);
/*!40000 ALTER TABLE `tbl_sessions` ENABLE KEYS */;


-- Dumping structure for table zenoir.tbl_sessionspeople
CREATE TABLE IF NOT EXISTS `tbl_sessionspeople` (
  `sespeople_id` int(10) NOT NULL AUTO_INCREMENT,
  `session_id` int(10) NOT NULL,
  `user_id` varchar(50) NOT NULL,
  PRIMARY KEY (`sespeople_id`)
) ENGINE=InnoDB AUTO_INCREMENT=93 DEFAULT CHARSET=latin1 COMMENT='stores the people who were invited or have participated in a particular session';

-- Dumping data for table zenoir.tbl_sessionspeople: ~92 rows (approximately)
/*!40000 ALTER TABLE `tbl_sessionspeople` DISABLE KEYS */;
INSERT INTO `tbl_sessionspeople` (`sespeople_id`, `session_id`, `user_id`) VALUES
	(1, 1, '174'),
	(2, 1, 'Freo'),
	(3, 1, 'funk'),
	(4, 1, '72'),
	(5, 2, '174'),
	(6, 2, 'Freo'),
	(7, 2, 'funk'),
	(8, 2, '72'),
	(9, 3, '174'),
	(10, 3, 'Freo'),
	(11, 3, 'funk'),
	(12, 3, '72'),
	(13, 4, '72'),
	(14, 5, '72'),
	(15, 6, '174'),
	(16, 6, 'Freo'),
	(17, 6, '72'),
	(18, 7, '174'),
	(19, 7, 'Freo'),
	(20, 7, '72'),
	(21, 7, 'Er'),
	(22, 8, '174'),
	(23, 8, 'Freo'),
	(24, 8, '72'),
	(25, 8, 'Er'),
	(26, 9, '72'),
	(27, 10, '72'),
	(28, 11, '72'),
	(29, 12, '72'),
	(30, 13, 'Freo'),
	(31, 13, 'funk'),
	(32, 13, 'Er'),
	(33, 13, '72'),
	(34, 14, 'Freo'),
	(35, 14, '72'),
	(36, 15, 'Freo'),
	(37, 15, 'funk'),
	(38, 15, 'Er'),
	(39, 15, '72'),
	(40, 16, '174'),
	(41, 16, 'Freo'),
	(42, 16, 'funk'),
	(43, 16, '72'),
	(44, 17, '174'),
	(45, 17, 'Freo'),
	(46, 17, 'funk'),
	(47, 17, '72'),
	(48, 18, '72'),
	(49, 19, 'Freo'),
	(50, 19, '72'),
	(51, 20, '174'),
	(52, 20, 'Freo'),
	(53, 20, 'funk'),
	(54, 20, '72'),
	(55, 21, '2900478'),
	(56, 21, '2900342'),
	(57, 21, '2800296'),
	(58, 21, '2800886'),
	(59, 21, '2801042'),
	(60, 21, '2801017'),
	(61, 21, '2800100'),
	(62, 21, '2800746'),
	(63, 21, '2800601'),
	(64, 21, '72'),
	(65, 22, '2900478'),
	(66, 22, '2900342'),
	(67, 22, '2800296'),
	(68, 22, '2800886'),
	(69, 22, '2801042'),
	(70, 22, '2801017'),
	(71, 22, '2800100'),
	(72, 22, '2800746'),
	(73, 22, '2800601'),
	(74, 22, '2800570'),
	(75, 22, '72'),
	(76, 23, '2800570'),
	(77, 23, '2900478'),
	(78, 23, '2900342'),
	(79, 23, '2800483'),
	(80, 23, '2800368'),
	(81, 23, '2800296'),
	(82, 23, '2900865'),
	(83, 23, 'remy'),
	(84, 24, 'remy'),
	(85, 25, 'remy'),
	(86, 26, 'remy'),
	(87, 27, '2800570'),
	(88, 27, '2900478'),
	(89, 27, 'remy'),
	(90, 28, '2800368'),
	(91, 28, '2900865'),
	(92, 28, 'remy');
/*!40000 ALTER TABLE `tbl_sessionspeople` ENABLE KEYS */;


-- Dumping structure for table zenoir.tbl_subject
CREATE TABLE IF NOT EXISTS `tbl_subject` (
  `subject_id` int(10) NOT NULL AUTO_INCREMENT,
  `subject_code` varchar(50) NOT NULL,
  `subject_description` varchar(160) NOT NULL,
  PRIMARY KEY (`subject_id`)
) ENGINE=InnoDB AUTO_INCREMENT=7 DEFAULT CHARSET=latin1 COMMENT='Stores subject information(Eg. Math, Science, Computer Programming, etc.)';

-- Dumping data for table zenoir.tbl_subject: ~6 rows (approximately)
/*!40000 ALTER TABLE `tbl_subject` DISABLE KEYS */;
INSERT INTO `tbl_subject` (`subject_id`, `subject_code`, `subject_description`) VALUES
	(1, 'MATH 3', 'Mathematicz'),
	(2, 'COMPRO1', 'Computer Programming 1'),
	(3, 'ALGEBRA', 'Algebra 1'),
	(4, 'NEW SUBJECT', 'FFF'),
	(5, 'KARFF', 'EEFF'),
	(6, 'Polgov', 'Politics and Governance');
/*!40000 ALTER TABLE `tbl_subject` ENABLE KEYS */;


-- Dumping structure for table zenoir.tbl_userinfo
CREATE TABLE IF NOT EXISTS `tbl_userinfo` (
  `user_info_id` int(10) NOT NULL AUTO_INCREMENT,
  `user_id` varchar(50) NOT NULL,
  `fname` varchar(160) NOT NULL,
  `mname` varchar(160) NOT NULL,
  `lname` varchar(160) NOT NULL,
  `email` varchar(160) NOT NULL,
  `autobiography` text NOT NULL,
  PRIMARY KEY (`user_info_id`),
  KEY `FK_tbl_userinfo_tbl_users` (`user_id`),
  CONSTRAINT `FK_tbl_userinfo_tbl_users` FOREIGN KEY (`user_id`) REFERENCES `tbl_users` (`user_id`)
) ENGINE=InnoDB AUTO_INCREMENT=640 DEFAULT CHARSET=latin1 COMMENT='Stores user information';

-- Dumping data for table zenoir.tbl_userinfo: ~577 rows (approximately)
/*!40000 ALTER TABLE `tbl_userinfo` DISABLE KEYS */;
INSERT INTO `tbl_userinfo` (`user_info_id`, `user_id`, `fname`, `mname`, `lname`, `email`, `autobiography`) VALUES
	(1, '2900795', 'Ariane May', 'Acosta', 'Zata', '', ''),
	(2, '2900669', 'Joemar', 'Milanes', 'Zarate', '', ''),
	(3, '2600612', 'Aprell', 'Galvez', 'Zapata', '', ''),
	(4, '1100792', 'Abegail', 'Borromeo', 'Zamoranos', '', ''),
	(5, '1100952', 'Anselmo Patrick John Ii', 'Apilado', 'Zafra', '', ''),
	(6, '1100636', 'Edwin', 'Galano', 'Yumul Jr.', '', ''),
	(7, '1001768', 'Christian Lloyd', 'Caluza', 'Ysip', '', ''),
	(8, '2900674', 'Frelyn', 'Peralta', 'Yapyapan', '', ''),
	(9, '1100898', 'Charmaine', 'Bautista', 'Waggay', '', ''),
	(10, '1002226', 'Jan Rowel', 'Abaya', 'Virocel', '', ''),
	(11, '1001733', 'Dyanne', '', 'Viray', '', ''),
	(12, '2900042', 'Stephanie Ann', 'Florendo', 'Viloria', '', ''),
	(13, '1101103', 'Gian Paolo', 'Jemenez', 'Villar', '', ''),
	(14, '2800686', 'Anthony Cleih', 'Pagatpatan', 'Villar', '', ''),
	(15, '1101422', 'Marynol', 'Sison', 'Villanueva', '', ''),
	(16, '1101192', 'Mark Gerald', 'Yip', 'Villanueva', '', ''),
	(17, '1101029', 'John Ariz', 'Baldo', 'Villanueva', '', ''),
	(18, '1002414', 'Joe Mark', 'Briones', 'Villanueva', '', ''),
	(19, '2800750', 'Jo Marie', 'Briones', 'Villanueva', '', ''),
	(20, '2601470', 'Arcely', 'Mendoza', 'Villanueva', '', ''),
	(21, '1101270', 'Karlun Luis', 'De Guzman', 'Vicente', '', ''),
	(22, '2900615', 'Johnny', 'Flores', 'Verzola', '', ''),
	(23, '2900468', 'Ralph Lenard Jaye', 'Saguan', 'Vergara', '', ''),
	(24, '2800764', 'Jeff Thomas', 'Alcantara', 'Vergara', '', ''),
	(25, '2901154', 'Kristine', 'Tarape', 'Velasco', '', ''),
	(26, '2700826', 'Arnulfo Jr.', 'Tarape', 'Velasco', '', ''),
	(27, '2900666', 'Reanza', 'Bermudez', 'Valmonte', '', ''),
	(28, '1101229', 'Donna Mae', 'Badua', 'Valmonte', '', ''),
	(29, '2900309', 'Jumel Jan', 'Borje', 'Vallejos', '', ''),
	(30, '2900338', 'Mai Shanley', 'Silva', 'Valdez', '', ''),
	(31, '2900598', 'Lady Nazarene', 'Ople', 'Urrea', '', ''),
	(32, '1100839', 'Aces Czerny', 'Gapuz', 'Untalasco', '', ''),
	(33, '1101315', 'Jeffrey', 'Estoque', 'Ubia', '', ''),
	(34, '1002858', 'Erwin Romel', 'Ventura', 'Turqueza', '', ''),
	(35, '2700312', 'Kristina Joy', 'Hufana', 'Turco', '', ''),
	(36, '1002124', 'Keen Claude Evans', 'Hufana', 'Turco', '', ''),
	(37, '2800409', 'Jacqueline', 'Bautista', 'Turalba', '', ''),
	(38, '2700747', 'Roy Gerson', 'Balcita', 'Torres', '', ''),
	(39, '1100373', 'Henson', '', 'Toquero', '', ''),
	(40, '1100862', 'Harold Kelly', 'Paguirigan', 'Togupen', '', ''),
	(41, '1100767', 'Hagen', 'Mallare', 'Timmalog', '', ''),
	(42, '2800719', 'Aaron', 'Gallardo', 'Tiamzon', '', ''),
	(43, '2900430', 'Annabel', 'Purganan', 'Terrano', '', ''),
	(44, '1100654', 'Kaile Ian', 'Marzan', 'Tejada', '', ''),
	(45, '1101589', 'Jeric Ian', 'Andrada', 'Te', '', ''),
	(46, '2800326', 'Jahn Kevin', 'Andrada', 'Te', '', ''),
	(47, '2700125', 'Tephanny', 'Gundran', 'Tangalin', '', ''),
	(48, '1002413', 'Mc Glenn', 'Gundran', 'Tangalin', '', ''),
	(49, '1101574', 'Jairuz Ken', 'Calyaen', 'Tanawe', '', ''),
	(50, '1002184', 'Mark', 'Esperanza', 'Tamani', '', ''),
	(51, '1100879', 'Anjhannel', 'Rivera', 'Tagle', '', ''),
	(52, '1101216', 'Jocelyn', 'Castro', 'Tadina', '', ''),
	(53, '1002369', 'Howell Joshua', 'Viluan', 'Tadina', '', ''),
	(54, '1002161', 'Abner', 'Bengson', 'Tadina', '', ''),
	(55, '2900705', 'Fritz', 'Mayo', 'Tabutol', '', ''),
	(56, '1101346', 'Flory Rose', 'Dela Pea', 'Tabuli', '', ''),
	(57, '1100161', 'Helen Carla', 'Bucsit', 'Tabalbag', '', ''),
	(58, '2900560', 'Jayson', 'Orejudos', 'Tabafunda', '', ''),
	(59, '1001865', 'Sheila Andrea', 'Vallebo', 'Suyat', '', ''),
	(60, '1101126', 'Stephan', 'Perez', 'Sutter Jr.', '', ''),
	(61, '1100719', 'Sheralyn', 'Andaya', 'Sung-ag', '', ''),
	(62, '1101367', 'Mark', 'Ganaden', 'Subido', '', ''),
	(63, '1100640', 'Arlyn May', 'Brioso', 'Subala', '', ''),
	(64, '1101182', 'Raymond Ardee', 'Fangon', 'Soriano', '', ''),
	(65, '1002177', 'Jose Paolo', 'Aquitania', 'Soriano', '', ''),
	(66, '2400484', 'Jennifer', 'Judan', 'Soria', '', ''),
	(67, '1002240', 'Charmaine Mae', 'Perez', 'Soria', '', ''),
	(68, '1002871', 'Noemi', 'Habon', 'Soliven', '', ''),
	(69, '2900967', 'Michael Angelo', 'Borja', 'Soliven', '', ''),
	(70, '1002401', 'Art John', 'Sappa', 'Sobrepea', '', ''),
	(71, '1002266', 'Irish', 'Garcia', 'Sobremonte', '', ''),
	(72, '2900937', 'Muhammed', 'Hidalgo', 'Sioson', '', ''),
	(73, '1101224', 'Edelyn Rose', 'De Los Reyes', 'Simon', '', ''),
	(74, '2900266', 'Nemrose Joy', 'Nacario', 'Sibayan', '', ''),
	(75, '2800483', 'Kevin Ross', 'Balanday', 'Seno', '', ''),
	(76, '1100723', 'Chiara Jane', 'Oreiro', 'Sayson', '', ''),
	(77, '1101099', 'Franzel Jay', 'Pimentel', 'Santiago', '', ''),
	(78, '1101399', 'Ruel', 'Duclayan', 'Sante', '', ''),
	(79, '2800912', 'William Artemio', 'Tongson', 'Sanglay', '', ''),
	(80, '1002911', 'Rajiv Ein', 'Arca', 'Sanedrin', '', ''),
	(81, '2801043', 'Abraham', 'Bulatao', 'Sandig', '', ''),
	(82, '2701224', 'Roselle', 'Guimba', 'Sanchez', '', ''),
	(83, '2900823', 'Letitia Lois', 'Dawi', 'Salibad', '', ''),
	(84, '1100738', 'Donnah May', 'Gaetos', 'Sales', '', ''),
	(85, '1001774', 'Renelie', 'Gaon', 'Salazar', '', ''),
	(86, '1100871', 'Dean Ezekiel', 'Gaon', 'Salazar', '', ''),
	(87, '2800960', 'Gerald', 'Apiado', 'Salanga', '', ''),
	(88, '2700964', 'Alvin Patrick', 'Flores', 'Salamanca', '', ''),
	(89, '1001876', 'Jalmes', 'Laminta', 'Sacpopo', '', ''),
	(90, '1001975', 'Jeau Rainbow Karnell', 'Bacate', 'Sacking', '', ''),
	(91, '2800164', 'Mark Oliver', 'De Los Trinos', 'Sabaria', '', ''),
	(92, '2900401', 'Mart Francis Jr.', 'Robles', 'Ruiz', '', ''),
	(93, '1002123', 'Ezelle Anne', 'Carlos', 'Rosero', '', ''),
	(94, '2900688', 'Pablo', 'Garbin', 'Rosal Iii', '', ''),
	(95, '2900740', 'Jan Vincent', 'Dominno', 'Ronquillo', '', ''),
	(96, '1101274', 'Denise Jamae', 'Arthur', 'Roman', '', ''),
	(97, '2900714', 'John Felix', 'Catbagan', 'Rodriguez', '', ''),
	(98, '1001660', 'Aprille', 'Guirnalda', 'Rodriguez', '', ''),
	(99, '1003006', 'Czarina Anne', 'Bucasas', 'Roca', '', ''),
	(100, '2900706', 'John Ronald', 'Marzo', 'Rivera', '', ''),
	(101, '1100631', 'Andrew Keanu', 'Estoque', 'Rivera', '', ''),
	(102, '2501333', 'Andrew', 'Hidalgo', 'Rivera', '', ''),
	(103, '2900844', 'Mary Joy', 'Oligo', 'Riopa', '', ''),
	(104, '2800759', 'Jezza', 'Ortiz', 'Ringor', '', ''),
	(105, '2800695', 'Richard', 'Laborte', 'Rimorin Jr.', '', ''),
	(106, '1001104', 'Racquel', 'Go', 'Rimorin', '', ''),
	(107, '2900791', 'Arjay', 'Gurion', 'Rimorin', '', ''),
	(108, '1002140', 'Angelica Lyza', 'Bartolo', 'Rimorin', '', ''),
	(109, '2700724', 'Jhon Patrick', 'Dacumos', 'Reyes', '', ''),
	(110, '2500800', 'Darlyn', 'Dacumos', 'Reyes', '', ''),
	(111, '2901040', 'Argel', 'Bueno', 'Resurreccion', '', ''),
	(112, '1002163', 'Ray Marlon', 'Prado', 'Reside', '', ''),
	(113, '2900846', 'David James', 'Besley', 'Raymundo', '', ''),
	(114, '1100227', 'John Paul', 'Flores', 'Ravina', '', ''),
	(115, '1101171', 'John April', 'Acosta', 'Raquepo', '', ''),
	(116, '1101249', 'Vener', 'Lucena', 'Ramos', '', ''),
	(117, '1100518', 'Cassandra Iris', 'Apilado', 'Ramos', '', ''),
	(118, '1100055', 'Amaya Santoni', 'Gaudia', 'Ramones', '', ''),
	(119, '1002165', 'John Ray', 'Gundran', 'Ramirez', '', ''),
	(120, '1002462', 'Edgar Ii', 'Daiwey', 'Ramirez', '', ''),
	(121, '1101612', 'Christian', 'Nio', 'Ralbovsky', '', ''),
	(122, '1002258', 'Aeron Dempster', 'Badua', 'Ragandap', '', ''),
	(123, '1100343', 'Nordy', 'Escobar', 'Rafanan', '', ''),
	(124, '1002505', 'Kristofher King', 'Fontanilla', 'Quintos', '', ''),
	(125, '1100419', 'Dindo', 'Acosta', 'Quinto', '', ''),
	(126, '2800744', 'Adrian', 'Cabato', 'Quinto', '', ''),
	(127, '2801269', 'Christian', 'Tacderas', 'Quintal', '', ''),
	(128, '2900738', 'Cara', 'Oblero', 'Purugganan', '', ''),
	(129, '2800260', 'Stephanie', 'Ninobla', 'Pulido', '', ''),
	(130, '1002219', 'Randell', 'Apilado', 'Pulido', '', ''),
	(131, '1101211', 'Pauline', 'Landingin', 'Pulido', '', ''),
	(132, '2800646', 'Daryl', 'Valentino', 'Pulido', '', ''),
	(133, '1101278', 'Mark', 'Madayag', 'Prepose', '', ''),
	(134, '1100833', 'Jefferson', 'Evangelista', 'Prepose', '', ''),
	(135, '1001745', 'Divina', 'Maala', 'Pis-ing', '', ''),
	(136, '2900913', 'King Julius', 'Echalar', 'Pinto', '', ''),
	(137, '1100432', 'Jessamine', 'Gacayan', 'Pimentel', '', ''),
	(138, '1101578', 'Cris Edward', 'Valera', 'Pimentel', '', ''),
	(139, '2900242', 'Brenton Herry', 'Denila', 'Picardal', '', ''),
	(140, '1002591', 'Paula Marie', 'Gagarin', 'Peter', '', ''),
	(141, '2900392', 'Jerwin', 'Fernandez', 'Perez', '', ''),
	(142, '2900845', 'Rhona Marie', 'Caballar', 'Peralta', '', ''),
	(143, '1100831', 'Marinel Mae', 'Alejo', 'Peralta', '', ''),
	(144, '1002903', 'Joanna Marie', 'Nacario', 'Peralta', '', ''),
	(145, '1002211', 'David Paolo', 'Tuscano', 'Peralta', '', ''),
	(146, '1101131', 'Patrick Quincy', 'Nuval', 'Peddy', '', ''),
	(147, '1000672', 'Jomar', 'Gabatino', 'Pati', '', ''),
	(148, '1002373', 'Jasper', 'Cera', 'Patajo', '', ''),
	(149, '1002556', 'Thom Bernarth', 'De Villa', 'Patacsil', '', ''),
	(150, '1100718', 'Julie Ann', 'Martinez', 'Patacsil', '', ''),
	(151, '2800886', 'Gamaliel', 'Ferrer', 'Patacsil', '', ''),
	(152, '2901246', 'Charles Vincent', 'Corpuz', 'Pascua', '', ''),
	(153, '1002125', 'Reymar', 'Espejo', 'Parpana', '', ''),
	(154, '1101047', 'Princess Jade', 'Sumayang', 'Paragas', '', ''),
	(155, '2900886', 'Mark Jay', 'Navaera', 'Paragas', '', ''),
	(156, '2800608', 'Crystal Jade', 'Sumayang', 'Paragas', '', ''),
	(157, '1101027', 'Brennise', 'Jasmin', 'Paragas', '', ''),
	(158, '1002639', 'Justine Andrew', 'Tordesillas', 'Papas', '', ''),
	(159, '2801028', 'Jono', 'Aspiras', 'Panis', '', ''),
	(160, '1101601', 'Kate', 'Cabading', 'Panillo', '', ''),
	(161, '1101599', 'Hakim', 'Follosco', 'Pangcatan', '', ''),
	(162, '2800317', 'Jonathan', 'Lustina', 'Pang-ot', '', ''),
	(163, '1101305', 'Rowena', 'Orencia', 'Panergo', '', ''),
	(164, '2800521', 'Liza Mae', 'Castillo', 'Paneda', '', ''),
	(165, '1100181', 'Regel John', 'Perado', 'Pamerol', '', ''),
	(166, '2800096', 'Mark Jed Louise', 'Pasca', 'Palustre', '', ''),
	(167, '2800830', 'Limuel', 'Mendoza', 'Palmaria', '', ''),
	(168, '2400906', 'Glaiza May', 'Obidoza', 'Palay', '', ''),
	(169, '2900654', 'Rachelle Fe', 'Sapaden', 'Palacay', '', ''),
	(170, '1002243', 'Farra Mae', 'Sapaden', 'Palacay', '', ''),
	(171, '2700616', 'Jonathan', 'Rosario', 'Pajimola', '', ''),
	(172, '2800334', 'Marilen', 'Navalta', 'Paguirigan', '', ''),
	(173, '1100159', 'Jessie', 'Manzano', 'Pagaduan', '', ''),
	(174, '2900628', 'Jerome Lawrence', 'Paz', 'Pagaduan', '', ''),
	(175, '1100967', 'Jonathan', 'Ponce', 'Padua', '', ''),
	(176, '1100928', 'Joycelle', 'Cario', 'Padilla', '', ''),
	(177, '1002372', 'Nigell Ross', 'Lim', 'Pacle', '', ''),
	(178, '2800674', 'Paul John', 'Deogracias', 'Pacis', '', ''),
	(179, '1000210', 'Princess Karla', 'Villa', 'Pacada', '', ''),
	(180, '1100434', 'Darylle Hannah', 'Tuvera', 'Ortaliza', '', ''),
	(181, '2800941', 'Raph Derreck', 'Velasco', 'Orpilla', '', ''),
	(182, '1101261', 'Sharmine Kim', 'Bataan', 'Orlina', '', ''),
	(183, '2900667', 'Efren Jr.', 'Hipol', 'Orine', '', ''),
	(184, '1100722', 'Alyssa Kaye', 'Quilates', 'Orejudos', '', ''),
	(185, '2800898', 'Jorge', 'Gaola', 'Oreiro', '', ''),
	(186, '1002004', 'Cyrus James', 'Gaola', 'Oreiro', '', ''),
	(187, '1101096', 'Jessica', 'Acibar', 'Oredina', '', ''),
	(188, '1101586', 'Jennifer', 'Soriano', 'Orallo', '', ''),
	(189, '1001615', 'Emilia Flor', 'Java', 'Orallo', '', ''),
	(190, '2900397', 'Marvin', 'Mendoza', 'Opea', '', ''),
	(191, '1101206', 'Andrew', 'Segovia', 'Onie', '', ''),
	(192, '1100655', 'Baby Tonysol', 'Paralejas', 'Omo', '', ''),
	(193, '1100876', 'Kim Arvin', 'Nalundasan', 'Oloteo', '', ''),
	(194, '2900718', 'Remal', 'Balcita', 'Oligario', '', ''),
	(195, '2800747', 'Eden', 'Castro', 'Olbinado', '', ''),
	(196, '1100834', 'Jonathan David', 'Gabatino', 'Olazo', '', ''),
	(197, '1101405', 'Gerald', 'Antonio', 'Og-oget', '', ''),
	(198, '1001661', 'Arjay', 'Leonen', 'Ofiaza', '', ''),
	(199, '1100504', 'Rhea Mae', 'Rimando', 'Ofiana', '', ''),
	(200, '2800062', 'Larra Maeh', 'Paneda', 'Ochoco', '', ''),
	(201, '1100966', 'Edison', 'Ibasitas', 'Ocampo', '', ''),
	(202, '2800500', 'John Pierre', 'Banayat', 'Obra', '', ''),
	(203, '1002242', 'Alexander Jerome', 'Lopez', 'Obejas', '', ''),
	(204, '1101010', 'Oneil', 'Ledda', 'Obar', '', ''),
	(205, '2500263', 'Richie', 'Catahan', 'Obaldo', '', ''),
	(206, '2800831', 'Marcel Francis', 'Lubina', 'Nuto', '', ''),
	(207, '1100154', 'Jan Rei Marcus', 'Alotinto', 'Nuesca', '', ''),
	(208, '2900382', 'Ed Sherwin', 'Ignacio', 'Nonog', '', ''),
	(209, '1100279', 'Marldenn Lou', 'Laudencia', 'Nocos', '', ''),
	(210, '2700767', 'Nazareth', 'Martinez', 'Noche', '', ''),
	(211, '2701070', 'Christian Lee', 'Aquino', 'Noces', '', ''),
	(212, '1101456', 'Mark Israel Jordan', 'Basa', 'Nisperos', '', ''),
	(213, '1001663', 'Jervy Kim', 'Balcita', 'Nisperos', '', ''),
	(214, '2301287', 'Hans Graham', 'Dela Cruz', 'Nisperos', '', ''),
	(215, '1002912', 'Artemio Carlo', 'Nelmida', 'Nisce', '', ''),
	(216, '1101241', 'Raineir Philip', 'Conda', 'Nimuan', '', ''),
	(217, '2800768', 'Marinor', 'Garcia', 'Nelmida', '', ''),
	(218, '2900606', 'Joshua Glemar', 'Labao', 'Nelmida', '', ''),
	(219, '2800545', 'Raisha Aiko', 'Salomon', 'Nejal', '', ''),
	(220, '1101553', 'Krystel Dianne Sushmita', 'Valmores', 'Nebres', '', ''),
	(221, '2701016', 'Jonathan', 'Imbat', 'Nebres', '', ''),
	(222, '1101408', 'Arjelyn', 'Pacleb', 'Nebalasca', '', ''),
	(223, '2900548', 'Janine', 'Mayrina', 'Nayal', '', ''),
	(224, '2900475', 'Ruth', 'Carig', 'Navarro', '', ''),
	(225, '1001116', 'Bijan', 'Valle', 'Natividad', '', ''),
	(226, '1002432', 'Alexis', 'Sabay', 'Nares', '', ''),
	(227, '1100486', 'Alexa Ann', 'Sabay', 'Nares', '', ''),
	(228, '1100650', 'Jubelle Joy', 'Manalang', 'Napeas', '', ''),
	(229, '1101267', 'Jan Rey', 'Navalta', 'Nanat', '', ''),
	(230, '1002129', 'Crystal Jane', 'Lomboy', 'Nacionales', '', ''),
	(231, '1100139', 'Lovely Anne', 'Yapit', 'Naola', '', ''),
	(232, '1002100', 'Kristine Marie', 'Eleng', 'Murillo', '', ''),
	(233, '2701093', 'Kathleen Marie', 'Eleng', 'Murillo', '', ''),
	(234, '2800903', 'Joel', 'Nuesca', 'Munar Jr.', '', ''),
	(235, '1101551', 'Katherine', 'Munar', 'Munar', '', ''),
	(236, '2800143', 'Tonilyn', 'Castillo', 'Motilla', '', ''),
	(237, '2900454', 'Joe Allan', 'Macuroy', 'Mosuela', '', ''),
	(238, '1101529', 'Adrian', 'Madarang', 'Moster', '', ''),
	(239, '2900724', 'Frixie Ray', 'Bautista', 'Mortera', '', ''),
	(240, '2600927', 'Cleo Antonette', 'Bautista', 'Mortera', '', ''),
	(241, '1101232', 'Menchie', 'Tadina', 'Morris', '', ''),
	(242, '2800994', 'Romualdo', 'Bravo', 'Morales', '', ''),
	(243, '2600537', 'Rommnick', 'Razon', 'Morales', '', ''),
	(244, '2900842', 'Rustom', 'Caasi', 'Mondina', '', ''),
	(245, '2800622', 'Sean Bryan', 'Florendo', 'Miranda', '', ''),
	(246, '2800135', 'Rolly', 'Calica', 'Miniano', '', ''),
	(247, '1101181', 'John Earvin', 'Ocaoi', 'Micumao', '', ''),
	(248, '1100353', 'Roland Julian', 'Bongolan', 'Mendoza', '', ''),
	(249, '1101478', 'Janine Carla', 'Casuga', 'Mendoza', '', ''),
	(250, '1001852', 'Swedelyn Resyl', 'Belver', 'Mencias', '', ''),
	(251, '1101317', 'Jayrick', 'De Los Trinos', 'Mencias', '', ''),
	(252, '2700908', 'Manuel', 'Orodio', 'Mejia', '', ''),
	(253, '2700248', 'Kristyn', 'Caasi', 'Medriano', '', ''),
	(254, '2900962', 'Joerey', 'Morano', 'Medina', '', ''),
	(255, '1100971', 'John Carlo', 'Cabote', 'Mazon', '', ''),
	(256, '1101277', 'Mark Angelo', 'Tabon', 'Matro', '', ''),
	(257, '2900871', 'Clarence John', 'Capucao', 'Matoza', '', ''),
	(258, '2800720', 'Jayrald', 'Samonte', 'Marzo', '', ''),
	(259, '2901180', 'Matthew', 'Balmores', 'Marzan', '', ''),
	(260, '1101273', 'Al Dino', 'Madrid', 'Marzan', '', ''),
	(261, '2900551', 'John Paul', 'Reyes', 'Marquez', '', ''),
	(262, '1101370', 'Maribel', 'Petere', 'Marias', '', ''),
	(263, '1002385', 'Yanessa', 'Rosales', 'Marcilla', '', ''),
	(264, '1002409', 'John Billy', 'Dagang', 'Marbella', '', ''),
	(265, '2800907', 'Alvin Louie', 'Urbano', 'Maraon', '', ''),
	(266, '2701142', 'Aprille Cheysser', 'Nobleza', 'Manzano', '', ''),
	(267, '2900905', 'Melanie', 'Gasmen', 'Manuel', '', ''),
	(268, '1100172', 'Jahreen', 'Tremor', 'Mangaoang', '', ''),
	(269, '2900971', 'Edriane', 'Dela Rosa', 'Maneclang', '', ''),
	(270, '1002480', 'Paul Bryan', 'Zarate', 'Manapat', '', ''),
	(271, '1001769', 'Earl Jacob', 'Bartolo', 'Manaog', '', ''),
	(272, '2800485', 'Jiezl Erika', 'Belver', 'Manangan', '', ''),
	(273, '1002985', 'Jasper', 'Tubiagon', 'Manalo', '', ''),
	(274, '2501158', 'Joel Gabriel', 'Cantila', 'Mamuyac', '', ''),
	(275, '2901286', 'Dominique', 'Casuga', 'Mamaril', '', ''),
	(276, '2800129', 'Aldrin', 'Amayag', 'Mamaril', '', ''),
	(277, '1002860', 'Dennis Patrick', 'Dangle', 'Magpali', '', ''),
	(278, '2800444', 'Federico', 'Agbuya', 'Maglayon', '', ''),
	(279, '1001951', 'Joram', 'Sabado', 'Maer', '', ''),
	(280, '1001623', 'Jefferson', 'Sion', 'Maer', '', ''),
	(281, '2900481', 'Justin Edward', 'Vinluan', 'Madrid', '', ''),
	(282, '2700214', 'Ferry Ann', 'Hernandez', 'Madrid', '', ''),
	(283, '1002439', 'John Russel', 'Lucina', 'Macuroy', '', ''),
	(284, '2900484', 'Hazel', 'Motilla', 'Macanas', '', ''),
	(285, '1101411', 'Antonio', 'Ordoo', 'Macam', '', ''),
	(286, '1101052', 'Chester', 'Sibayan', 'Maala', '', ''),
	(287, '1101012', 'Reyntesa Mae', 'Banayat', 'Lutchina', '', ''),
	(288, '1100146', 'Mylin Jo', 'Peralta', 'Lura', '', ''),
	(289, '1101193', 'Kurt Russel', 'M.', 'Lunaba', '', ''),
	(290, '2800100', 'Jell', 'Annaguey', 'Lumsod', '', ''),
	(291, '2900729', 'Mark Ray', 'Banog', 'Lumibao', '', ''),
	(292, '1101463', 'Juan Paolo', 'Tovera', 'Lumanog', '', ''),
	(293, '2801281', 'Winalyn', 'Abuan', 'Lumague', '', ''),
	(294, '2700090', 'Mark Philip', 'Lampitoc', 'Lucero', '', ''),
	(295, '1100157', 'Gemini June', 'Araboy', 'Lucena', '', ''),
	(296, '1101002', 'Alyza Dianne', 'Obra', 'Lubrica', '', ''),
	(297, '2600882', 'Mark Alvin', 'Ducusin', 'Lopez', '', ''),
	(298, '1101144', 'Dayanara Lyka', 'Osoteo', 'Lopez', '', ''),
	(299, '2800745', 'Brian Kevin', 'Gumabay', 'Lopez', '', ''),
	(300, '2800676', 'Marneliza', 'Codiamat', 'Longalong', '', ''),
	(301, '2801248', 'John Rey', 'Villar', 'Lomabao', '', ''),
	(302, '1000390', 'James Jerson', 'Oliveras', 'Llorin', '', ''),
	(303, '1100041', 'Jefferson Kyle', 'Obea', 'Liwanag', '', ''),
	(304, '1101086', 'Shan', 'Arce', 'Lim', '', ''),
	(305, '1100665', 'Jan Jaycle', 'Fernandez', 'Lictao', '', ''),
	(306, '2800723', 'Maria Lourdes', 'Rabara', 'Licos', '', ''),
	(307, '1101393', 'Gerald', 'Casuga', 'Libao', '', ''),
	(308, '2901250', 'Ulysses Jr.', 'Burgos', 'Leyva', '', ''),
	(309, '1002489', 'Lhesly', 'De Vera', 'Legaspina', '', ''),
	(310, '1101540', 'Verna Mae', 'Valdez', 'Ledda', '', ''),
	(311, '1002511', 'Allen Dave', 'Milana', 'Lazo', '', ''),
	(312, '1100903', 'Aileen Beth', 'Garabilez', 'Laygo', '', ''),
	(313, '1000226', 'Alnameth Rose', 'Corsino', 'Laudencia', '', ''),
	(314, '1101302', 'Rhenzo', 'Alnas', 'Las Marias', '', ''),
	(315, '1000204', 'Joanna Marie', 'Rivera', 'Lanuza', '', ''),
	(316, '1101147', 'Erick John', 'Fajardo', 'Lagasca', '', ''),
	(317, '1101308', 'Louise Bryan', 'Pea', 'Lacsamana', '', ''),
	(318, '1101476', 'Jerome', 'Siganay', 'Labsan', '', ''),
	(319, '1100747', 'Daryl Arvin', 'Viduya', 'Labsan', '', ''),
	(320, '1100171', 'Christopher Lou', 'Obra', 'Kusumi', '', ''),
	(321, '2900442', 'Christian Louie', 'Obra', 'Kusumi', '', ''),
	(322, '2901024', 'Dean Allison', 'Mendoza', 'Kot-om', '', ''),
	(323, '1100857', 'Crister', 'Bautista', 'Julio', '', ''),
	(324, '1002563', 'Rechel', 'Runas', 'Jucutan', '', ''),
	(325, '1100271', 'Jeihn Ailynne', 'Juanillo', 'Jucutan', '', ''),
	(326, '2800442', 'Ana Lorraine', 'Apilado', 'Jucutan', '', ''),
	(327, '1002374', 'Jaime', 'Corpuz', 'Jimeno Jr.', '', ''),
	(328, '1100225', 'Jevvonne Rose', 'Andres', 'Jaravata', '', ''),
	(329, '1100921', 'Lucky', 'Jaramilla', 'Jandoc', '', ''),
	(330, '1002367', 'Warren', 'Lacasandile', 'Jacusalem', '', ''),
	(331, '1100873', 'Britannica Jane', 'Castro', 'Jacob', '', ''),
	(332, '2800469', 'Cristal Joy', 'Aromin', 'Jacla', '', ''),
	(333, '1101191', 'Jomari', 'Fontanilla', 'Jacalne', '', ''),
	(334, '2800416', 'Princess', 'Mendoza', 'Ignacio', '', ''),
	(335, '1100812', 'Nathaniel John', 'Baggay', 'Iglesias', '', ''),
	(336, '1101016', 'Mc Kersey', 'Velasco', 'Ico', '', ''),
	(337, '2700263', 'Janella Belle', 'Estepa', 'Huliganga', '', ''),
	(338, '1001624', 'Michael Clyde', 'Valdivia', 'Hufano', '', ''),
	(339, '2800064', 'Mary Felice Corrine', 'Rillon', 'Hufana', '', ''),
	(340, '1101584', 'Mark Bryan', 'Gamba', 'Hipol', '', ''),
	(341, '1101040', 'Jonathan Ariel', 'Pasag', 'Hinayo', '', ''),
	(342, '2900261', 'Aprille Joy', 'Somera', 'Hammond', '', ''),
	(343, '1100981', 'Maricel', 'Jadormio', 'Halunajan', '', ''),
	(344, '1100622', 'Marjorie', 'Cruz', 'Hagad', '', ''),
	(345, '1100398', 'Bryan Mar', 'Vergara', 'Haban', '', ''),
	(346, '2800403', 'Charles Judd', 'Villanueva', 'Guzman', '', ''),
	(347, '2700709', 'Victor', 'Bucal', 'Guray', '', ''),
	(348, '1100975', 'Jessica', 'Bucal', 'Guray', '', ''),
	(349, '1101003', 'Kim', 'Bulawit', 'Gumilet', '', ''),
	(350, '1002896', 'Ken Earl Lee', 'Sagandoy', 'Guinayen', '', ''),
	(351, '2900865', 'Jedidiah Jc', 'Andaya', 'Gueruela', '', ''),
	(352, '2800601', 'John Joshua', 'Mamaril', 'Guerrero', '', ''),
	(353, '2300379', 'Clariz', 'Ugma', 'Guerrero', '', ''),
	(354, '1100133', 'Ranuelle Jae', 'Saguan', 'Gregorio', '', ''),
	(355, '1100847', 'Leni Grace', 'Aquino', 'Gorme', '', ''),
	(356, '2800749', 'Daisy', 'Gabatino', 'Gonzalo', '', ''),
	(357, '1101112', 'Sophia', 'Garcia', 'Gonzales', '', ''),
	(358, '2900656', 'Christian Kelvin', 'Cardinez', 'Gonzales', '', ''),
	(359, '1002210', 'Mark Kevin', 'Gacusan', 'Gonzaga', '', ''),
	(360, '2900911', 'Glenn', 'Cirilo', 'Gomintong', '', ''),
	(361, '2800540', 'Princess Cassandra', 'Mendoza', 'Gomez', '', ''),
	(362, '1001933', 'Mychael Anthony', 'Javinar', 'Gomez', '', ''),
	(363, '2800753', 'Madelene', 'Baylon', 'Godoy', '', ''),
	(364, '1001989', 'Elgay', 'Rufinta', 'Godoy', '', ''),
	(365, '2900332', 'John Philip', 'Guinomma', 'Go', '', ''),
	(366, '2801265', 'Nathaniel', 'Astrero', 'Giron', '', ''),
	(367, '2900638', 'Palmer Jr.', 'Cacdac', 'Gawaban', '', ''),
	(368, '1100749', 'Joe Mari', 'Refuerzo', 'Gatchalian', '', ''),
	(369, '1002468', 'Nholmie Gayl', 'Angdos', 'Garrido', '', ''),
	(370, '2900748', 'Hitler', 'Gonzalo', 'Garnace', '', ''),
	(371, '1101483', 'Zarah Joemarie', 'Itliong', 'Garcia', '', ''),
	(372, '1100191', 'Mac Anthony', 'Nieveras', 'Garcia', '', ''),
	(373, '2900725', 'Lourie Kris', 'Lorenzana', 'Garcia', '', ''),
	(374, '1000621', 'John Christopher', 'Velarmino', 'Garcia', '', ''),
	(375, '1001743', 'Jan Kevin', 'Maraon', 'Garcia', '', ''),
	(376, '2800147', 'Eduard', 'Raseles', 'Garcia', '', ''),
	(377, '2800871', 'Gerrald Erick', 'Abao', 'Gapuz', '', ''),
	(378, '2900449', 'Lloyd', 'Nazarro', 'Gaalon', '', ''),
	(379, '1000580', 'Romar', 'Gadiano', 'Gambala', '', ''),
	(380, '2500129', 'Werlo', 'Villanueva', 'Galvan', '', ''),
	(381, '2900650', 'Stephanie', 'Lorica', 'Galut', '', ''),
	(382, '2801069', 'Waynzel Kae', 'Tauro', 'Galleta', '', ''),
	(383, '1002499', 'Jobert', 'Dasalla', 'Galima', '', ''),
	(384, '1101371', 'Ephraim Jonathan', 'Bautista', 'Galasi', '', ''),
	(385, '2900949', 'Kathleen Jhodette', 'Delmendo', 'Galapin', '', ''),
	(386, '2800517', 'Lambert', 'Modrigo', 'Galangco', '', ''),
	(387, '2900601', 'Rustom Paolo', 'Corpuz', 'Gagtan', '', ''),
	(388, '2700169', 'Jayson', 'Karganilla', 'Gaetos', '', ''),
	(389, '2800814', 'Dexter', 'Karganilla', 'Gaetos', '', ''),
	(390, '1002913', 'Kristoffer', 'Gazo', 'Gacusan', '', ''),
	(391, '2800609', 'Lorie Anne', 'Zamoranos', 'Gacayan', '', ''),
	(392, '1101081', 'Gwendoleen', 'Longboy', 'Gacayan', '', ''),
	(393, '2900779', 'Edgar Allan', 'Balbin', 'Gacayan', '', ''),
	(394, '1101271', 'John Ryan', 'Verano', 'Gabat', '', ''),
	(395, '1100281', 'Rian Amor', 'Buccat', 'Funesto', '', ''),
	(396, '1002030', 'Winnie Lyn', 'Panganiban', 'Frutas', '', ''),
	(397, '2800361', 'Lucina Krystel', 'Estioco', 'Frijas', '', ''),
	(398, '1100859', 'Sherwin', 'Ventura', 'Frigillana', '', ''),
	(399, '1002253', 'Elijah', 'Ambrocio', 'Fresnillo', '', ''),
	(400, '1002071', 'Lovelyn', 'Agustin', 'Francisco', '', ''),
	(401, '1001095', 'Rachelle May', 'Valdez', 'Flores', '', ''),
	(402, '1001827', 'Mary Joyce', 'Rodriguez', 'Flores', '', ''),
	(403, '1000456', 'Jonel', 'Baingan', 'Flores', '', ''),
	(404, '2600639', 'Johannes Alexis', 'Terrenal', 'Flores', '', ''),
	(405, '2900558', 'Jerson', 'Nones', 'Flores', '', ''),
	(406, '1100817', 'Idwel', 'Gabatin', 'Flores', '', ''),
	(407, '2900325', 'Bren Troy', 'Medina', 'Flores', '', ''),
	(408, '2600692', 'Angelica', 'Eral', 'Flores', '', ''),
	(409, '1002987', 'Roy', 'Galleta', 'Florendo', '', ''),
	(410, '2900445', 'Perlita', 'Abellera', 'Florendo', '', ''),
	(411, '1002558', 'Mc Liendle', 'Ordoez', 'Florendo', '', ''),
	(412, '2900444', 'Marjan', 'Hate', 'Ferrer', '', ''),
	(413, '2700749', 'Eric', 'Soriano', 'Fernandez', '', ''),
	(414, '2701116', 'Alvin', 'Genove', 'Fernandez', '', ''),
	(415, '1101094', 'Rionelle', 'Apilado', 'Fangonil', '', ''),
	(416, '2900814', 'Maria Jessica', 'Supsup', 'Fajardo', '', ''),
	(417, '2300782', 'Diana Joy', 'Licudine', 'Fajardo', '', ''),
	(418, '2800233', 'Alecka Mae', 'Dumalanta', 'Fajardo', '', ''),
	(419, '2800937', 'Ralph Louie', 'Barnachea', 'Fabro', '', ''),
	(420, '2800421', 'Daryl Jason', 'Pedragoza', 'Eusebio', '', ''),
	(421, '1001906', 'Ian Lester', 'Balanon', 'Estolas', '', ''),
	(422, '2800673', 'Fil Allen', 'Calub', 'Estillore', '', ''),
	(423, '1100700', 'Reymel', 'Abubo', 'Estigoy', '', ''),
	(424, '1000206', 'Charmaine', 'Campos', 'Estigoy', '', ''),
	(425, '2900465', 'Ma.fe', 'Andrada', 'Espaola', '', ''),
	(426, '1002009', 'Ervin', 'Munar', 'Enguito', '', ''),
	(427, '2801042', 'Daryl', 'Costales', 'Egar', '', ''),
	(428, '2800779', 'Ritchelda May', 'Yapit', 'Ebueza', '', ''),
	(429, '2900443', 'John Paul', 'Galvez', 'Ebreo', '', ''),
	(430, '1002206', 'Christine', 'Villanueva', 'Dy', '', ''),
	(431, '2900809', 'Aura Dominique', 'Ducusin', 'Dumaguin', '', ''),
	(432, '1101246', 'Marc Lester', 'Dy', 'Duluea', '', ''),
	(433, '2800665', 'Keith Coleen', 'Peralta', 'Dulos', '', ''),
	(434, '1002316', 'Vergel', 'Marcella', 'Ducusin', '', ''),
	(435, '2800577', 'Noel Jerick', 'Sanchez', 'Ducusin', '', ''),
	(436, '1002651', 'Jansen', 'Casio', 'Ducusin', '', ''),
	(437, '2800259', 'Leanne', 'Salapio', 'Duclayan', '', ''),
	(438, '1002656', 'Jo Leo', 'Cortez', 'Dosono', '', ''),
	(439, '1002398', 'Gerline Joy', 'Galapon', 'Donato', '', ''),
	(440, '2800711', 'Roderick', 'Ordanza', 'Diza', '', ''),
	(441, '2900413', 'Deo Angelo', 'Orpilla', 'Disu', '', ''),
	(442, '2800838', 'Princess Jane', 'Deondo', 'Diestro', '', ''),
	(443, '1002337', 'Redentor', 'Galsa', 'Dictaan', '', ''),
	(444, '1100919', 'Noel Anthony', 'Rimas', 'Diaz', '', ''),
	(445, '1101055', 'Sunshine', 'Manangbao', 'Deompoc', '', ''),
	(446, '1002488', 'Maysie', 'Salvador', 'Delmonte', '', ''),
	(447, '1002955', 'Markman', 'Cariaso', 'Delfinado', '', ''),
	(448, '2701449', 'Angelito Jr.', 'Sebastian', 'Dela Cruz', '', ''),
	(449, '2800819', 'Jay-r Gil', 'Canzon', 'Dejos', '', ''),
	(450, '1100721', 'Jezz Nicholus', 'Soria', 'De Vera', '', ''),
	(451, '1100687', 'Vina', 'Holt', 'De Guzman', '', ''),
	(452, '2900318', 'Axl Ross', 'Flores', 'De Guzman', '', ''),
	(453, '1000207', 'Aldwin John', 'Angeles', 'De Guzman', '', ''),
	(454, '2900869', 'Sean Kelvin', 'Navarro', 'Dauz', '', ''),
	(455, '2800594', 'Jeamil', 'Oreiro', 'Daryanani', '', ''),
	(456, '1001976', 'Jan Ray', 'Ancheta', 'Danao', '', ''),
	(457, '1100283', 'Maita', 'Bactol', 'Dacumos', '', ''),
	(458, '1002351', 'Mariz', 'Villanueva', 'Dacanay', '', ''),
	(459, '2800653', 'Yzra Mericar', 'Laeyan', 'Cruz', '', ''),
	(460, '1002060', 'Clarissa', 'Alotinto', 'Cruz', '', ''),
	(461, '2300940', 'Raydame', 'Subala', 'Cortez', '', ''),
	(462, '2600796', 'Mark Anthony', 'Sandaga', 'Cortez', '', ''),
	(463, '2900645', 'Marielle Carmina', 'Gorospe', 'Cortado', '', ''),
	(464, '1001946', 'Rolly', 'Carbonell', 'Corsino Jr.', '', ''),
	(465, '2800724', 'Marjorie', 'Quiocho', 'Corpuz', '', ''),
	(466, '2900157', 'Kynjay', 'Preposi', 'Corpuz', '', ''),
	(467, '1100282', 'John Lorenz', 'Guevarra', 'Corpuz', '', ''),
	(468, '1101184', 'Edward', 'Nisperos', 'Corpuz', '', ''),
	(469, '1100818', 'Carlos John', 'Apolinar', 'Corpuz', '', ''),
	(470, '2801272', 'Christopher Paul', 'Oblino', 'Copeland', '', ''),
	(471, '2900398', 'Bj June', 'Taningco', 'Coloma', '', ''),
	(472, '1101332', 'Franz Pachino', 'Bersamin', 'Colet', '', ''),
	(473, '1002261', 'Mark Timothy', 'Tingdan', 'Cisnero', '', ''),
	(474, '1002906', 'Luer', 'Manzano', 'Ciabal', '', ''),
	(475, '2800471', 'Maricel', 'Turalba', 'Chico', '', ''),
	(476, '2901265', 'Marvin', 'Martinez', 'Cheng', '', ''),
	(477, '2800865', 'Christopher', 'Astocia', 'Ceralde', '', ''),
	(478, '1100925', 'Nhielrose', 'Torio', 'Celeste', '', ''),
	(479, '1100861', 'Karl Angelo', 'Saribay', 'Cayabyab', '', ''),
	(480, '2900067', 'Lailane Antonnete', 'Nicolas', 'Casugay', '', ''),
	(481, '2900554', 'Cherry Ann', 'Criste', 'Casugay', '', ''),
	(482, '2800296', 'Junerey', 'Flores', 'Casuga', '', ''),
	(483, '2900478', 'Angelika', 'Apilado', 'Casuga', '', ''),
	(484, '1002179', 'Jolan Rey', 'Cario', 'Castillo', '', ''),
	(485, '1002949', 'Gerald', 'Marcelino', 'Castillo', '', ''),
	(486, '2800807', 'Dionisio Iii', 'Dizon', 'Castillo', '', ''),
	(487, '1101041', 'Dan O\'neal', 'Novalez', 'Castillo', '', ''),
	(488, '1001671', 'Katherine', 'Macadaeg', 'Casison', '', ''),
	(489, '2800193', 'Kim Han Piell', 'Pasca', 'Carmelo', '', ''),
	(490, '2800980', 'Rolando', 'Reyes', 'Cario', '', ''),
	(491, '1002448', 'Hanna Marie', 'Tampos', 'Cario', '', ''),
	(492, '2900146', 'Ericson', 'Cortez', 'Cario', '', ''),
	(493, '2800457', 'Princess Czarina', 'Caluza', 'Cariaso', '', ''),
	(494, '2901264', 'Leomel', 'Delfinado', 'Cariaso', '', ''),
	(495, '1002010', 'Anne Crishell', 'Parchamento', 'Cargo', '', ''),
	(496, '2800717', 'Kelvin', '', 'Cardona', '', ''),
	(497, '1002249', 'Deborah Mae', 'Og-oget', 'Carbonell', '', ''),
	(498, '1101207', 'Benjan Ray', 'Pacudan', 'Canindo', '', ''),
	(499, '2800546', 'Xyrous Oxford', 'Ayson', 'Camus', '', ''),
	(500, '2600726', 'Karl Jasper', 'Macapinlac', 'Camaya', '', ''),
	(501, '2900408', 'Edison', 'Turalba', 'Camat', '', ''),
	(502, '2900644', 'Rahimah Glysa', 'Hipolito', 'Caluza', '', ''),
	(503, '2800344', 'Carlo', 'Mallari', 'Calulut', '', ''),
	(504, '2900662', 'Michael', 'Marquez', 'Calub', '', ''),
	(505, '1001625', 'Dale Ii', 'Aes', 'Calderon', '', ''),
	(506, '2800669', 'Jerome Matthews', 'Ventura', 'Calayag', '', ''),
	(507, '1002183', 'Mark Joseph', 'Cabamungan', 'Cafa', '', ''),
	(508, '2800567', 'Lester Luo', 'Agpawa', 'Cadaoas', '', ''),
	(509, '1002164', 'April Kim', 'Patacsil', 'Cacdac', '', ''),
	(510, '1002516', 'Tristan Jerome', 'Anical', 'Cacanindin', '', ''),
	(511, '2800464', 'Christian Robert', 'Lopez', 'Cabrera', '', ''),
	(512, '1001667', 'Madelaine', 'Apostol', 'Cabero', '', ''),
	(513, '1001656', 'Shermaine Aubrey', 'Tolentino', 'Cabalo', '', ''),
	(514, '2900636', 'Jesli', 'Manabat', 'Cabading', '', ''),
	(515, '1002062', 'Daeve Darryl', 'Bagamaspad', 'Cabading', '', ''),
	(516, '2800368', 'Renz Reiner', 'Guillermo', 'Bustillos', '', ''),
	(517, '1101139', 'Andrei', 'Lamadrid', 'Bunoan', '', ''),
	(518, '1003009', 'Jizel Joy', 'Bautista', 'Bumatay', '', ''),
	(519, '2800809', 'Sydney', 'Arellano', 'Bulong', '', ''),
	(520, '2801000', 'Francis Jerielle', 'Colcol', 'Bullon', '', ''),
	(521, '2700997', 'Bensel Felix', 'Abuan', 'Bulid', '', ''),
	(522, '1101300', 'Kristel Grace Marie', 'Nonesa', 'Buenio', '', ''),
	(523, '1002073', 'Melinda', 'Almoite', 'Bucsit', '', ''),
	(524, '1002173', 'Marc Kevin', 'Lopez', 'Buccat', '', ''),
	(525, '2800606', 'Janry Gil', 'Queriquencia', 'Buccat', '', ''),
	(526, '2800486', 'Angel Mark', 'Torres', 'Buccat', '', ''),
	(527, '1002646', 'Mark John', 'Taguinod', 'Bucasas', '', ''),
	(528, '2900981', 'Jenalyn', 'Galvez', 'Briones', '', ''),
	(529, '1100732', 'Corina', 'Martinez', 'Borje', '', ''),
	(530, '2900959', 'Sunshine', 'Domingo', 'Boocan', '', ''),
	(531, '2800498', 'Janus Jr.', 'Calina', 'Bolaoit', '', ''),
	(532, '1002050', 'Rheimar Joseph', 'Reyes', 'Boado', '', ''),
	(533, '1002600', 'Mary Grace', 'Ancheta', 'Boado', '', ''),
	(534, '1101428', 'Jean Victor', 'Lopez', 'Bilaoen', '', ''),
	(535, '1101366', 'Josiphiah Joy', 'Dimagiba', 'Berroya', '', ''),
	(536, '1002222', 'Rodel', 'Velasco', 'Bernal', '', ''),
	(537, '2700150', 'Elen', 'Flores', 'Bermas', '', ''),
	(538, '2600576', 'Ed Carlo', 'Ancheta', 'Benavidez', '', ''),
	(539, '2800211', 'Anna Ilaissa', 'Ancheta', 'Benavidez', '', ''),
	(540, '1101323', 'Drazzen Dale', 'Cario', 'Belsa', '', ''),
	(541, '1002029', 'Denver John', 'Corpuz', 'Baylon', '', ''),
	(542, '1002037', 'Glenn Roy', 'Dulatre', 'Bautista', '', ''),
	(543, '2800844', 'Christopher Rey', 'Quilana', 'Bautista', '', ''),
	(544, '1101279', 'Adan Genesis', 'Ligaten', 'Bautista', '', ''),
	(545, '2900713', 'Francis Aldrin Apollo', 'Quilacio', 'Baterina', '', ''),
	(546, '2700925', 'Alvin', 'Paneda', 'Basbas', '', ''),
	(547, '1100038', 'Roxanne', 'Venus', 'Barnachea', '', ''),
	(548, '2701455', 'Joefrey', 'Acosta', 'Barnachea', '', ''),
	(549, '1101268', 'Calvin', 'Maniti', 'Barbadillo', '', ''),
	(550, '1100278', 'Veejay Boy', 'Ancheta', 'Banaag', '', ''),
	(551, '1002904', 'Gladys May', 'Cayabyab', 'Bambao', '', ''),
	(552, '1001654', 'Shan Elmer', 'Ramos', 'Balmaa Jr.', '', ''),
	(553, '2900185', 'Jenny-ann', 'Mecos', 'Ballocanag', '', ''),
	(554, '1101330', 'Camille Joy', 'Albis', 'Baldonadi', '', ''),
	(555, '1101378', 'Keiffer', 'Lopez', 'Balcita', '', ''),
	(556, '1002061', 'Johnson', 'Gayo', 'Balcita', '', ''),
	(557, '1002699', 'Ronnel', 'Ticano', 'Balanon', '', ''),
	(558, '1100580', 'John Michael', 'Ducusin', 'Balanon', '', ''),
	(559, '1002681', 'John Alfred Iii', 'Acosta', 'Balanon', '', ''),
	(560, '2800800', 'Jayvee', 'Cadigal', 'Balanon', '', ''),
	(561, '1001692', 'Dresdain', 'Ramos', 'Balangue', '', ''),
	(562, '1100666', 'Ericka Camille', 'Padilla', 'Balagot', '', ''),
	(563, '2900954', 'Kevin', 'Almojuela', 'Balagbagan', '', ''),
	(564, '2800098', 'Kristel', 'Lazan', 'Bagay', '', ''),
	(565, '1002271', 'Carlson Olivier', 'Matabia', 'Badua', '', ''),
	(566, '2801017', 'Benedicto Jr.', 'Sison', 'Badua', '', ''),
	(567, '2900349', 'Roxy Pearl', 'Pulido', 'Bacolong', '', ''),
	(568, '1001609', 'Beverlyn', 'Hailar', 'Bacani', '', ''),
	(569, '2800955', 'Delma Shelou', 'Baguitan', 'Avisa', '', ''),
	(570, '1001727', 'Shanti-mar', 'De Guzman', 'Austria', '', ''),
	(571, '1000330', 'Marjohn Benedick', 'Alusen', 'Arugay', '', ''),
	(572, '1002897', 'Russel', 'Antonio', 'Arreola', '', ''),
	(573, '2900651', 'Shanice', 'Dulay', 'Aromin', '', ''),
	(574, '1101167', 'Gian Francis', 'Gacayan', 'Arnillo', '', ''),
	(575, '1101432', 'Marionne Crisner', 'Etrata', 'Argame', '', ''),
	(576, '2600897', 'Shella Ruby', 'Fonacier', 'Arellano', '', ''),
	(577, '1100280', 'Maureen Jones', 'Miranda', 'Arcitio', '', ''),
	(578, '2900722', 'Rey Jefferson', 'Sosa', 'Aquino', '', ''),
	(579, '2600996', 'El-jay', 'Flores', 'Aquino', '', ''),
	(580, '1002208', 'Brianne Mark', 'Tatunay', 'Aquino', '', ''),
	(581, '2800796', 'Paul', 'Toralba', 'Apilado', '', ''),
	(582, '1001886', 'Nico Pochollo', 'Manuel', 'Apilado', '', ''),
	(583, '1001627', 'Mc Harvey', 'Casuga', 'Apilado', '', ''),
	(584, '1002148', 'Harold', 'Genese', 'Apilado', '', ''),
	(585, '1001657', 'Darlene', 'Acierto', 'Apilado', '', ''),
	(586, '2900342', 'Crystal Joy', 'Pin', 'Apilado', '', ''),
	(587, '2800726', 'Neil Jordan', 'Aspiras', 'Antonio', '', ''),
	(588, '1001856', 'Brian', 'Buccat', 'Angyang', '', ''),
	(589, '2801271', 'Jan Michael', 'Marcelo', 'Andrada', '', ''),
	(590, '2800570', 'Wernher-bel', 'Prudencio', 'Ancheta', 'vbdotnetnrew@gmail.com', 'Nothing'),
	(591, '2800604', 'Jan Lester', 'Pajimola', 'Ancheta', '', ''),
	(592, '2800746', 'Hazel Harriet', 'Aban', 'Ancheta', '', ''),
	(593, '1001837', 'Christian Paulle', 'Tamayo', 'Ancheta', '', ''),
	(594, '2901032', 'Alran', 'Ducusin', 'Ancheta', '', ''),
	(595, '1002282', 'Claudine', 'Sonson', 'Anague', '', ''),
	(596, '1002472', 'Leah Gabrielle', 'Hombrebueno', 'Amparo', '', ''),
	(597, '1001058', 'Roderica Joy', 'Nureal', 'Ambat', '', ''),
	(598, '2700295', 'Raquel', 'Lambino', 'Alviar', '', ''),
	(599, '2800034', 'Mark Anthony', 'Acosta', 'Alviar', '', ''),
	(600, '1100374', 'John Paul', 'Maramag', 'Altis', '', ''),
	(601, '1101259', 'Anjealyn', 'Aquino', 'Alquiza', '', ''),
	(602, '2900065', 'Arriane Louise', 'Diaz', 'Almojuela', '', ''),
	(603, '1002041', 'Raymart', 'Tandoc', 'Almoite', '', ''),
	(604, '2500671', 'Michael', 'Gaudia', 'Almoite', '', ''),
	(605, '2701071', 'Mark Dominic', 'Antalan', 'Almoite', '', ''),
	(606, '2601290', 'John Paul', 'De Chavez', 'Almoite', '', ''),
	(607, '2800852', 'Bryan Crhys', 'Quibote', 'Almodovar', '', ''),
	(608, '2900938', 'Matthew', 'Masancay', 'Almerol', '', ''),
	(609, '2900538', 'Daryl', 'Monje', 'Alimpia', '', ''),
	(610, '1100912', 'Rudolph', 'Ancheta', 'Alcantara', '', ''),
	(611, '2800868', 'Rhea', 'Sunio', 'Agudilla', '', ''),
	(612, '2700569', 'Jesianne', 'Diza', 'Agpasa', '', ''),
	(613, '1101257', 'Ma. Gregoria', 'Ancheta', 'Aggang', '', ''),
	(614, '1101610', 'Mary Jane', 'Abat', 'Agcopra', '', ''),
	(615, '1002294', 'Kirk Angelo', 'Esca0', 'Advincula', '', ''),
	(616, '2900737', 'Rio Dyan', 'Balcita', 'Adviento', '', ''),
	(617, '2700578', 'Stanley', 'Opea', 'Adorna', '', ''),
	(618, '2700170', 'Eldon', 'Mariano', 'Abubo', '', ''),
	(619, '2900048', 'Mc Levi', 'La Madrid', 'Abuan', '', ''),
	(620, '1002612', 'Jonathan', 'Munar', 'Abuan', '', ''),
	(621, '2800179', 'Jomar', 'Barberan', 'Abuan', '', ''),
	(622, '2900543', 'Jezz Rael', 'Barnachea', 'Abuan', '', ''),
	(623, '1002405', 'Julius', 'Garcia', 'Ablao', '', ''),
	(624, '1100703', 'Elihoenai Grace', 'Belen', 'Abenoja', '', ''),
	(625, '2801047', 'Angelle Ann', 'Soriano', 'Abenes', '', ''),
	(626, '2900727', 'Gigi', 'Tejada', 'Abella', '', ''),
	(627, '1001855', 'Michael Jay', 'Rodriguez', 'Abat', '', ''),
	(628, '1002324', 'Jethro', 'Rimando', 'Abagao', '', ''),
	(629, '1100854', 'Reu Mark', 'Briones', 'Abad', '', ''),
	(630, '1100804', 'Jeremy Jen', 'Cabinar', 'Abad', '', ''),
	(631, '72', 'WWW', 'PP', 'AAA', '', ''),
	(632, '111', 'de', 'fc', 'ee', '', ''),
	(633, 'ALIMASAG', 'ELVIS', 'PRECY', 'LOUIE', '', ''),
	(634, '1100146', '', '', '', '', ''),
	(636, '98', 'Wern', 'Prudencio', 'Ancheta', 'ancheta.wern@gmail.com', 'I\'m the administrator'),
	(637, 'Zen', 'Zen', 'Ki', 'Chi', '', ''),
	(638, 'remy', 'remy', 'sho', 'sharp', '', 'I\'m a Polgov Teacher'),
	(639, '11', 'Fong', 'Zenroi', 'Roi', '', '');
/*!40000 ALTER TABLE `tbl_userinfo` ENABLE KEYS */;


-- Dumping structure for table zenoir.tbl_users
CREATE TABLE IF NOT EXISTS `tbl_users` (
  `user_id` varchar(50) NOT NULL,
  `hashed_password` varchar(32) NOT NULL,
  `user_type` tinyint(1) NOT NULL,
  `logged_in` tinyint(1) NOT NULL,
  PRIMARY KEY (`user_id`)
) ENGINE=InnoDB DEFAULT CHARSET=latin1 COMMENT='This stores user login information';

-- Dumping data for table zenoir.tbl_users: ~679 rows (approximately)
/*!40000 ALTER TABLE `tbl_users` DISABLE KEYS */;
INSERT INTO `tbl_users` (`user_id`, `hashed_password`, `user_type`, `logged_in`) VALUES
	('1000204', '13509d80b726dca4342d9fe449db8a1f', 3, 0),
	('1000206', '99b628ea2a0f8e64ab626189f62a306b', 3, 0),
	('1000207', 'abf77463d4d5985d2f95d80804424e70', 3, 0),
	('1000210', '151dcb3569ed5f405276f412d0b5b4d7', 3, 0),
	('1000226', '9766433eeb3950b87193d9df8b57d52c', 3, 0),
	('1000330', '1b24c872ea658ebd08c92681b27ae4ec', 3, 0),
	('1000390', '2b9bfa109d2e096e03458b04f3c3eec0', 3, 0),
	('1000456', '4a990cf821b031380bb4c373d2a37cde', 3, 0),
	('1000580', 'f6f68f67b3a803f8284427876a204d7b', 3, 0),
	('1000621', '0f094f97c790542bcef74115f0f5ea2a', 3, 0),
	('1000672', '4f0d34b1e87f5fd5b41814833f98f85a', 3, 0),
	('1001058', 'f0b86f33cd49dd4e31d581a4e4f87fdc', 3, 0),
	('1001095', 'c88c65f685f4d2ae309919b7f0fcbed2', 3, 0),
	('1001104', '64aefc1a235cb12fdbd39032987e4cac', 3, 0),
	('1001116', 'c14959c12a08735b114272e227117457', 3, 0),
	('1001609', '5230d03225e5857f4d0a230bfefca4a7', 3, 0),
	('1001615', '3b28b6e3e3bb94aeefab7f403fabe302', 3, 0),
	('1001623', '25a49eb6af221168b8e889d8fb2fd2e3', 3, 0),
	('1001624', 'caf0fd179939f4cf3b54a85d101c10b5', 3, 0),
	('1001625', 'cdae1f535936679b9fe6f24429bb8c1d', 3, 0),
	('1001627', '993d9e81dead85cf3173adc5a17357bd', 3, 0),
	('1001654', 'a30c3bd6a21656449b11c4aede2fd320', 3, 0),
	('1001656', 'd9a8c60b70589f5abf1a469044992f52', 3, 0),
	('1001657', 'f62c4888ff1a7ba06b56094ace62a4f8', 3, 0),
	('1001660', 'c0274147f6115484bb956f3bd3f473d0', 3, 0),
	('1001661', '7739a90ddcd3fefe7160a46c2db52405', 3, 0),
	('1001663', '2073f6ea99da56b01dc51e23e3ae9d04', 3, 0),
	('1001667', '8f36cd1b186c17603cc5900c49290d1d', 3, 0),
	('1001671', '0f6d364c837301c2ea79b5293767b9f9', 3, 0),
	('1001692', 'b63484dbe19b8a7f8efc6e1b70fadef2', 3, 0),
	('1001727', '0a13b4b2c5f2ed99502d85281e664ecf', 3, 0),
	('1001733', 'e3e6fca302e3857dd7fff0e3e4bb2cfc', 3, 0),
	('1001743', 'e900113b6d041b786228946e6cd78077', 3, 0),
	('1001745', '4be7b0300477917a591b9b48e7ee212d', 3, 0),
	('1001768', '4c6f75744b7c0fcaef1ea5da81fc3c39', 3, 0),
	('1001769', '141e0eb89a52c4eb46339791be3bcda8', 3, 0),
	('1001774', 'f640747ad60f73e664170444c0f6729b', 3, 0),
	('1001827', '2616ea64f6813ef8984d509710bcfd24', 3, 0),
	('1001837', '945f8962da0e781f8cc51c50451f6ad0', 3, 0),
	('1001852', '2fc8c7be5d1d3290767ceefa967043e6', 3, 0),
	('1001855', '60ab4b98b1e694c112bcbee8690668e4', 3, 0),
	('1001856', '089c669f07a4174d8638936599a28a42', 3, 0),
	('1001865', '886fabd14e6b3ed47d62eec17e2ec7f6', 3, 0),
	('1001876', '4ab6586f85cd4b89924ef4001f94aebe', 3, 0),
	('1001886', '93d0fca3bbc4acaaad90d52db30dbae6', 3, 0),
	('1001906', 'c0d3a9a57bef9ad215a849d7c23fbf3a', 3, 0),
	('1001933', '9a24dcd7e5d5b05c0fff41b6f5addab9', 3, 0),
	('1001946', 'f8157ecbe015a703d934a8200b9e3a03', 3, 0),
	('1001951', 'c35444a6274533839bf6f1e1f01f62da', 3, 0),
	('1001975', 'fc22e64c433a083adaef36f9a9e50f46', 3, 0),
	('1001976', '3e3ac84ea6680c1d697905f3a6597711', 3, 0),
	('1001989', '16649020e0a2aca621743aa69c33cb9d', 3, 0),
	('1002004', 'ec00d4d349aa942f2dcf90c8ba7c7c4e', 3, 0),
	('1002009', 'a0b1f4501e754220e0316951f30fd606', 3, 0),
	('1002010', '2041a530a9a11e79dce23a0b2df39c04', 3, 0),
	('1002029', 'f4dbe73d59a5828babdca3a2fcb3e24f', 3, 0),
	('1002030', 'ec4b896a9e8df1a5a80a78b526e9cec2', 3, 0),
	('1002037', '70e82fdb69dbb5221a577f1b5a11cc49', 3, 0),
	('1002041', '2655c04789cf5a9171e30a999502174b', 3, 0),
	('1002050', 'a4545eb0f4c7e3def4b45e515d3c9d55', 3, 0),
	('1002060', 'e3eab0571dd0658b1b38a1fb63324b2d', 3, 0),
	('1002061', '51259d64515088e10ca228934a60f05a', 3, 0),
	('1002062', 'a643e00de2a32fdde3228cf80eba19b3', 3, 0),
	('1002071', '12b9003e2e341d0a1292874af1cbdd69', 3, 0),
	('1002073', '06db7d09cd79211dc6d57137450e0d44', 3, 0),
	('1002100', '1701357ca6eeaa919ee65d1861ee19bb', 3, 0),
	('1002123', '348bfaaf9ef61949ec118a6ceaf21e96', 3, 0),
	('1002124', '90a585a217db58606abb91e0bd6850ad', 3, 0),
	('1002125', 'ad2088b086dfc98f918a37e8fa32fcf3', 3, 0),
	('1002129', '92903a556e28098646affbc9270ed95b', 3, 0),
	('1002140', 'a57405fb9078626b34b3860f54cafab5', 3, 0),
	('1002148', '3804ff1eed6555935c307b796d8be5ce', 3, 0),
	('1002161', '57bcb19367a9eab04fc7df128b5d31bf', 3, 0),
	('1002163', '572e76ce55bdd009c735552a490cb62b', 3, 0),
	('1002164', '76f55f3e99a92f91a39d3a81b1e5190e', 3, 0),
	('1002165', '9bd25d9b65f4f91dd73e5942d0a06a68', 3, 0),
	('1002173', '454852f33f6607e944ffd3b9425ea72f', 3, 0),
	('1002177', '1617b631eab186e1f253c6c03c64ee98', 3, 0),
	('1002179', '199aa6262081196b80b7f3e40cd4fec7', 3, 0),
	('1002183', 'c39d7b911e902af38634169cd24223f9', 3, 0),
	('1002184', '38e0ff212c61fa57064127c472116fbc', 3, 0),
	('1002206', 'a762f43f12a035ed81cdd80adf80393b', 3, 0),
	('1002208', '6726b55222ef357d40ae0591755374d1', 3, 0),
	('1002210', 'c2f2dee2fb24f6684b877477b731b203', 3, 0),
	('1002211', '30513037431e7e5f980ecc6e142d9345', 3, 0),
	('1002219', '66c1d6e24d538c052f33b08732be3128', 3, 0),
	('1002222', 'bad6ea8775886e356ca45e577a570adb', 3, 0),
	('1002226', '059f4f9f61b686f7290bfa3df25af315', 3, 0),
	('1002240', '4d8bdb1277b84ebd39ecfcff95518cdd', 3, 0),
	('1002242', '3e48546e0fc106be58f3286b73cb0459', 3, 0),
	('1002243', '0e65bd4e537c58d989bac57cca26ca09', 3, 0),
	('1002249', '032632db5561d2441860a60624f85508', 3, 0),
	('1002253', 'e6efe176d057ef747c77904878bf4b5a', 3, 0),
	('1002258', '0bf7bc216a091b3511aaac577168d388', 3, 0),
	('1002261', '850d0ecfa2c2e6e4dce8e4dbe08821b6', 3, 0),
	('1002266', '1a910df63863dc80418e146e3a36435d', 3, 0),
	('1002271', '02406285283ae6008de585af2cb14234', 3, 0),
	('1002282', 'a055e2e24a20e93a319ae16b510cff52', 3, 0),
	('1002294', 'b31dba33f5cf2979484b68822392d783', 3, 0),
	('1002316', '8fb6099ca87dbea8e578d4ae7e01b026', 3, 0),
	('1002324', '8fb1ecdb3d5899bf8025661e80ba048c', 3, 0),
	('1002337', '8ccf743bdd22c7de8cc65ec81edf79d0', 3, 0),
	('1002351', 'bb150bc4f682216618f1812249ccb4ed', 3, 0),
	('1002367', '0d53ed3ccb0465102dbecc08413de2d4', 3, 0),
	('1002369', 'af1aa9545a97cd7757a04c267ab93001', 3, 0),
	('1002372', 'd1c665d849c278de1d17640535a9ab57', 3, 0),
	('1002373', 'b5ac0b93da30a0a01c7b830064b3161d', 3, 0),
	('1002374', '1e5314b3023989f23f4d105ec2c8a763', 3, 0),
	('1002385', '775d158c28c5352798bf998c52794fcb', 3, 0),
	('1002398', '24af8fe360c0100757e55912545ff1e6', 3, 0),
	('1002401', 'efc65d0535d6ca7d60f84bc85e12680f', 3, 0),
	('1002405', 'b3151ceee68c572e759edd88b6b9a1c1', 3, 0),
	('1002409', '7c84bc7098bee5d32eaadeef402adfdb', 3, 0),
	('1002413', 'dee754317f93b78127466d46e4407175', 3, 0),
	('1002414', '68726a14045ef9d0d5ca719cb9f76ad4', 3, 0),
	('1002432', '3555874777b414ce7fc0242d54656ce3', 3, 0),
	('1002439', '248bb62acd4619871a969a6d995604c4', 3, 0),
	('1002448', '691bfd23ade0f676ba5e197f1d5e9746', 3, 0),
	('1002462', '07d8c1993a66bc75655789f3b067b566', 3, 0),
	('1002468', '84ee9d40ca0bcb0bae243a2c86bc14ee', 3, 0),
	('1002472', 'a20d9b6e1bbfdac1c4c1219949b34895', 3, 0),
	('1002480', '47902703938916549b91347574cf53dc', 3, 0),
	('1002488', '086d962a77b038244e8e2bead1a8bddb', 3, 0),
	('1002489', '45eeeecea44591e61c130223915d5438', 3, 0),
	('1002499', '60614df0d783ab3562adba60dcb07a14', 3, 0),
	('1002505', '26f359b249b1f541daaf6408b73d60d3', 3, 0),
	('1002511', '971fdce755640b988ae8f01733cd1f73', 3, 0),
	('1002516', '4d9fe486e72244460ff203485f88baa3', 3, 0),
	('1002556', 'd673fdd25c25e486ea5c5cc65fe40793', 3, 0),
	('1002558', '02723e5d1b3de27f1bd78abfa8f80918', 3, 0),
	('1002563', '9c4a16a020a3531ea5b9e80a4af47217', 3, 0),
	('1002591', 'e54c616783c5ad25bd50d87d50eed276', 3, 0),
	('1002600', '56e1733520545912d0f703db0049bb72', 3, 0),
	('1002612', '6ecb2c922a0ace40a77c48bc2205a0f9', 3, 0),
	('1002639', '92efb16a009d9244aab707ba09f73b8d', 3, 0),
	('1002646', 'ee97e9eb31b7c14f34b1b4a9f52da04d', 3, 0),
	('1002651', '201379f79f5799c2c5109bdd9fa51e5e', 3, 0),
	('1002656', '01654be8ecb08453b33790895e2d7d47', 3, 0),
	('1002681', '6be1cabfcec5b49e35f60d1fab430ecf', 3, 0),
	('1002699', '11fd966eac3df8eead3c193e878be6f3', 3, 0),
	('1002858', '552cf47efe03041c3b6bf75de65ef156', 3, 0),
	('1002860', '19543feb0ef5ec8aab1b796ac188a212', 3, 0),
	('1002871', 'eb8944f7ac2977a14dff50e0b48ab330', 3, 0),
	('1002896', '6d4ce4c183fba4d8967f8b8fe33ea237', 3, 0),
	('1002897', '0b5f72d1c518daaf8a04daf45358a79d', 3, 0),
	('1002903', '4ccba71420feee16d9e5d5e9c7e354bc', 3, 0),
	('1002904', '01da3b918b9ab3c2db7963a585bb4ac5', 3, 0),
	('1002906', '7723d5e33f0b2d514529c82d43231a8d', 3, 0),
	('1002911', '0d8e86b5a0d7bb2a38da5f96d4f83c23', 3, 0),
	('1002912', '43d9cb154bac49237e13a8784ed51c95', 3, 0),
	('1002913', '99fd63030857fe2f2cf8a1e7d356e1b1', 3, 0),
	('1002949', '12a437693ce23bb8ab97c65ee9d24a59', 3, 0),
	('1002955', 'a23346c31c6b2af4490ca56d4f42b324', 3, 0),
	('1002985', '96a9d2b2a8157e60e72953caa5c18fd3', 3, 0),
	('1002987', 'ea7cba2bf7f8190e41d8527024fe20d1', 3, 0),
	('1003006', '2ce6fd3b30f7a6ce25013025f9edf081', 3, 0),
	('1003009', '7575e82d1f91388b486f2d286dc85178', 3, 0),
	('11', '6512bd43d9caa6e02c990b0a82652dca', 1, 0),
	('1100038', '65e5f8830e45419c23ec12dc7b9231ba', 3, 0),
	('1100041', '96ec51760930881dadda4dedf1d5785e', 3, 0),
	('1100055', '9bf32eca3b7408cee334a408d5daafb3', 3, 0),
	('1100133', 'c4b01286ffef827a1f87bc4dbc805f8a', 3, 0),
	('1100139', '6f22a268835a6405c26c7b44d76e4f24', 3, 0),
	('1100146', '6e22edddc78a6aa5009b7381a4d353cd', 3, 0),
	('1100154', '5ff53b7d3db74e3b8c90a1e24705a5b8', 3, 0),
	('1100157', '660688f3e38637e07e8dcf1fa62815f6', 3, 0),
	('1100159', 'd619e51f5e4ee9708c34a9309641d818', 3, 0),
	('1100161', '7b47df8829a7884d9ff6938b548e5063', 3, 0),
	('1100171', 'a8f67f403bcfd462e10169649fdd67e2', 3, 0),
	('1100172', '3772195fccb24e388c615741a46e068b', 3, 0),
	('1100181', '5cae77c7b6a2ab689f316136d50ed7e4', 3, 0),
	('1100191', '652ee22476d07475408555b44574b453', 3, 0),
	('1100225', '38d893d21f1d5eaa07d75e24a1d60290', 3, 0),
	('1100227', '901528b32068a25f230cbfae88a2df39', 3, 0),
	('1100271', '6ad76d36403fe7e899812df6a05f3a1c', 3, 0),
	('1100278', 'fd43469036e18b5c41d5529c0ca978ce', 3, 0),
	('1100279', '0fb715876895659a4609c9cac27df5fd', 3, 0),
	('1100280', '2e00544abb36004f194b5740359f4d7e', 3, 0),
	('1100281', '735ad9c51e2ccfcd782748b62029f575', 3, 0),
	('1100282', 'c79cf4fedab8645cb013536abe1e97dc', 3, 0),
	('1100283', 'd761b824f4d97900b91ed8254c74befa', 3, 0),
	('1100343', 'f89acb1b585e50fa464552c8c0d4c486', 3, 0),
	('1100353', 'd110aebc084d5af577e127fa231de457', 3, 0),
	('1100373', 'bdf28c3fc6e2380251de61195c73ae59', 3, 0),
	('1100374', '5b29ae8436b049a5f34d4927889d77c0', 3, 0),
	('1100398', 'ec692fe6a830c615ef89e906bd3befef', 3, 0),
	('1100419', '7e70b0a508d00e686b6e143d6ae3710d', 3, 0),
	('1100432', 'ec38e02ace330e2ff68176fb88a577e9', 3, 0),
	('1100434', '8c0d0f55bfdffe2f75aaf55808e51214', 3, 0),
	('1100486', '564754b92e21ac9e9494f1989c066cfc', 3, 0),
	('1100504', '5b09006b7828894bb992537cd04846e2', 3, 0),
	('1100518', '4f968aae4abb5df4e1de3172cdd8a6da', 3, 0),
	('1100580', 'e30d31e48839ee1d3c0c5e1ec955573c', 3, 0),
	('1100622', '3b0317b56ed26c85f61442b59ba4cfde', 3, 0),
	('1100631', '598ecebcbd7f3ed2858b1ce20d5dcfd0', 3, 0),
	('1100636', '860278a5a9e6552fa6b69e9ddd30e9c7', 3, 0),
	('1100640', '78fc22ac88bdddfde7ac6e6b7c9a3b32', 3, 0),
	('1100650', '1999b9560b136ff884cd41f0f5141f03', 3, 0),
	('1100654', '56b0a0007ee4a088324c2cdab7732e79', 3, 0),
	('1100655', '6f261b444ada75dd084f0dd91bf4778c', 3, 0),
	('1100665', '566aa0edc3bebad4fdfe47cc9cc3dcf4', 3, 0),
	('1100666', 'bd61650132bd804cbef516ed113fbd17', 3, 0),
	('1100687', 'f83f39c4aa1401a52df9eb9cae554ef7', 3, 0),
	('1100700', '13a2804386bca55dc51ec28f326e87b7', 3, 0),
	('1100703', 'ab031237d9d895f7085acf6dcba9d632', 3, 0),
	('1100718', '59720e89cbf0d9223a0fe691afb461c9', 3, 0),
	('1100719', 'fa0509012d44798eb4d293ee1b0c0da0', 3, 0),
	('1100721', '31b38b1afe07c660467cff7585a705d8', 3, 0),
	('1100722', '1593987086a10feb006dd25742261143', 3, 0),
	('1100723', '6cdd805032e8d345312268b3dd827830', 3, 0),
	('1100732', 'df1ad81d814f012ff32f20fe6feeff7a', 3, 0),
	('1100738', '7b067383965ba6230d02ff770a43e59d', 3, 0),
	('1100747', '3b21fd46bd8fe83a48ffff47a3ede14a', 3, 0),
	('1100749', '113eaab1eb119c4ca533da1912a3831d', 3, 0),
	('1100767', 'e78db6f67514cddda029a95b2d33667c', 3, 0),
	('1100792', 'e030a52e46fb9846a811947cd17bd281', 3, 0),
	('1100804', 'b2cad622963400a0adaa9aff8b4d62c5', 3, 0),
	('1100812', '21e4992b78274ff473412939ae272a52', 3, 0),
	('1100817', '519ee952b0cd43decc1583da92ea2425', 3, 0),
	('1100818', '8b05fb75779473de76af0deca78fd070', 3, 0),
	('1100831', '26785af7d7586babe785763684273322', 3, 0),
	('1100833', '00b8d6b687c3910bff97601e3b10edf8', 3, 0),
	('1100834', 'fed1400bd4fa9309d5f0dfa357463cc0', 3, 0),
	('1100839', 'e695140ee3d291a52dbb6a035c39f95a', 3, 0),
	('1100847', '67cee7eda33d79abca340bfb02f0d4cf', 3, 0),
	('1100854', '764b3f9000599d61f3394b75db94e5ac', 3, 0),
	('1100857', 'b6d7d34c029ad80a888b4d234177dacb', 3, 0),
	('1100859', '37fc99e3704c25e5e0303b47f756946d', 3, 0),
	('1100861', '279aeb37cba70d4191feef91c975263b', 3, 0),
	('1100862', 'f98189b0a66ebb26a5654134a07e8b1d', 3, 0),
	('1100871', 'ff3317d819c899b8fa20c5f1856a515e', 3, 0),
	('1100873', '5a940afcb0842febc09417cc6ab57024', 3, 0),
	('1100876', '98c413a01074af55ec33f69ae5c5c6d0', 3, 0),
	('1100879', '736487341104b3f941b38c327005b3e9', 3, 0),
	('1100898', '9f29f3787767bac4d272c2125bfcce45', 3, 0),
	('1100903', 'ab46cf5bfe9f8a1cce87dbbe118cdc99', 3, 0),
	('1100912', 'b9b775f7120c52ad16453fb3247c9826', 3, 0),
	('1100919', '07f347f09a187b2afd69e524c7279683', 3, 0),
	('1100921', '80831347835260efa497b53ca7b37632', 3, 0),
	('1100925', 'de9727664f826d0dd5a2b3937c310ed4', 3, 0),
	('1100928', '85517390e343c3e65818ac0e84588f39', 3, 0),
	('1100952', '4db6ad15fe30db1cefe560b4e10a4e50', 3, 0),
	('1100966', '58fef3fd47a72951dbc55521cec59107', 3, 0),
	('1100967', 'a3a21de228e2bec452ba9945bf308353', 3, 0),
	('1100971', 'd33d33feec2e3b4a7ce705a796765014', 3, 0),
	('1100975', '92b9a0c921d9ea512060c42fb879e851', 3, 0),
	('1100981', 'afb4c6d26a3ecc5332c64a3bcc50feb8', 3, 0),
	('1101002', '2ea5c02c7784e0cdae56057b3495c9ca', 3, 0),
	('1101003', '2a2b2b86d67a93d8c08df45fab07d373', 3, 0),
	('1101010', 'd06e43b63e1de061b747f193ec174c63', 3, 0),
	('1101012', '388ecb09180f2b2c94caa112c97388a7', 3, 0),
	('1101016', '6da34351417a2f80cd352ef179420a42', 3, 0),
	('1101027', '6673d4a824c8b58834a0df15d98cf079', 3, 0),
	('1101029', 'd008fbd5faf1fefd049d671346e21d2e', 3, 0),
	('1101040', '066b92bfd07c60701e5a9089484d2a1c', 3, 0),
	('1101041', 'f014c499be5105e28278b71610921313', 3, 0),
	('1101047', 'df0a14cb620fdbbfb7c5b7960aa540b0', 3, 0),
	('1101052', '3dd409d3a4383765be89bdbfe0c38c8e', 3, 0),
	('1101055', 'f2ee5f67b4d735ceff6d6baa758611cf', 3, 0),
	('1101081', 'ac6261584c7ca04f1847475eece4ce75', 3, 0),
	('1101086', 'a921c16e923229c121eef3e8d239884c', 3, 0),
	('1101094', 'cc34d20b0d8dec4731b14f820d6c1574', 3, 0),
	('1101096', '9822b9173a17bcede2c96d0ee46962fa', 3, 0),
	('1101099', 'c5aa1bfd6cecd83973d32674606d6de2', 3, 0),
	('1101103', '8c232806dbe2ecaaf42ccd7f4a200547', 3, 0),
	('1101112', 'e4aa56ee5d4c9fe2df62c5ca876a7bae', 3, 0),
	('1101126', 'eff3629db0a1672d89c5b251f2541b9a', 3, 0),
	('1101131', 'fdd0a22944dc4bf1894d0b0da8645a82', 3, 0),
	('1101139', '362c5868c816ffabf85e8cb588ff67d6', 3, 0),
	('1101144', 'e103ae5d49c26b4202b896798d860c41', 3, 0),
	('1101147', '73a085973f050a34716ccda895165f87', 3, 0),
	('1101167', 'b41252edb272425529a810e0b089e141', 3, 0),
	('1101171', '402a6ffc841a7280f098be9a71ac40fb', 3, 0),
	('1101181', 'b223646b074e2e2380828eb4e7c4f550', 3, 0),
	('1101182', '967378aae05618869b2f2986f2f88a21', 3, 0),
	('1101184', 'f6db12d18488a7059e88ac8a98f0537c', 3, 0),
	('1101191', '518beb1e3bb61a9c8d5f28dfe25e2c50', 3, 0),
	('1101192', '15aabdb427790ce012cf9d4c79ac95b6', 3, 0),
	('1101193', '810d153d1e621eb7f887e3a1f76f7000', 3, 0),
	('1101206', 'aefbaf3a2276edc8997702410a4acf59', 3, 0),
	('1101207', '59f2c1746e9f2a13f03f513900c25b71', 3, 0),
	('1101211', '83adc2be2f53ffc0e32b5593496337e0', 3, 0),
	('1101216', 'd88fb5ae96734bcfb824c249592cba43', 3, 0),
	('1101224', 'e860d251de78a0280b73e7b1564e76a6', 3, 0),
	('1101229', 'd43606bfd08d7d8e1bdb1e4d3a43e81d', 3, 0),
	('1101232', 'ed38901368c62195f8b8ae2f8d488766', 3, 0),
	('1101241', '7fd031e9883ed3fa5ad9478fa849bf47', 3, 0),
	('1101246', 'f079ac13dc9ef3c1b36d04fedb2ceaa5', 3, 0),
	('1101249', 'd4b955f4fff7e285c9bfa74f6792290a', 3, 0),
	('1101257', '8d8c5dae371c7ba3e8edf7305755e217', 3, 0),
	('1101259', '77e02d066263b52eacac7b4456a03fd2', 3, 0),
	('1101261', 'a2a5c2a8f43ebd268a64633dd60ee2b7', 3, 0),
	('1101267', 'b5078203d9786a035687647df2afaecb', 3, 0),
	('1101268', '35a565538a2ad359115256e789caffd3', 3, 0),
	('1101270', '145c6421e46f4f6e7a4f503d9fcff7d4', 3, 0),
	('1101271', '38b3881f93f3dcc99530a2e83d596ed1', 3, 0),
	('1101273', '6116886f4aa79a4b43655145c46b2092', 3, 0),
	('1101274', '3fab00ba536ab25a140d067a5a7d2049', 3, 0),
	('1101277', '2f373564c80602e3fa9b84ddcf45a898', 3, 0),
	('1101278', 'eb6cdc4e936311ff30ec8f61077a08ad', 3, 0),
	('1101279', '66f088e9632539c40d26a1c1a454329e', 3, 0),
	('1101300', 'c05a4a671dc33ec24386b442791a4974', 3, 0),
	('1101302', 'b7c8fb1ff9e3390b3bed8d935bc8137e', 3, 0),
	('1101305', 'a2d8dd661cf6c065f5dfbca6345a91eb', 3, 0),
	('1101308', '09952bdfc54323d39c01653178692dad', 3, 0),
	('1101315', 'f2d4a34544e59cc268ea153e8e54992a', 3, 0),
	('1101317', 'fbe8e38e12fb0733d24449b49cb519bd', 3, 0),
	('1101323', 'b114fefef8a31eacbd497f1b1c2914c8', 3, 0),
	('1101330', '928a68e9062a174abc86266f8855949e', 3, 0),
	('1101332', 'bce7124484d6eb6074864ee2a8f162ea', 3, 0),
	('1101346', 'a1f1161b948e810627ff04a956e8db49', 3, 0),
	('1101366', '96d22f0f9e8995073e6e3a1c533bcbe8', 3, 0),
	('1101367', '37541bd26093aafcb65ccd40d261f7b4', 3, 0),
	('1101370', 'c1571e4ee91c37a2d4bbef8fdc732acd', 3, 0),
	('1101371', 'd4fe2393e000eac16d1932566954faba', 3, 0),
	('1101378', '8ed69db83a9aea2cdf60f3f5ef6e57a7', 3, 0),
	('1101393', 'd7a590788d0b803dd0e90d045e89ffdd', 3, 0),
	('1101399', '501d5572b825acb9721e2663c29a878d', 3, 0),
	('1101405', '93f08ce0e6b634db7fb006768c34eac0', 3, 0),
	('1101408', '564bb229adb9be8c00420c2e0dca5075', 3, 0),
	('1101411', 'dbf4a774a573b1c994457ca1c814e716', 3, 0),
	('1101422', '32ad62ef9d2aef591900c43ee2baeeed', 3, 0),
	('1101428', 'ea1e87f983d66fbbda10a3c554106ddf', 3, 0),
	('1101432', '6e8daf518bef1860d300c1e8f6a1b010', 3, 0),
	('1101456', '1cf6d983727be23d521a8b92af197409', 3, 0),
	('1101463', 'da3689036aa5cad3228c4359cf68ccd7', 3, 0),
	('1101476', '084f6aa98010fdbae556017d8b1fa44d', 3, 0),
	('1101478', '97950d2501ca16f311e1f08e85335789', 3, 0),
	('1101483', '6baf63dfd803501dc68f36c01500d623', 3, 0),
	('1101529', '2c3b7c77cd9b953cc84cde5e020f23cb', 3, 0),
	('1101540', 'c9a63078fe7d37419246f573c91225f7', 3, 0),
	('1101551', '4e138e41368787dd246d94b34e779f62', 3, 0),
	('1101553', '646d184f3cb8fc9d814d938cc9188acb', 3, 0),
	('1101574', '7f8c047089aa73a83bbc6c7197ffaf16', 3, 0),
	('1101578', '07850cda81d5e36e3695c7e766892ece', 3, 0),
	('1101584', '33ba12f1c04cb26fbf7847aad5cc5e14', 3, 0),
	('1101586', 'a07c96412a7aeb929b7cb6bde4774a4f', 3, 0),
	('1101589', 'fa1de818d897b1addceb0f5a38a213ab', 3, 0),
	('1101599', 'b6b9c9851312e33c7cc40be820eef68e', 3, 0),
	('1101601', 'd84d7f85fc0efc763ae27ba54ca29774', 3, 0),
	('1101610', 'bbc956bd38864f7d41f6adfa659f092c', 3, 0),
	('1101612', '3be2a719f83cd0c41023ad78551726bb', 3, 0),
	('111', '698d51a19d8a121ce581499d7b701668', 3, 0),
	('174', '81dc9bdb52d04dc20036dbd8313ed055', 3, 0),
	('2300379', '352120efec96374d1c0d631ac5253677', 3, 0),
	('2300782', '6c7c1acafba13341919b281a8b2a83b2', 3, 0),
	('2300940', 'b1adb04362b26805a012cda3e67c3f44', 3, 0),
	('2301287', '94e702374410d333af8aff42e3536d99', 3, 0),
	('2400484', '15df0f3e9a20b19078b2f3ff52156ecb', 3, 0),
	('2400906', '408f2885bf9649a2ffa9e3e343e8680b', 3, 0),
	('2500129', '40dd6b1eb71fcaaa939942341d7005c5', 3, 0),
	('2500263', '038198cd2ea360931631df2e3eaab59e', 3, 0),
	('2500671', '0f4ffa0e1e231495bbad1e60676521e0', 3, 0),
	('2500800', 'd0c11d4253888b82a70c04b4aa5b331c', 3, 0),
	('2501158', 'b86e6fd10cf244dde45618a06d003370', 3, 0),
	('2501333', 'a67369524d5362ebf73c452432dc3d4e', 3, 0),
	('2600537', 'de3eb577ff15a73bf631264e2bb021d9', 3, 0),
	('2600576', '4ed7ffc2636be7d4551ab00454a9f0d7', 3, 0),
	('2600612', '0daa7fad9ef1d4fa03e3ccb382a5d5df', 3, 0),
	('2600639', '381fb66a56c0afaeb2f08acdeaf4d9b2', 3, 0),
	('2600692', 'c82ea62c159ac4a2d509531f5f1837d8', 3, 0),
	('2600726', '106f4ad5ddadfa218d2d9ed2d9914bcf', 3, 0),
	('2600796', 'c74c967e9378f80bab6147aa6e9f1658', 3, 0),
	('2600882', '4ebf56994974326ef20566cf1fb00fe6', 3, 0),
	('2600897', '103c17d613675252366b329f59c8fd61', 3, 0),
	('2600927', '0112e8f50b99c72fe62635312af2313a', 3, 0),
	('2600996', '3ca396e937679c8cde47adf752035124', 3, 0),
	('2601290', 'db5f1847178e0419b1ff1809ccbb2b8e', 3, 0),
	('2601470', '6d148b7cdf6545d3ece525240b1cce14', 3, 0),
	('2700090', '905a8ea5c64745ead465deeddbd4d44b', 3, 0),
	('2700125', 'be020b40cc774f6712ca4e689acc9ec9', 3, 0),
	('2700150', '0e9e45d4f2225a46f8d10c7a4a73e5d5', 3, 0),
	('2700169', 'b11ee34df4a2c405db3dfd94d123641e', 3, 0),
	('2700170', '29bac043fcfa34a4011d7ed24e40514d', 3, 0),
	('2700214', '18460d600d8d70c4649272627670d3a1', 3, 0),
	('2700248', '3a2a0645b359b31b9f360aec960521f3', 3, 0),
	('2700263', '8fa97504ba3eb3d9553d70830f8592b2', 3, 0),
	('2700295', '4e8bd4979b6e2fc590b24ba3169723c2', 3, 0),
	('2700312', '4c3e022554d4febed0ea0228a7e16978', 3, 0),
	('2700569', 'a34c5949f84e6dc129c3fbf37313b44d', 3, 0),
	('2700578', 'd06613735d132a686e0a11d4cd176c45', 3, 0),
	('2700616', '9c6865c25d8afb62b3f4a54a8670e399', 3, 0),
	('2700709', '6ed2c25bc989ce65731f6bf883c8e91b', 3, 0),
	('2700724', '587ad8845aba7186fa09bd19264c18d0', 3, 0),
	('2700747', '088318100ccddb673638fa5177238f16', 3, 0),
	('2700749', 'b3ba38c2d451311afbfbfa1b26aaa741', 3, 0),
	('2700767', 'ae7a801982e8cde0ca2978bf029ddcf8', 3, 0),
	('2700826', 'cb541c7aba438c62c7a1c32356321e58', 3, 0),
	('2700908', 'e18062508408173ea7f86cbf8568fd22', 3, 0),
	('2700925', 'aa4cec3d02c941af0196e4db95db56ab', 3, 0),
	('2700964', 'cfbfab4e837b9a8adeb02a41a17b4789', 3, 0),
	('2700997', '81fa7115c736328e8cf269e17fa0bad3', 3, 0),
	('2701016', '7b16841f37bac1a299d430696100bd3c', 3, 0),
	('2701070', 'e08c3ed108f54acbf2358e1bdf00fd2a', 3, 0),
	('2701071', '29b811ba7e5d428b29243426d3eaf578', 3, 0),
	('2701093', 'c42b3a0e5f902eed8135068ab19e2abf', 3, 0),
	('2701116', '8763c44390e2f91e651b436a1c6c4c7a', 3, 0),
	('2701142', 'b324e456d64e9fc4316729bf2987bc18', 3, 0),
	('2701224', 'ee5a463fc625fe4969bde7b0e81f65be', 3, 0),
	('2701449', '989cacd4c6faaee0405e42e34ccde7db', 3, 0),
	('2701455', 'c7be0e04c5ee50cadfcfa74d5ced16a5', 3, 0),
	('2800034', '1945c67c95b414571f100a365b16f3af', 3, 0),
	('2800062', 'd704e7c350365e66b6be32b7cad31f3b', 3, 0),
	('2800064', 'cdad94c2cf91815a9983a78057df77f8', 3, 0),
	('2800096', '7c1bd7f0e6ec025fc82ffa61b97b6631', 3, 0),
	('2800098', 'cb52ad44381f0bc37071c55711c498fa', 3, 0),
	('2800100', 'd8cfee8e91ee3113d27f080e97581774', 3, 0),
	('2800129', '57a1948859140a61bfcc5aa9a0666922', 3, 0),
	('2800135', 'bc697430fe6f0cc0e7e7f4d7c649c293', 3, 0),
	('2800143', 'b5e1bb3cbf5b30441dfed21e40eee9f6', 3, 0),
	('2800147', 'a841e44c32a4d4e2f458e786054f687e', 3, 0),
	('2800164', '407da5dc1892d60154c75e784428942f', 3, 0),
	('2800179', '82f30f5ab0eb6ad94b4a8961627ab4cc', 3, 0),
	('2800193', '97fb984d710dec75ffadb711cc4be764', 3, 0),
	('2800211', 'fc131ea75dc4806a7ddfee9cf72e2c3f', 3, 0),
	('2800233', '1e06f4cb027042e4b7618256cb63699b', 3, 0),
	('2800259', '50d394faab0ecf046e662f54caca4f76', 3, 0),
	('2800260', '964ee1dd7408bc3263c04b826bdf2cac', 3, 0),
	('2800296', 'f1582f3b18e5590ebcf3445036cb6a66', 3, 0),
	('2800317', 'b31d420990757b72c4431d3f28a157d0', 3, 0),
	('2800326', '4a37ff1d3f9ce9c288a9f14ebde0fe50', 3, 0),
	('2800334', 'bd359c85ecbeae3a177bbb26dd05e492', 3, 0),
	('2800344', '6f3e8b5cce7415b203e48b7931d07907', 3, 0),
	('2800361', '297284cb9694a9acb2b9deb60fa8eb82', 3, 0),
	('2800368', '751d79bc44904bc99785a65443128a0b', 3, 0),
	('2800403', '8c78eb18a7bb754f7f348a0eec1a29ec', 3, 0),
	('2800409', 'dc0c55518963004e14e8b2446882e3f7', 3, 0),
	('2800416', '693a4c54dc017e1cf512453416ab7b43', 3, 0),
	('2800421', 'e9f6e6dabddeecc351a00fc49b99a437', 3, 0),
	('2800442', 'bdc9b034148f5dd8043fe2056bf72008', 3, 0),
	('2800444', '25b7eee27077c1231c9ec32e82f36228', 3, 0),
	('2800457', 'bc0d05e4e01948ec08b430e8c2e43ffb', 3, 0),
	('2800464', 'b2ed4310548dc25893a38639c3b9a09e', 3, 0),
	('2800469', 'c764f2ae19809d71881fab084d9854a4', 3, 0),
	('2800471', 'f3b9aa541cd36c7203ac3c59d40985ee', 3, 0),
	('2800483', '9d56e8804ebabf4f4b8c3c8fd7a89dfb', 3, 0),
	('2800485', 'dd5423f48b1cef6cab856cee1d0616f9', 3, 0),
	('2800486', '4e9ff7ce873c02ca8f76837e64f4a195', 3, 0),
	('2800498', '287d1e4a2a36222aa10a0216fac08522', 3, 0),
	('2800500', 'ef37c96aa5fbccd0a8441bb1a2b859b6', 3, 0),
	('2800517', '96be016b1fd6612f751e8ad355ff7f51', 3, 0),
	('2800521', 'aea29f41b3e5bb89db1f8b8672318e8a', 3, 0),
	('2800540', 'e5cb49e78c49953fb09fb937c989d669', 3, 0),
	('2800545', '77738b67517eebdfa6beee17a4aa82c6', 3, 0),
	('2800546', 'c58a8aef08470b53007c48448dde6119', 3, 0),
	('2800567', 'ae51f28f47b9038cbbd2314d85ba575b', 3, 0),
	('2800570', '799862fe225e3166363a7879a157682b', 3, 0),
	('2800577', 'c015ca4aead083018bc4e097f9fdc517', 3, 0),
	('2800594', 'de63850a233ac46c6ee1793abdb954ec', 3, 0),
	('2800601', 'c37487a7f7b3b469913864791312999c', 3, 0),
	('2800604', 'bdaeb61e377502b043289c163387125b', 3, 0),
	('2800606', 'eb3ce737d7c0f946ce0b98b2d63b19d5', 3, 0),
	('2800608', '1192e2dfec6ea198f1415390bf47f12d', 3, 0),
	('2800609', 'e978262ddd9fa11b79a4c29ee6cfb0e4', 3, 0),
	('2800622', 'a07bdca4fd512f9375c06b48b5788a6a', 3, 0),
	('2800646', 'dda2c910f126842547c6b9a6666ada79', 3, 0),
	('2800653', 'e00a5d97ef2236a5b3f71014e53354da', 3, 0),
	('2800665', '546a79af56161f17d7f251aba983f1fd', 3, 0),
	('2800669', '3f4b24168b367fd5f137cec0c357d055', 3, 0),
	('2800673', '28a67c4f4cba482822c1fa017699ac95', 3, 0),
	('2800674', 'c3b01f5b3f90dba03711f529648c9cc4', 3, 0),
	('2800676', '55284bc5a1cec0b015544c35c6199238', 3, 0),
	('2800686', 'e8929d214b6adc938fcd049e1b7fb4a9', 3, 0),
	('2800695', '383c80346ff27eefacfdc84e75b62635', 3, 0),
	('2800711', '2faa942acc8635de1f90909ab1948829', 3, 0),
	('2800717', '87b7def58d6baa426ff3b964a897ceda', 3, 0),
	('2800719', 'f2451ad59cd8565941f66c079d00fef4', 3, 0),
	('2800720', '33b30448d01f1d854a1c67a6555da737', 3, 0),
	('2800723', 'd54de31a95b3bf3f270fbd902cda2091', 3, 0),
	('2800724', 'de1f444efd47a98e6c3d95b901da582f', 3, 0),
	('2800726', 'f0c3fb4ac84f8d121769cbf9c9755428', 3, 0),
	('2800744', 'caa8c2566eca45a0c76a308f25d06efb', 3, 0),
	('2800745', 'f1793877b482fdf1d8b78d96c4e6e3bf', 3, 0),
	('2800746', '566108e98d9f21cf9012997fcd654d93', 3, 0),
	('2800747', 'cc67bdb80654a973a78b2e883d6fb761', 3, 0),
	('2800749', '7e96357d85673d351251db82a1cfbdcd', 3, 0),
	('2800750', '8706ac22225d8b64ed4b874e4dfe2211', 3, 0),
	('2800753', '20d4b56c25c2a6b6fe610bc8eff70a0c', 3, 0),
	('2800759', '32db5959ff63f315a40c7680aec8a8d3', 3, 0),
	('2800764', '6d11395bdddd289a2a25aac107cac4c8', 3, 0),
	('2800768', '1448f85a46d90f407cc6242e493ae22e', 3, 0),
	('2800779', '0a083c90ccc47a1d698fdd92bbfa5f46', 3, 0),
	('2800796', '39ae23ca2041935956348a9e2282f074', 3, 0),
	('2800800', '2aecce4f255c15c6c64a3212be02879c', 3, 0),
	('2800807', 'd4d92e4a3f62bce5add2437eb07699ca', 3, 0),
	('2800809', 'b9a48512a43378c7bc8eacd52be42f6d', 3, 0),
	('2800814', 'f3692e1017e3db7353f912ec9a2167df', 3, 0),
	('2800819', 'df9464d5758ad723beb7b25a837ec040', 3, 0),
	('2800830', 'ed0fd9ac498a103c0a61814678c4337e', 3, 0),
	('2800831', 'a127d87ad3facd95041ca7ed05f81fc4', 3, 0),
	('2800838', '11a547b0d8128398271dfeb8cbbdbf8a', 3, 0),
	('2800844', 'd534efe977ca79bf1d2f854b22526e72', 3, 0),
	('2800852', '774e3729d19dca06d17589918237adef', 3, 0),
	('2800865', 'c2288a9169a28a597badcc0c3f61ba92', 3, 0),
	('2800868', 'd1601a3891dc0f94f87d20819e105eaa', 3, 0),
	('2800871', '1a3ba8657f05f75fdac0e6ac479fda5c', 3, 0),
	('2800886', 'a27169d91389ec9f2893326ed0367789', 3, 0),
	('2800898', '40ecc76969df419c9b8fdb19f1c75505', 3, 0),
	('2800903', '9760029ff5958e24f842b0af5d48d6db', 3, 0),
	('2800907', 'a73a5ec0710df62fb7c3369ba8c77262', 3, 0),
	('2800912', 'cd939f87ac3c1f76b9b6af70b4d7aa39', 3, 0),
	('2800937', '67a6bf248109983987cc4575d9713f9a', 3, 0),
	('2800941', 'dfb28715753c4484a2877366953979f5', 3, 0),
	('2800955', '953d63c9fe9bbba909f0eed796c2116d', 3, 0),
	('2800960', 'a395e43f5f46c9cb7dbe9ab17f4afc21', 3, 0),
	('2800980', '3e389b6e968d996b3f62fb36923b07ff', 3, 0),
	('2800994', 'd7f86bd4208597f6493927671d65de9c', 3, 0),
	('2801000', 'fbeca32e264b78cd5062301cc0a66e02', 3, 0),
	('2801017', '01734a9e8e3b3c09e3869a1b98265eaf', 3, 0),
	('2801028', '62bf31bfd3917f1e39aed649d031f7d1', 3, 0),
	('2801042', 'b0c784b7febc9aa1686b5f9d636fb31c', 3, 0),
	('2801043', '31cacfbed92f3cb0cfc3545bdce8b990', 3, 0),
	('2801047', '28a62e5d4c278b8d079bdc097604bc06', 3, 0),
	('2801069', '202e762676fdb06e2c5954ce41ec6ec3', 3, 0),
	('2801248', '4d7c77db6c4b2be88e92c134f7aa8d99', 3, 0),
	('2801265', '4adb901ea30d4d1e0030bbeb26296d90', 3, 0),
	('2801269', '66d57f91a69f4a40a37ae288b718c504', 3, 0),
	('2801271', 'c4006e2599d06ba53825f87bcab68cc4', 3, 0),
	('2801272', '820c0826ef001601fc32926b3451e246', 3, 0),
	('2801281', '84590137579a7f8ed886f9fd1905e526', 3, 0),
	('2900042', '5a2fcb5945c9e0e3a98c93e2940b7886', 3, 0),
	('2900048', '05bce6bbdc60a313da42add5c7a213f9', 3, 0),
	('2900065', '18381f25b017b6268d6c5760c0346f07', 3, 0),
	('2900067', '65672cf077bdb5bf90d024f8fbbd33a7', 3, 0),
	('2900146', '35437463e34d28bd00aa6192011f411d', 3, 0),
	('2900157', '35b9980337401515035c6204f98992f6', 3, 0),
	('2900185', '05ac4619d63ee6f60732c304f1ec183f', 3, 0),
	('2900242', '7ae7f2abcc93a45b9a22f6e56b40dbb8', 3, 0),
	('2900261', 'e444fc8d102cc9aa9b12b5267f9ed620', 3, 0),
	('2900266', '4f86bdc0507951f0d2cd49068fe6afdc', 3, 0),
	('2900309', '3eff0b3306157bc5f9e476a4b4686f46', 3, 0),
	('2900318', '3ce1ede852c441b71b497ac92329fb69', 3, 0),
	('2900325', '3f726a5fac634702bb1eef3f374e0016', 3, 0),
	('2900332', '3d432bb90b5dcc59f199c13e67015327', 3, 0),
	('2900338', 'bbd3e1f7e7d63e92adbb8f7a69191b93', 3, 0),
	('2900342', '3b0c74edf3a2407aed9745925e534ad3', 3, 0),
	('2900349', 'c3ed8244bfedd90661c17561e71c94c7', 3, 0),
	('2900382', '72bcb1ab1930c7097948a30c916ef24a', 3, 0),
	('2900392', 'dc60d0790f30427b7b6da92e4b804ec8', 3, 0),
	('2900397', '18529b091dd37a6dbcec711d92a27d00', 3, 0),
	('2900398', '4bd8c2fe6f5da467f69298381781eeec', 3, 0),
	('2900401', 'c41dc97a8032248c9574316235a2f367', 3, 0),
	('2900408', '71e139be1a18fef513e4079c59b774ba', 3, 0),
	('2900413', 'b66d9031f5e0b57f2b894e8803d8c984', 3, 0),
	('2900430', 'c50822e4bd37f56ab1150692ce5e6e00', 3, 0),
	('2900442', 'af1a81d1fc21d7d0e8665c99de3ca515', 3, 0),
	('2900443', '3e9c760d5f204d061cba49493fce9330', 3, 0),
	('2900444', 'faa29809ed47ca9c38ff483c730b14fc', 3, 0),
	('2900445', '8a3028bb101171c3e9fbbf3864aa97ab', 3, 0),
	('2900449', '077c0965dff188870d0b9a695fde07b5', 3, 0),
	('2900454', 'a7e7242aececf40328c818464ab06a2c', 3, 0),
	('2900465', '0608dc50de34b9e9b24f59dc86c0dd57', 3, 0),
	('2900468', '2e2efbe04d219595d1a9e60d65f638d3', 3, 0),
	('2900475', 'e9eb9185ee99ec6945b3862b0bf23c32', 3, 0),
	('2900478', '78ff19eb2ad09fc0aafa596094ec5a7c', 3, 0),
	('2900481', 'bc7de17352483d5b6483e553d766353d', 3, 0),
	('2900484', '50ee4a713165fbe1e0bc5d01339c70b7', 3, 0),
	('2900538', 'abb91116981164f06055dbd837d7b0e7', 3, 0),
	('2900543', '26434c7681cbcaa67f0888b4a0ffaa27', 3, 0),
	('2900548', '2bb5cffe7a48f3b67685b587eb0936c5', 3, 0),
	('2900551', 'a05815e3a761f843f28e0a8a20f488e2', 3, 0),
	('2900554', '61c7b350d4895803acec7107a48d17a3', 3, 0),
	('2900558', '30366f6d51a79a1f0bf1fab06331de3c', 3, 0),
	('2900560', 'b5498552a1704f84d8e63f0c09644820', 3, 0),
	('2900598', '90e6e7f04b2a435b109af89d9b737366', 3, 0),
	('2900601', '1beda22e8735b24af1f5b8df41fca7cb', 3, 0),
	('2900606', '78ae965fb8cb51ff818e66accf151815', 3, 0),
	('2900615', '15395c4a8391d10304599be150eb8771', 3, 0),
	('2900628', '874928d146d7e59b1f2b985346c2f80d', 3, 0),
	('2900636', 'aca9d59cd128f095b5365ea1cd23338a', 3, 0),
	('2900638', '159871d846aac1d80d5a7d16ff8557d3', 3, 0),
	('2900644', 'df743bf6980aa08b5d64ff008cfc078b', 3, 0),
	('2900645', '9b273cb9e09d6ccf29d4c1c36a795db6', 3, 0),
	('2900650', '39fad0e824850ef74d30095e46f06480', 3, 0),
	('2900651', 'b1bab1e48bf584671526818378743737', 3, 0),
	('2900654', '98a95ea4177cc09aecf7f131148a9256', 3, 0),
	('2900656', 'd9e16415f90622cab8a1ab701ea9bc12', 3, 0),
	('2900662', '7e361e0de93c87b6de488e99377adfd7', 3, 0),
	('2900666', 'bd0963cc01496d9ff4b231cb2e8e1249', 3, 0),
	('2900667', '56893dc6bc1c0c33259333f4ae1aefc7', 3, 0),
	('2900669', '326da0fc9c4593ae7f16c25776075aa4', 3, 0),
	('2900674', '121a9a91c5ef0dbd6e110688bc567afc', 3, 0),
	('2900688', '5b97481f33b7e50b0096cc32534b1df7', 3, 0),
	('2900705', 'a7fc4eb83bb457612c926b4580034f94', 3, 0),
	('2900706', '28aa0700e7369f40e478e3dddcbac94e', 3, 0),
	('2900713', '2425acfb1cbf66b76f14d180f23a57b3', 3, 0),
	('2900714', 'e3de7e35fd9d5f6e20bc19e2acb8227e', 3, 0),
	('2900718', '800a7665ed16803aa82f94f0385b767f', 3, 0),
	('2900722', 'b686fc0fa993260a7e65df74299241f9', 3, 0),
	('2900724', '73421c2e62655af18888abbd158df26c', 3, 0),
	('2900725', 'b1eea268a19f6c798410ec7ac3a67f4c', 3, 0),
	('2900727', '148fb6d4605e6b7672a7e8478a95d433', 3, 0),
	('2900729', 'b1eb38ac92fad14527024ac0923da880', 3, 0),
	('2900737', 'a83097f13b6315645fc7d9e26a8b569b', 3, 0),
	('2900738', '00f759ce28f274a4f3c46686840307bf', 3, 0),
	('2900740', '9501ba5ba515a6f8297d2ab65b136d1b', 3, 0),
	('2900748', '89a585ca5bd579cfcbc4488e8ccef8d1', 3, 0),
	('2900779', '9150eed6b8e345f60e3b59d97be2c301', 3, 0),
	('2900791', 'd86ff115daa6a008f5a2c6928f7ef53f', 3, 0),
	('2900795', '854eee0b24974467a8281575d1e33f06', 3, 0),
	('2900809', 'd98cbb557302211b660fd5f3fac7b77a', 3, 0),
	('2900814', '771aa9239d52c031979f61ddc621b06e', 3, 0),
	('2900823', 'e22bbb06edff1c35b5b79846772fad4d', 3, 0),
	('2900842', 'c346c5e22be9c00fbf412f24f2f245f6', 3, 0),
	('2900844', '7d99303b231242a312fa5a9e46820661', 3, 0),
	('2900845', '3bb114570a7b8200a152e9d185b8e2be', 3, 0),
	('2900846', '346fdc34553b5cd64952d3212d3e2b0f', 3, 0),
	('2900865', '024662568cd095a054248ddf3c7cd765', 3, 0),
	('2900869', 'c0315d17fc8957ec3e3a0656c5495e29', 3, 0),
	('2900871', 'e3a95011efb9cb97ef8c034ac8bdaae3', 3, 0),
	('2900886', '87e24186a1827eb39d8d72e31b27c499', 3, 0),
	('2900905', 'c30ef1537056021e07240d96765f7bc4', 3, 0),
	('2900911', 'f7ce09e56af149b182a7d63a55100d0e', 3, 0),
	('2900913', 'a55303a2c110587093e3b9e0f9da8a14', 3, 0),
	('2900937', 'feda34ff4f35191bbd58e01c21669d53', 3, 0),
	('2900938', '1fceb66741aa4a872b279b40f4c40035', 3, 0),
	('2900949', 'd159f4328f3ac29e1aa79ef64104e0f2', 3, 0),
	('2900954', '49f289e0d7e7fe547a4eaebe106c8a65', 3, 0),
	('2900959', '7ad4b69d7f81810d4f8e189d4258f427', 3, 0),
	('2900962', 'c8bc51fe2d58e60c568d94b43e045006', 3, 0),
	('2900967', '06f5ee437573a189c855f467865adade', 3, 0),
	('2900971', 'ef52e4b3ed27d4d32c5b7a89edb9d6af', 3, 0),
	('2900981', '3ad86914f0765a066ac11a85a0d810c9', 3, 0),
	('2901024', '33722b97785f3a1d99eb834c7ba072ba', 3, 0),
	('2901032', 'e888b0bcfb5bd239a60be0a0ffd537be', 3, 0),
	('2901040', '11a117247d608b04d19af4bb4e6f6155', 3, 0),
	('2901154', 'f680108d286ccb02af651717e7456397', 3, 0),
	('2901180', 'ec745499df3afdfb2bcc987f28497f36', 3, 0),
	('2901246', '052520224c18e2ff2004e7a65ac5413a', 3, 0),
	('2901250', '4c37d2d910c0653b7f37a445d1baeb13', 3, 0),
	('2901264', 'a04f0f28f5c4144e8d233a60e2cb0fc5', 3, 0),
	('2901265', '840680a9d2167a81b271955d135ebaa0', 3, 0),
	('2901286', 'b41f04941f78444731841e54fadcf0a5', 3, 0),
	('72', '81dc9bdb52d04dc20036dbd8313ed055', 2, 0),
	('98', '81dc9bdb52d04dc20036dbd8313ed055', 1, 0),
	('ALIMASAG', 'c67fa5fc73f30ae3de52d19580660269', 3, 0),
	('Amy', '705da23959fa17c5d11d7a53a6157a19', 2, 0),
	('Er', '222b57de868c251432f8cd2a3eb03fc6', 3, 0),
	('Freo', '88022ae61084d0c4b4b7d0083637bc3a', 3, 0),
	('funk', 'e8916f64d72922046b8f6b86f77a00ee', 3, 0),
	('Gai', '5c0fef07a6443acaeff66c59c431be1b', 3, 0),
	('Haku', '81dc9bdb52d04dc20036dbd8313ed055', 3, 0),
	('Hisagi', '7bf4a18725773e6ddeba5a9b12785908', 2, 0),
	('ishin', '2e464df95377f1cd1da3b7288b8d7e74', 3, 0),
	('Kakashi', '5fb4bfb831903a78ffa3760d371ea12f', 2, 0),
	('kisame', '2307d142798ac8ab7accc96fc0172a78', 3, 0),
	('Naruto', '2af787436ad25fee896f1b79fa1c417e', 3, 0),
	('remy', '27152949302e3bd0d681a6f0548912b9', 2, 0),
	('Roan', '691dc2500908912774495a6a259fed1e', 3, 0),
	('Rock', '4cfbb125e9878528bab91d12421134d8', 3, 0),
	('Squid', '0cc5a9c37a75a8dc3b3a55ca5e16be81', 1, 0),
	('yoroi', '50b91bc8a9d261591ab09e74f023ee41', 3, 0),
	('Yui', '38f1aa1cc316cc55c0f2cfcf8d01dd03', 3, 0),
	('Zen', 'e566cc5f20887adf2bad47f5389ba59a', 3, 0);
/*!40000 ALTER TABLE `tbl_users` ENABLE KEYS */;
/*!40014 SET FOREIGN_KEY_CHECKS=1 */;
/*!40101 SET CHARACTER_SET_CLIENT=@OLD_CHARACTER_SET_CLIENT */;
